2026-03-10 12:46:35 - AstroAgent - INFO - ✅ HTTP客户端已关闭
2026-03-10 12:49:10 - AstroAgent - INFO - ✅ 内置千问嵌入模型 text-embedding-v2 初始化成功
2026-03-10 12:49:10 - AstroAgent - INFO - ✅ 加载了 4 个已添加文档的哈希值
2026-03-10 12:49:10 - AstroAgent - INFO - === 开始初始化向量数据库 ===
2026-03-10 12:49:10 - AstroAgent - INFO - ✅ 向量数据库初始化成功，保存路径：./vector_db
2026-03-10 12:49:10 - AstroAgent - WARNING - ⚠️  文档 astromy.txt 已存在，跳过
2026-03-10 12:49:10 - AstroAgent - WARNING - ⚠️  文档 通俗天文学.txt 已存在，跳过
2026-03-10 12:49:11 - AstroAgent - WARNING - ⚠️  文档 BNA.pdf 已存在，跳过
2026-03-10 12:49:11 - AstroAgent - WARNING - ⚠️  未加载到任何有效文档
2026-03-10 12:49:11 - AstroAgent - INFO - ✅ 保存了 4 个文档哈希值到 ./vector_db/document_hashes.txt
2026-03-10 12:49:11 - AstroAgent - INFO - ✅ 语言模型 qwen-max 初始化成功
2026-03-10 12:49:11 - AstroAgent - INFO - 正在建立SSE连接...
2026-03-10 12:49:11 - AstroAgent - INFO - ✅ 获取到session ID: f6a8371603c84621be0bd27c52e81fa1
2026-03-10 12:49:11 - AstroAgent - INFO - 发送初始化请求...
2026-03-10 12:49:11 - AstroAgent - DEBUG - 初始化成功，服务器信息: {'name': 'Astronomy Server', 'version': '3.1.0'}
2026-03-10 12:49:11 - AstroAgent - INFO - 发送initialized通知...
2026-03-10 12:49:11 - AstroAgent - INFO - 获取工具列表...
2026-03-10 12:49:11 - AstroAgent - INFO - ✅ 从服务器获取到 11 个工具
2026-03-10 12:49:11 - AstroAgent - INFO - ✅ MCP会话初始化成功，会话ID: f6a8371603c84621be0bd27c52e81fa1
2026-03-10 12:49:11 - AstroAgent - INFO - ✅ 成功注册 12 个天文工具
2026-03-10 12:49:11 - AstroAgent - INFO - ✅ 成功从外部文件读取prompt模板
2026-03-10 12:49:11 - AstroAgent - INFO - ✅ React Agent构建完成
2026-03-10 12:49:11 - AstroAgent - INFO - ✅ AstroAgent初始化完成，使用HTTP方式调用MCP服务器工具（完整会话管理）
2026-03-10 12:49:13 - AstroAgent - INFO - ✅ 内置千问嵌入模型 text-embedding-v2 初始化成功
2026-03-10 12:49:13 - AstroAgent - INFO - ✅ 加载了 4 个已添加文档的哈希值
2026-03-10 12:49:13 - AstroAgent - INFO - === 开始初始化向量数据库 ===
2026-03-10 12:49:13 - AstroAgent - INFO - ✅ 向量数据库初始化成功，保存路径：./vector_db
2026-03-10 12:49:13 - AstroAgent - WARNING - ⚠️  文档 astromy.txt 已存在，跳过
2026-03-10 12:49:13 - AstroAgent - WARNING - ⚠️  文档 通俗天文学.txt 已存在，跳过
2026-03-10 12:49:14 - AstroAgent - WARNING - ⚠️  文档 BNA.pdf 已存在，跳过
2026-03-10 12:49:14 - AstroAgent - WARNING - ⚠️  未加载到任何有效文档
2026-03-10 12:49:14 - AstroAgent - INFO - ✅ 保存了 4 个文档哈希值到 ./vector_db/document_hashes.txt
2026-03-10 12:49:14 - AstroAgent - INFO - ✅ 语言模型 qwen-max 初始化成功
2026-03-10 12:49:15 - AstroAgent - INFO - 正在建立SSE连接...
2026-03-10 12:49:15 - AstroAgent - INFO - ✅ 获取到session ID: 23fa36e8f44a46f1983d55743a001938
2026-03-10 12:49:15 - AstroAgent - INFO - 发送初始化请求...
2026-03-10 12:49:15 - AstroAgent - DEBUG - 初始化成功，服务器信息: {'name': 'Astronomy Server', 'version': '3.1.0'}
2026-03-10 12:49:15 - AstroAgent - INFO - 发送initialized通知...
2026-03-10 12:49:15 - AstroAgent - INFO - 获取工具列表...
2026-03-10 12:49:15 - AstroAgent - INFO - ✅ 从服务器获取到 11 个工具
2026-03-10 12:49:15 - AstroAgent - INFO - ✅ MCP会话初始化成功，会话ID: 23fa36e8f44a46f1983d55743a001938
2026-03-10 12:49:15 - AstroAgent - INFO - ✅ 成功注册 12 个天文工具
2026-03-10 12:49:15 - AstroAgent - INFO - ✅ 成功从外部文件读取prompt模板
2026-03-10 12:49:15 - AstroAgent - INFO - ✅ React Agent构建完成
2026-03-10 12:49:15 - AstroAgent - INFO - ✅ AstroAgent初始化完成，使用HTTP方式调用MCP服务器工具（完整会话管理）
2026-03-10 12:49:15 - AstroAgent - INFO - ✅ 内置千问嵌入模型 text-embedding-v2 初始化成功
2026-03-10 12:49:15 - AstroAgent - INFO - ✅ 加载了 4 个已添加文档的哈希值
2026-03-10 12:49:15 - AstroAgent - INFO - === 开始初始化向量数据库 ===
2026-03-10 12:49:15 - AstroAgent - INFO - ✅ 向量数据库初始化成功，保存路径：./vector_db
2026-03-10 12:49:15 - AstroAgent - WARNING - ⚠️  文档 astromy.txt 已存在，跳过
2026-03-10 12:49:15 - AstroAgent - WARNING - ⚠️  文档 通俗天文学.txt 已存在，跳过
2026-03-10 12:49:16 - AstroAgent - WARNING - ⚠️  文档 BNA.pdf 已存在，跳过
2026-03-10 12:49:16 - AstroAgent - WARNING - ⚠️  未加载到任何有效文档
2026-03-10 12:49:16 - AstroAgent - INFO - ✅ 保存了 4 个文档哈希值到 ./vector_db/document_hashes.txt
2026-03-10 12:49:16 - AstroAgent - INFO - ✅ 语言模型 qwen-max 初始化成功
2026-03-10 12:49:16 - AstroAgent - INFO - 正在建立SSE连接...
2026-03-10 12:49:16 - AstroAgent - INFO - ✅ 获取到session ID: 05c26da8638040fd86499087d420624f
2026-03-10 12:49:16 - AstroAgent - INFO - 发送初始化请求...
2026-03-10 12:49:16 - AstroAgent - DEBUG - 初始化成功，服务器信息: {'name': 'Astronomy Server', 'version': '3.1.0'}
2026-03-10 12:49:16 - AstroAgent - INFO - 发送initialized通知...
2026-03-10 12:49:16 - AstroAgent - INFO - 获取工具列表...
2026-03-10 12:49:16 - AstroAgent - INFO - ✅ 从服务器获取到 11 个工具
2026-03-10 12:49:16 - AstroAgent - INFO - ✅ MCP会话初始化成功，会话ID: 05c26da8638040fd86499087d420624f
2026-03-10 12:49:16 - AstroAgent - INFO - ✅ 成功注册 12 个天文工具
2026-03-10 12:49:16 - AstroAgent - INFO - ✅ 成功从外部文件读取prompt模板
2026-03-10 12:49:16 - AstroAgent - INFO - ✅ React Agent构建完成
2026-03-10 12:49:16 - AstroAgent - INFO - ✅ AstroAgent初始化完成，使用HTTP方式调用MCP服务器工具（完整会话管理）
2026-03-10 12:50:18 - AstroAgent - INFO - ✅ HTTP客户端已关闭
2026-03-10 12:52:37 - AstroAgent - INFO - ✅ 内置千问嵌入模型 text-embedding-v2 初始化成功
2026-03-10 12:52:37 - AstroAgent - INFO - ✅ 加载了 4 个已添加文档的哈希值
2026-03-10 12:52:37 - AstroAgent - INFO - === 开始初始化向量数据库 ===
2026-03-10 12:52:37 - AstroAgent - INFO - ✅ 向量数据库初始化成功，保存路径：./vector_db
2026-03-10 12:52:37 - AstroAgent - WARNING - ⚠️  文档 astromy.txt 已存在，跳过
2026-03-10 12:52:37 - AstroAgent - WARNING - ⚠️  文档 通俗天文学.txt 已存在，跳过
2026-03-10 12:52:38 - AstroAgent - WARNING - ⚠️  文档 BNA.pdf 已存在，跳过
2026-03-10 12:52:38 - AstroAgent - WARNING - ⚠️  未加载到任何有效文档
2026-03-10 12:52:38 - AstroAgent - INFO - ✅ 保存了 4 个文档哈希值到 ./vector_db/document_hashes.txt
2026-03-10 12:52:38 - AstroAgent - INFO - ✅ 语言模型 qwen-max 初始化成功
2026-03-10 12:52:38 - AstroAgent - INFO - 正在建立SSE连接...
2026-03-10 12:52:38 - AstroAgent - INFO - ✅ 获取到session ID: 76f64c1180f84a9ab007435beb75b0a2
2026-03-10 12:52:38 - AstroAgent - INFO - 发送初始化请求...
2026-03-10 12:52:38 - AstroAgent - DEBUG - 初始化成功，服务器信息: {'name': 'Astronomy Server', 'version': '3.1.0'}
2026-03-10 12:52:38 - AstroAgent - INFO - 发送initialized通知...
2026-03-10 12:52:38 - AstroAgent - INFO - 获取工具列表...
2026-03-10 12:52:38 - AstroAgent - INFO - ✅ 从服务器获取到 11 个工具
2026-03-10 12:52:38 - AstroAgent - INFO - ✅ MCP会话初始化成功，会话ID: 76f64c1180f84a9ab007435beb75b0a2
2026-03-10 12:52:38 - AstroAgent - INFO - ✅ 成功注册 12 个天文工具
2026-03-10 12:52:38 - AstroAgent - INFO - ✅ 成功从外部文件读取prompt模板
2026-03-10 12:52:38 - AstroAgent - INFO - ✅ React Agent构建完成
2026-03-10 12:52:38 - AstroAgent - INFO - ✅ AstroAgent初始化完成，使用HTTP方式调用MCP服务器工具（完整会话管理）
2026-03-10 12:52:40 - AstroAgent - INFO - ✅ 内置千问嵌入模型 text-embedding-v2 初始化成功
2026-03-10 12:52:40 - AstroAgent - INFO - ✅ 加载了 4 个已添加文档的哈希值
2026-03-10 12:52:40 - AstroAgent - INFO - === 开始初始化向量数据库 ===
2026-03-10 12:52:40 - AstroAgent - INFO - ✅ 向量数据库初始化成功，保存路径：./vector_db
2026-03-10 12:52:40 - AstroAgent - WARNING - ⚠️  文档 astromy.txt 已存在，跳过
2026-03-10 12:52:40 - AstroAgent - WARNING - ⚠️  文档 通俗天文学.txt 已存在，跳过
2026-03-10 12:52:41 - AstroAgent - WARNING - ⚠️  文档 BNA.pdf 已存在，跳过
2026-03-10 12:52:41 - AstroAgent - WARNING - ⚠️  未加载到任何有效文档
2026-03-10 12:52:41 - AstroAgent - INFO - ✅ 保存了 4 个文档哈希值到 ./vector_db/document_hashes.txt
2026-03-10 12:52:41 - AstroAgent - INFO - ✅ 语言模型 qwen-max 初始化成功
2026-03-10 12:52:41 - AstroAgent - INFO - 正在建立SSE连接...
2026-03-10 12:52:41 - AstroAgent - INFO - ✅ 获取到session ID: 02b128e39d354de39555c0a75c598ac9
2026-03-10 12:52:41 - AstroAgent - INFO - 发送初始化请求...
2026-03-10 12:52:41 - AstroAgent - DEBUG - 初始化成功，服务器信息: {'name': 'Astronomy Server', 'version': '3.1.0'}
2026-03-10 12:52:41 - AstroAgent - INFO - 发送initialized通知...
2026-03-10 12:52:41 - AstroAgent - INFO - 获取工具列表...
2026-03-10 12:52:41 - AstroAgent - INFO - ✅ 从服务器获取到 11 个工具
2026-03-10 12:52:41 - AstroAgent - INFO - ✅ MCP会话初始化成功，会话ID: 02b128e39d354de39555c0a75c598ac9
2026-03-10 12:52:41 - AstroAgent - INFO - ✅ 成功注册 12 个天文工具
2026-03-10 12:52:41 - AstroAgent - INFO - ✅ 成功从外部文件读取prompt模板
2026-03-10 12:52:41 - AstroAgent - INFO - ✅ React Agent构建完成
2026-03-10 12:52:41 - AstroAgent - INFO - ✅ AstroAgent初始化完成，使用HTTP方式调用MCP服务器工具（完整会话管理）
2026-03-10 12:52:41 - AstroAgent - INFO - ✅ 内置千问嵌入模型 text-embedding-v2 初始化成功
2026-03-10 12:52:41 - AstroAgent - INFO - ✅ 加载了 4 个已添加文档的哈希值
2026-03-10 12:52:41 - AstroAgent - INFO - === 开始初始化向量数据库 ===
2026-03-10 12:52:41 - AstroAgent - INFO - ✅ 向量数据库初始化成功，保存路径：./vector_db
2026-03-10 12:52:41 - AstroAgent - WARNING - ⚠️  文档 astromy.txt 已存在，跳过
2026-03-10 12:52:41 - AstroAgent - WARNING - ⚠️  文档 通俗天文学.txt 已存在，跳过
2026-03-10 12:52:43 - AstroAgent - WARNING - ⚠️  文档 BNA.pdf 已存在，跳过
2026-03-10 12:52:43 - AstroAgent - WARNING - ⚠️  未加载到任何有效文档
2026-03-10 12:52:43 - AstroAgent - INFO - ✅ 保存了 4 个文档哈希值到 ./vector_db/document_hashes.txt
2026-03-10 12:52:43 - AstroAgent - INFO - ✅ 语言模型 qwen-max 初始化成功
2026-03-10 12:52:43 - AstroAgent - INFO - 正在建立SSE连接...
2026-03-10 12:52:43 - AstroAgent - INFO - ✅ 获取到session ID: e5af6e2770104d72b02abdfa3ebf9168
2026-03-10 12:52:43 - AstroAgent - INFO - 发送初始化请求...
2026-03-10 12:52:43 - AstroAgent - DEBUG - 初始化成功，服务器信息: {'name': 'Astronomy Server', 'version': '3.1.0'}
2026-03-10 12:52:43 - AstroAgent - INFO - 发送initialized通知...
2026-03-10 12:52:43 - AstroAgent - INFO - 获取工具列表...
2026-03-10 12:52:43 - AstroAgent - INFO - ✅ 从服务器获取到 11 个工具
2026-03-10 12:52:43 - AstroAgent - INFO - ✅ MCP会话初始化成功，会话ID: e5af6e2770104d72b02abdfa3ebf9168
2026-03-10 12:52:43 - AstroAgent - INFO - ✅ 成功注册 12 个天文工具
2026-03-10 12:52:43 - AstroAgent - INFO - ✅ 成功从外部文件读取prompt模板
2026-03-10 12:52:43 - AstroAgent - INFO - ✅ React Agent构建完成
2026-03-10 12:52:43 - AstroAgent - INFO - ✅ AstroAgent初始化完成，使用HTTP方式调用MCP服务器工具（完整会话管理）
2026-03-10 12:54:04 - AstroAgent - INFO - [4aa845b5] 开始处理流式查询：请给我一份今晚的观测指南，并尽量使用工具获取天象信息。
2026-03-10 12:54:08 - AstroAgent - INFO - {"type": "tool_start", "request_id": "4aa845b5", "run_id": "019cd618-63d7-7e61-804a-025e7df2499c", "tool_name": null, "input": "None"}
2026-03-10 12:54:08 - AstroAgent - DEBUG - 调用工具 get_tonight_best，处理后的参数: {}
2026-03-10 12:54:08 - AstroAgent - DEBUG - 工具响应: {"jsonrpc": "2.0", "id": 1773118448600, "result": {"content": [{"type": "text", "text": "🌙 **今晚（2026-03-10）观测指南**\n\n【月相】🌗 下弦月\n  后半夜可见\n\n【可见行星】今晚无明显可见行星\n\n【时间信息】\n  • 日落：10:15\n  • 日出：22:32\n"}], "
2026-03-10 12:54:08 - AstroAgent - INFO - {"type": "tool_end", "request_id": "4aa845b5", "run_id": "019cd618-63d7-7e61-804a-025e7df2499c", "tool_name": null, "duration_sec": 0.04092216491699219, "output_preview": "🌙 **今晚（2026-03-10）观测指南**\n\n【月相】🌗 下弦月\n  后半夜可见\n\n【可见行星】今晚无明显可见行星\n\n【时间信息】\n  • 日落：10:15\n  • 日出：22:32\n"}
2026-03-10 12:54:12 - AstroAgent - INFO - {"type": "tool_start", "request_id": "4aa845b5", "run_id": "019cd618-71b2-7a73-b121-33b16d02e261", "tool_name": null, "input": "None"}
2026-03-10 12:54:12 - AstroAgent - DEBUG - 调用工具 get_weekly_events，处理后的参数: {'start_date': '{}'}
2026-03-10 12:54:12 - AstroAgent - DEBUG - 工具响应: {"jsonrpc": "2.0", "id": 1773118452148, "result": {"content": [{"type": "text", "text": "🌌 **2026-03-10 至 2026-03-16 一周天象预报**\n\n本周没有特殊天象。\n但你可以关注日常可见的行星和月相变化。\n\n🌙 **本周月相变化**\n• 2026-03-10: 🌗 下弦月\n• 
2026-03-10 12:54:12 - AstroAgent - INFO - {"type": "tool_end", "request_id": "4aa845b5", "run_id": "019cd618-71b2-7a73-b121-33b16d02e261", "tool_name": null, "duration_sec": 0.030762910842895508, "output_preview": "🌌 **2026-03-10 至 2026-03-16 一周天象预报**\n\n本周没有特殊天象。\n但你可以关注日常可见的行星和月相变化。\n\n🌙 **本周月相变化**\n• 2026-03-10: 🌗 下弦月\n• 2026-03-11: 🌗 下弦月\n• 2026-03-12: 🌗 下弦月\n• 2026-03-13: 🌗 下弦月\n• 2026-03-14: 🌘 残月\n• 2026-03-15: 🌘 残月\n"}
2026-03-10 12:54:21 - AstroAgent - INFO - [4aa845b5] ✅ 流式对话完成，响应长度：598 字符
2026-03-10 13:02:14 - AstroAgent - INFO - ✅ 内置千问嵌入模型 text-embedding-v2 初始化成功
2026-03-10 13:02:14 - AstroAgent - INFO - ✅ 加载了 4 个已添加文档的哈希值
2026-03-10 13:02:14 - AstroAgent - INFO - === 开始初始化向量数据库 ===
2026-03-10 13:02:14 - AstroAgent - INFO - ✅ 向量数据库初始化成功，保存路径：./vector_db
2026-03-10 13:02:14 - AstroAgent - WARNING - ⚠️  文档 astromy.txt 已存在，跳过
2026-03-10 13:02:14 - AstroAgent - WARNING - ⚠️  文档 通俗天文学.txt 已存在，跳过
2026-03-10 13:02:15 - AstroAgent - WARNING - ⚠️  文档 BNA.pdf 已存在，跳过
2026-03-10 13:02:15 - AstroAgent - WARNING - ⚠️  未加载到任何有效文档
2026-03-10 13:02:15 - AstroAgent - INFO - ✅ 保存了 4 个文档哈希值到 ./vector_db/document_hashes.txt
2026-03-10 13:02:15 - AstroAgent - INFO - ✅ 语言模型 qwen-max 初始化成功
2026-03-10 13:02:15 - AstroAgent - INFO - 正在建立SSE连接...
2026-03-10 13:02:15 - AstroAgent - INFO - ✅ 获取到session ID: 7b40b57a0823468b89b376b0bbb91a15
2026-03-10 13:02:15 - AstroAgent - INFO - 发送初始化请求...
2026-03-10 13:02:15 - AstroAgent - DEBUG - 初始化成功，服务器信息: {'name': 'Astronomy Server', 'version': '3.1.0'}
2026-03-10 13:02:15 - AstroAgent - INFO - 发送initialized通知...
2026-03-10 13:02:15 - AstroAgent - INFO - 获取工具列表...
2026-03-10 13:02:15 - AstroAgent - INFO - ✅ 从服务器获取到 11 个工具
2026-03-10 13:02:15 - AstroAgent - INFO - ✅ MCP会话初始化成功，会话ID: 7b40b57a0823468b89b376b0bbb91a15
2026-03-10 13:02:15 - AstroAgent - INFO - ✅ 成功注册 12 个天文工具
2026-03-10 13:02:15 - AstroAgent - INFO - ✅ 成功从外部文件读取prompt模板
2026-03-10 13:02:15 - AstroAgent - INFO - ✅ React Agent构建完成
2026-03-10 13:02:15 - AstroAgent - INFO - ✅ AstroAgent初始化完成，使用HTTP方式调用MCP服务器工具（完整会话管理）
2026-03-10 13:02:24 - AstroAgent - INFO - ✅ HTTP客户端已关闭
2026-03-10 13:04:20 - AstroAgent - INFO - ✅ 内置千问嵌入模型 text-embedding-v2 初始化成功
2026-03-10 13:04:20 - AstroAgent - INFO - ✅ 加载了 4 个已添加文档的哈希值
2026-03-10 13:04:20 - AstroAgent - INFO - === 开始初始化向量数据库 ===
2026-03-10 13:04:20 - AstroAgent - INFO - ✅ 向量数据库初始化成功，保存路径：./vector_db
2026-03-10 13:04:20 - AstroAgent - WARNING - ⚠️  文档 astromy.txt 已存在，跳过
2026-03-10 13:04:20 - AstroAgent - WARNING - ⚠️  文档 通俗天文学.txt 已存在，跳过
2026-03-10 13:04:21 - AstroAgent - WARNING - ⚠️  文档 BNA.pdf 已存在，跳过
2026-03-10 13:04:21 - AstroAgent - WARNING - ⚠️  未加载到任何有效文档
2026-03-10 13:04:21 - AstroAgent - INFO - ✅ 保存了 4 个文档哈希值到 ./vector_db/document_hashes.txt
2026-03-10 13:04:21 - AstroAgent - INFO - ✅ 语言模型 qwen-max 初始化成功
2026-03-10 13:04:21 - AstroAgent - INFO - 正在建立SSE连接...
2026-03-10 13:04:21 - AstroAgent - INFO - ✅ 获取到session ID: 809d3abf0571465cb74923f3a0fc3dfe
2026-03-10 13:04:21 - AstroAgent - INFO - 发送初始化请求...
2026-03-10 13:04:21 - AstroAgent - DEBUG - 初始化成功，服务器信息: {'name': 'Astronomy Server', 'version': '3.1.0'}
2026-03-10 13:04:21 - AstroAgent - INFO - 发送initialized通知...
2026-03-10 13:04:21 - AstroAgent - INFO - 获取工具列表...
2026-03-10 13:04:21 - AstroAgent - INFO - ✅ 从服务器获取到 11 个工具
2026-03-10 13:04:21 - AstroAgent - INFO - ✅ MCP会话初始化成功，会话ID: 809d3abf0571465cb74923f3a0fc3dfe
2026-03-10 13:04:21 - AstroAgent - INFO - ✅ 成功注册 12 个天文工具
2026-03-10 13:04:21 - AstroAgent - INFO - ✅ 成功从外部文件读取prompt模板
2026-03-10 13:04:21 - AstroAgent - INFO - ✅ React Agent构建完成
2026-03-10 13:04:21 - AstroAgent - INFO - ✅ AstroAgent初始化完成，使用HTTP方式调用MCP服务器工具（完整会话管理）
2026-03-10 13:04:21 - AstroAgent - INFO - ✅ 内置千问嵌入模型 text-embedding-v2 初始化成功
2026-03-10 13:04:21 - AstroAgent - INFO - ✅ 加载了 4 个已添加文档的哈希值
2026-03-10 13:04:21 - AstroAgent - INFO - === 开始初始化向量数据库 ===
2026-03-10 13:04:21 - AstroAgent - INFO - ✅ 向量数据库初始化成功，保存路径：./vector_db
2026-03-10 13:04:21 - AstroAgent - WARNING - ⚠️  文档 astromy.txt 已存在，跳过
2026-03-10 13:04:21 - AstroAgent - WARNING - ⚠️  文档 通俗天文学.txt 已存在，跳过
2026-03-10 13:04:22 - AstroAgent - WARNING - ⚠️  文档 BNA.pdf 已存在，跳过
2026-03-10 13:04:22 - AstroAgent - WARNING - ⚠️  未加载到任何有效文档
2026-03-10 13:04:22 - AstroAgent - INFO - ✅ 保存了 4 个文档哈希值到 ./vector_db/document_hashes.txt
2026-03-10 13:04:22 - AstroAgent - INFO - ✅ 语言模型 qwen-max 初始化成功
2026-03-10 13:04:22 - AstroAgent - INFO - 正在建立SSE连接...
2026-03-10 13:04:22 - AstroAgent - INFO - ✅ 获取到session ID: 66df4df627fc446ab0dfd96ce9e90991
2026-03-10 13:04:22 - AstroAgent - INFO - 发送初始化请求...
2026-03-10 13:04:22 - AstroAgent - DEBUG - 初始化成功，服务器信息: {'name': 'Astronomy Server', 'version': '3.1.0'}
2026-03-10 13:04:22 - AstroAgent - INFO - 发送initialized通知...
2026-03-10 13:04:22 - AstroAgent - INFO - 获取工具列表...
2026-03-10 13:04:22 - AstroAgent - INFO - ✅ 从服务器获取到 11 个工具
2026-03-10 13:04:22 - AstroAgent - INFO - ✅ MCP会话初始化成功，会话ID: 66df4df627fc446ab0dfd96ce9e90991
2026-03-10 13:04:22 - AstroAgent - INFO - ✅ 成功注册 12 个天文工具
2026-03-10 13:04:22 - AstroAgent - INFO - ✅ 成功从外部文件读取prompt模板
2026-03-10 13:04:22 - AstroAgent - INFO - ✅ React Agent构建完成
2026-03-10 13:04:22 - AstroAgent - INFO - ✅ AstroAgent初始化完成，使用HTTP方式调用MCP服务器工具（完整会话管理）
2026-03-10 13:05:54 - AstroAgent - INFO - ✅ 内置千问嵌入模型 text-embedding-v2 初始化成功
2026-03-10 13:05:54 - AstroAgent - INFO - ✅ 加载了 4 个已添加文档的哈希值
2026-03-10 13:05:54 - AstroAgent - INFO - === 开始初始化向量数据库 ===
2026-03-10 13:05:55 - AstroAgent - INFO - ✅ 向量数据库初始化成功，保存路径：./vector_db
2026-03-10 13:05:55 - AstroAgent - WARNING - ⚠️  文档 astromy.txt 已存在，跳过
2026-03-10 13:05:55 - AstroAgent - WARNING - ⚠️  文档 通俗天文学.txt 已存在，跳过
2026-03-10 13:05:56 - AstroAgent - WARNING - ⚠️  文档 BNA.pdf 已存在，跳过
2026-03-10 13:05:56 - AstroAgent - WARNING - ⚠️  未加载到任何有效文档
2026-03-10 13:05:56 - AstroAgent - INFO - ✅ 保存了 4 个文档哈希值到 ./vector_db/document_hashes.txt
2026-03-10 13:05:56 - AstroAgent - INFO - ✅ 语言模型 qwen-max 初始化成功
2026-03-10 13:05:56 - AstroAgent - INFO - 正在建立SSE连接...
2026-03-10 13:05:56 - AstroAgent - INFO - ✅ 获取到session ID: a402014d855442068f32ecc66ab0820e
2026-03-10 13:05:56 - AstroAgent - INFO - 发送初始化请求...
2026-03-10 13:05:56 - AstroAgent - DEBUG - 初始化成功，服务器信息: {'name': 'Astronomy Server', 'version': '3.1.0'}
2026-03-10 13:05:56 - AstroAgent - INFO - 发送initialized通知...
2026-03-10 13:05:56 - AstroAgent - INFO - 获取工具列表...
2026-03-10 13:05:56 - AstroAgent - INFO - ✅ 从服务器获取到 11 个工具
2026-03-10 13:05:56 - AstroAgent - INFO - ✅ MCP会话初始化成功，会话ID: a402014d855442068f32ecc66ab0820e
2026-03-10 13:05:56 - AstroAgent - INFO - ✅ 成功注册 12 个天文工具
2026-03-10 13:05:56 - AstroAgent - INFO - ✅ 成功从外部文件读取prompt模板
2026-03-10 13:05:56 - AstroAgent - INFO - ✅ React Agent构建完成
2026-03-10 13:05:56 - AstroAgent - INFO - ✅ AstroAgent初始化完成，使用HTTP方式调用MCP服务器工具（完整会话管理）
2026-03-10 13:05:56 - AstroAgent - INFO - ✅ 内置千问嵌入模型 text-embedding-v2 初始化成功
2026-03-10 13:05:56 - AstroAgent - INFO - ✅ 加载了 4 个已添加文档的哈希值
2026-03-10 13:05:56 - AstroAgent - INFO - === 开始初始化向量数据库 ===
2026-03-10 13:05:56 - AstroAgent - INFO - ✅ 向量数据库初始化成功，保存路径：./vector_db
2026-03-10 13:05:56 - AstroAgent - WARNING - ⚠️  文档 astromy.txt 已存在，跳过
2026-03-10 13:05:56 - AstroAgent - WARNING - ⚠️  文档 通俗天文学.txt 已存在，跳过
2026-03-10 13:05:57 - AstroAgent - WARNING - ⚠️  文档 BNA.pdf 已存在，跳过
2026-03-10 13:05:57 - AstroAgent - WARNING - ⚠️  未加载到任何有效文档
2026-03-10 13:05:57 - AstroAgent - INFO - ✅ 保存了 4 个文档哈希值到 ./vector_db/document_hashes.txt
2026-03-10 13:05:57 - AstroAgent - INFO - ✅ 语言模型 qwen-max 初始化成功
2026-03-10 13:05:57 - AstroAgent - INFO - 正在建立SSE连接...
2026-03-10 13:05:57 - AstroAgent - INFO - ✅ 获取到session ID: c7b37813094d48ef9867834ffe3064ed
2026-03-10 13:05:57 - AstroAgent - INFO - 发送初始化请求...
2026-03-10 13:05:57 - AstroAgent - DEBUG - 初始化成功，服务器信息: {'name': 'Astronomy Server', 'version': '3.1.0'}
2026-03-10 13:05:57 - AstroAgent - INFO - 发送initialized通知...
2026-03-10 13:05:57 - AstroAgent - INFO - 获取工具列表...
2026-03-10 13:05:57 - AstroAgent - INFO - ✅ 从服务器获取到 11 个工具
2026-03-10 13:05:57 - AstroAgent - INFO - ✅ MCP会话初始化成功，会话ID: c7b37813094d48ef9867834ffe3064ed
2026-03-10 13:05:57 - AstroAgent - INFO - ✅ 成功注册 12 个天文工具
2026-03-10 13:05:57 - AstroAgent - INFO - ✅ 成功从外部文件读取prompt模板
2026-03-10 13:05:57 - AstroAgent - INFO - ✅ React Agent构建完成
2026-03-10 13:05:57 - AstroAgent - INFO - ✅ AstroAgent初始化完成，使用HTTP方式调用MCP服务器工具（完整会话管理）
2026-03-10 13:33:20 - AstroAgent - INFO - ✅ 内置千问嵌入模型 text-embedding-v2 初始化成功
2026-03-10 13:33:20 - AstroAgent - INFO - ✅ 加载了 4 个已添加文档的哈希值
2026-03-10 13:33:20 - AstroAgent - INFO - === 开始初始化向量数据库 ===
2026-03-10 13:33:20 - AstroAgent - INFO - ✅ 向量数据库初始化成功，保存路径：./vector_db
2026-03-10 13:33:20 - AstroAgent - WARNING - ⚠️  不支持的文件类型：seasons_sky_guide_complete.py，跳过
2026-03-10 13:33:20 - AstroAgent - WARNING - ⚠️  文档 astromy.txt 已存在，跳过
2026-03-10 13:33:20 - AstroAgent - WARNING - ⚠️  文档 通俗天文学.txt 已存在，跳过
2026-03-10 13:33:20 - AstroAgent - WARNING - ⚠️  不支持的文件类型：messier_catlog.json，跳过
2026-03-10 13:33:21 - AstroAgent - WARNING - ⚠️  文档 BNA.pdf 已存在，跳过
2026-03-10 13:33:21 - AstroAgent - WARNING - ⚠️  未加载到任何有效文档
2026-03-10 13:33:21 - AstroAgent - INFO - ✅ 保存了 4 个文档哈希值到 ./vector_db/document_hashes.txt
2026-03-10 13:33:21 - AstroAgent - INFO - ✅ 语言模型 qwen-max 初始化成功
2026-03-10 13:33:21 - AstroAgent - INFO - 正在建立SSE连接...
2026-03-10 13:33:21 - AstroAgent - INFO - ✅ 获取到session ID: 673ddeadd68c482da471d172639311d6
2026-03-10 13:33:21 - AstroAgent - INFO - 发送初始化请求...
2026-03-10 13:33:21 - AstroAgent - DEBUG - 初始化成功，服务器信息: {'name': 'Astronomy Server', 'version': '3.1.0'}
2026-03-10 13:33:21 - AstroAgent - INFO - 发送initialized通知...
2026-03-10 13:33:21 - AstroAgent - INFO - 获取工具列表...
2026-03-10 13:33:21 - AstroAgent - INFO - ✅ 从服务器获取到 11 个工具
2026-03-10 13:33:21 - AstroAgent - INFO - ✅ MCP会话初始化成功，会话ID: 673ddeadd68c482da471d172639311d6
2026-03-10 13:33:21 - AstroAgent - INFO - ✅ 成功注册 12 个天文工具
2026-03-10 13:33:21 - AstroAgent - INFO - ✅ 成功从外部文件读取prompt模板
2026-03-10 13:33:21 - AstroAgent - INFO - ✅ React Agent构建完成
2026-03-10 13:33:21 - AstroAgent - INFO - ✅ AstroAgent初始化完成，使用HTTP方式调用MCP服务器工具（完整会话管理）
2026-03-10 13:33:21 - AstroAgent - INFO - ✅ 内置千问嵌入模型 text-embedding-v2 初始化成功
2026-03-10 13:33:21 - AstroAgent - INFO - ✅ 加载了 4 个已添加文档的哈希值
2026-03-10 13:33:21 - AstroAgent - INFO - === 开始初始化向量数据库 ===
2026-03-10 13:33:21 - AstroAgent - INFO - ✅ 向量数据库初始化成功，保存路径：./vector_db
2026-03-10 13:33:21 - AstroAgent - WARNING - ⚠️  不支持的文件类型：seasons_sky_guide_complete.py，跳过
2026-03-10 13:33:21 - AstroAgent - WARNING - ⚠️  文档 astromy.txt 已存在，跳过
2026-03-10 13:33:21 - AstroAgent - WARNING - ⚠️  文档 通俗天文学.txt 已存在，跳过
2026-03-10 13:33:21 - AstroAgent - WARNING - ⚠️  不支持的文件类型：messier_catlog.json，跳过
2026-03-10 13:33:22 - AstroAgent - WARNING - ⚠️  文档 BNA.pdf 已存在，跳过
2026-03-10 13:33:22 - AstroAgent - WARNING - ⚠️  未加载到任何有效文档
2026-03-10 13:33:22 - AstroAgent - INFO - ✅ 保存了 4 个文档哈希值到 ./vector_db/document_hashes.txt
2026-03-10 13:33:22 - AstroAgent - INFO - ✅ 语言模型 qwen-max 初始化成功
2026-03-10 13:33:22 - AstroAgent - INFO - 正在建立SSE连接...
2026-03-10 13:33:22 - AstroAgent - INFO - ✅ 获取到session ID: 700f77de383a47458537e98a2454d82e
2026-03-10 13:33:22 - AstroAgent - INFO - 发送初始化请求...
2026-03-10 13:33:22 - AstroAgent - DEBUG - 初始化成功，服务器信息: {'name': 'Astronomy Server', 'version': '3.1.0'}
2026-03-10 13:33:22 - AstroAgent - INFO - 发送initialized通知...
2026-03-10 13:33:22 - AstroAgent - INFO - 获取工具列表...
2026-03-10 13:33:22 - AstroAgent - INFO - ✅ 从服务器获取到 11 个工具
2026-03-10 13:33:22 - AstroAgent - INFO - ✅ MCP会话初始化成功，会话ID: 700f77de383a47458537e98a2454d82e
2026-03-10 13:33:22 - AstroAgent - INFO - ✅ 成功注册 12 个天文工具
2026-03-10 13:33:22 - AstroAgent - INFO - ✅ 成功从外部文件读取prompt模板
2026-03-10 13:33:22 - AstroAgent - INFO - ✅ React Agent构建完成
2026-03-10 13:33:22 - AstroAgent - INFO - ✅ AstroAgent初始化完成，使用HTTP方式调用MCP服务器工具（完整会话管理）
2026-03-10 13:47:10 - AstroAgent - INFO - ✅ 内置千问嵌入模型 text-embedding-v2 初始化成功
2026-03-10 13:47:10 - AstroAgent - INFO - ✅ 加载了 4 个已添加文档的哈希值
2026-03-10 13:47:10 - AstroAgent - INFO - === 开始初始化向量数据库 ===
2026-03-10 13:47:11 - AstroAgent - INFO - ✅ 向量数据库初始化成功，保存路径：./vector_db
2026-03-10 13:47:11 - AstroAgent - WARNING - ⚠️  文档 astromy.txt 已存在，跳过
2026-03-10 13:47:11 - AstroAgent - WARNING - ⚠️  文档 通俗天文学.txt 已存在，跳过
2026-03-10 13:47:11 - AstroAgent - WARNING - ⚠️  不支持的文件类型：messier_catlog.json，跳过
2026-03-10 13:47:11 - AstroAgent - WARNING - ⚠️  不支持的文件类型：四季星空指南.md，跳过
2026-03-10 13:47:12 - AstroAgent - WARNING - ⚠️  文档 BNA.pdf 已存在，跳过
2026-03-10 13:47:12 - AstroAgent - WARNING - ⚠️  未加载到任何有效文档
2026-03-10 13:47:12 - AstroAgent - INFO - ✅ 保存了 4 个文档哈希值到 ./vector_db/document_hashes.txt
2026-03-10 13:47:12 - AstroAgent - INFO - ✅ 语言模型 qwen-max 初始化成功
2026-03-10 13:47:12 - AstroAgent - INFO - 正在建立SSE连接...
2026-03-10 13:47:12 - AstroAgent - INFO - ✅ 获取到session ID: 6f4827f1ecb24c35b7a23d5d66b474fd
2026-03-10 13:47:12 - AstroAgent - INFO - 发送初始化请求...
2026-03-10 13:47:12 - AstroAgent - DEBUG - 初始化成功，服务器信息: {'name': 'Astronomy Server', 'version': '3.1.0'}
2026-03-10 13:47:12 - AstroAgent - INFO - 发送initialized通知...
2026-03-10 13:47:12 - AstroAgent - INFO - 获取工具列表...
2026-03-10 13:47:12 - AstroAgent - INFO - ✅ 从服务器获取到 11 个工具
2026-03-10 13:47:12 - AstroAgent - INFO - ✅ MCP会话初始化成功，会话ID: 6f4827f1ecb24c35b7a23d5d66b474fd
2026-03-10 13:47:12 - AstroAgent - INFO - ✅ 成功注册 12 个天文工具
2026-03-10 13:47:12 - AstroAgent - INFO - ✅ 成功从外部文件读取prompt模板
2026-03-10 13:47:12 - AstroAgent - INFO - ✅ React Agent构建完成
2026-03-10 13:47:12 - AstroAgent - INFO - ✅ AstroAgent初始化完成，使用HTTP方式调用MCP服务器工具（完整会话管理）
2026-03-10 13:47:12 - AstroAgent - INFO - ✅ 内置千问嵌入模型 text-embedding-v2 初始化成功
2026-03-10 13:47:12 - AstroAgent - INFO - ✅ 加载了 4 个已添加文档的哈希值
2026-03-10 13:47:12 - AstroAgent - INFO - === 开始初始化向量数据库 ===
2026-03-10 13:47:12 - AstroAgent - INFO - ✅ 向量数据库初始化成功，保存路径：./vector_db
2026-03-10 13:47:12 - AstroAgent - WARNING - ⚠️  文档 astromy.txt 已存在，跳过
2026-03-10 13:47:12 - AstroAgent - WARNING - ⚠️  文档 通俗天文学.txt 已存在，跳过
2026-03-10 13:47:12 - AstroAgent - WARNING - ⚠️  不支持的文件类型：messier_catlog.json，跳过
2026-03-10 13:47:12 - AstroAgent - WARNING - ⚠️  不支持的文件类型：四季星空指南.md，跳过
2026-03-10 13:47:13 - AstroAgent - WARNING - ⚠️  文档 BNA.pdf 已存在，跳过
2026-03-10 13:47:13 - AstroAgent - WARNING - ⚠️  未加载到任何有效文档
2026-03-10 13:47:13 - AstroAgent - INFO - ✅ 保存了 4 个文档哈希值到 ./vector_db/document_hashes.txt
2026-03-10 13:47:13 - AstroAgent - INFO - ✅ 语言模型 qwen-max 初始化成功
2026-03-10 13:47:13 - AstroAgent - INFO - 正在建立SSE连接...
2026-03-10 13:47:13 - AstroAgent - INFO - ✅ 获取到session ID: e3955514535d44da8589c355d26a6564
2026-03-10 13:47:13 - AstroAgent - INFO - 发送初始化请求...
2026-03-10 13:47:13 - AstroAgent - DEBUG - 初始化成功，服务器信息: {'name': 'Astronomy Server', 'version': '3.1.0'}
2026-03-10 13:47:13 - AstroAgent - INFO - 发送initialized通知...
2026-03-10 13:47:13 - AstroAgent - INFO - 获取工具列表...
2026-03-10 13:47:13 - AstroAgent - INFO - ✅ 从服务器获取到 11 个工具
2026-03-10 13:47:13 - AstroAgent - INFO - ✅ MCP会话初始化成功，会话ID: e3955514535d44da8589c355d26a6564
2026-03-10 13:47:13 - AstroAgent - INFO - ✅ 成功注册 12 个天文工具
2026-03-10 13:47:13 - AstroAgent - INFO - ✅ 成功从外部文件读取prompt模板
2026-03-10 13:47:13 - AstroAgent - INFO - ✅ React Agent构建完成
2026-03-10 13:47:13 - AstroAgent - INFO - ✅ AstroAgent初始化完成，使用HTTP方式调用MCP服务器工具（完整会话管理）
2026-03-10 14:15:28 - AstroAgent - INFO - ✅ 内置千问嵌入模型 text-embedding-v2 初始化成功
2026-03-10 14:15:28 - AstroAgent - INFO - ✅ 加载了 4 个已添加文档的哈希值
2026-03-10 14:15:28 - AstroAgent - INFO - === 开始初始化向量数据库 ===
2026-03-10 14:15:28 - AstroAgent - INFO - ✅ 向量数据库初始化成功，保存路径：./vector_db
2026-03-10 14:15:28 - AstroAgent - WARNING - ⚠️  文档 astromy.txt 已存在，跳过
2026-03-10 14:15:28 - AstroAgent - WARNING - ⚠️  文档 通俗天文学.txt 已存在，跳过
2026-03-10 14:15:28 - AstroAgent - WARNING - ⚠️  不支持的文件类型：messier_catlog.json，跳过
2026-03-10 14:15:28 - AstroAgent - WARNING - ⚠️  不支持的文件类型：四季星空指南.md，跳过
2026-03-10 14:15:30 - AstroAgent - WARNING - ⚠️  文档 BNA.pdf 已存在，跳过
2026-03-10 14:15:30 - AstroAgent - WARNING - ⚠️  不支持的文件类型：city_light_pollution_china.jsonl，跳过
2026-03-10 14:15:30 - AstroAgent - WARNING - ⚠️  未加载到任何有效文档
2026-03-10 14:15:30 - AstroAgent - INFO - ✅ 保存了 4 个文档哈希值到 ./vector_db/document_hashes.txt
2026-03-10 14:15:30 - AstroAgent - INFO - ✅ 语言模型 qwen-max 初始化成功
2026-03-10 14:15:30 - AstroAgent - INFO - 正在建立SSE连接...
2026-03-10 14:15:30 - AstroAgent - INFO - ✅ 获取到session ID: d77622c52b834c88a94cc048e595f7bd
2026-03-10 14:15:30 - AstroAgent - INFO - 发送初始化请求...
2026-03-10 14:15:30 - AstroAgent - DEBUG - 初始化成功，服务器信息: {'name': 'Astronomy Server', 'version': '3.1.0'}
2026-03-10 14:15:30 - AstroAgent - INFO - 发送initialized通知...
2026-03-10 14:15:30 - AstroAgent - INFO - 获取工具列表...
2026-03-10 14:15:30 - AstroAgent - INFO - ✅ 从服务器获取到 11 个工具
2026-03-10 14:15:30 - AstroAgent - INFO - ✅ MCP会话初始化成功，会话ID: d77622c52b834c88a94cc048e595f7bd
2026-03-10 14:15:30 - AstroAgent - INFO - ✅ 成功注册 12 个天文工具
2026-03-10 14:15:30 - AstroAgent - INFO - ✅ 成功从外部文件读取prompt模板
2026-03-10 14:15:30 - AstroAgent - INFO - ✅ React Agent构建完成
2026-03-10 14:15:30 - AstroAgent - INFO - ✅ AstroAgent初始化完成，使用HTTP方式调用MCP服务器工具（完整会话管理）
2026-03-10 14:15:30 - AstroAgent - INFO - ✅ 内置千问嵌入模型 text-embedding-v2 初始化成功
2026-03-10 14:15:30 - AstroAgent - INFO - ✅ 加载了 4 个已添加文档的哈希值
2026-03-10 14:15:30 - AstroAgent - INFO - === 开始初始化向量数据库 ===
2026-03-10 14:15:30 - AstroAgent - INFO - ✅ 向量数据库初始化成功，保存路径：./vector_db
2026-03-10 14:15:30 - AstroAgent - WARNING - ⚠️  文档 astromy.txt 已存在，跳过
2026-03-10 14:15:30 - AstroAgent - WARNING - ⚠️  文档 通俗天文学.txt 已存在，跳过
2026-03-10 14:15:30 - AstroAgent - WARNING - ⚠️  不支持的文件类型：messier_catlog.json，跳过
2026-03-10 14:15:30 - AstroAgent - WARNING - ⚠️  不支持的文件类型：四季星空指南.md，跳过
2026-03-10 14:15:31 - AstroAgent - WARNING - ⚠️  文档 BNA.pdf 已存在，跳过
2026-03-10 14:15:31 - AstroAgent - WARNING - ⚠️  不支持的文件类型：city_light_pollution_china.jsonl，跳过
2026-03-10 14:15:31 - AstroAgent - WARNING - ⚠️  未加载到任何有效文档
2026-03-10 14:15:31 - AstroAgent - INFO - ✅ 保存了 4 个文档哈希值到 ./vector_db/document_hashes.txt
2026-03-10 14:15:31 - AstroAgent - INFO - ✅ 语言模型 qwen-max 初始化成功
2026-03-10 14:15:31 - AstroAgent - INFO - 正在建立SSE连接...
2026-03-10 14:15:31 - AstroAgent - INFO - ✅ 获取到session ID: e1d3e403c3bd44e4945ff7bdc9cf3b3c
2026-03-10 14:15:31 - AstroAgent - INFO - 发送初始化请求...
2026-03-10 14:15:31 - AstroAgent - DEBUG - 初始化成功，服务器信息: {'name': 'Astronomy Server', 'version': '3.1.0'}
2026-03-10 14:15:31 - AstroAgent - INFO - 发送initialized通知...
2026-03-10 14:15:31 - AstroAgent - INFO - 获取工具列表...
2026-03-10 14:15:31 - AstroAgent - INFO - ✅ 从服务器获取到 11 个工具
2026-03-10 14:15:31 - AstroAgent - INFO - ✅ MCP会话初始化成功，会话ID: e1d3e403c3bd44e4945ff7bdc9cf3b3c
2026-03-10 14:15:31 - AstroAgent - INFO - ✅ 成功注册 12 个天文工具
2026-03-10 14:15:31 - AstroAgent - INFO - ✅ 成功从外部文件读取prompt模板
2026-03-10 14:15:31 - AstroAgent - INFO - ✅ React Agent构建完成
2026-03-10 14:15:31 - AstroAgent - INFO - ✅ AstroAgent初始化完成，使用HTTP方式调用MCP服务器工具（完整会话管理）
2026-03-10 14:16:10 - AstroAgent - INFO - ✅ 内置千问嵌入模型 text-embedding-v2 初始化成功
2026-03-10 14:16:10 - AstroAgent - INFO - ✅ 加载了 4 个已添加文档的哈希值
2026-03-10 14:16:10 - AstroAgent - INFO - === 开始初始化向量数据库 ===
2026-03-10 14:16:10 - AstroAgent - INFO - ✅ 向量数据库初始化成功，保存路径：./vector_db
2026-03-10 14:16:10 - AstroAgent - WARNING - ⚠️  文档 astromy.txt 已存在，跳过
2026-03-10 14:16:10 - AstroAgent - WARNING - ⚠️  文档 通俗天文学.txt 已存在，跳过
2026-03-10 14:16:10 - AstroAgent - WARNING - ⚠️  不支持的文件类型：messier_catlog.json，跳过
2026-03-10 14:16:10 - AstroAgent - WARNING - ⚠️  不支持的文件类型：四季星空指南.md，跳过
2026-03-10 14:16:11 - AstroAgent - WARNING - ⚠️  文档 BNA.pdf 已存在，跳过
2026-03-10 14:16:11 - AstroAgent - WARNING - ⚠️  不支持的文件类型：city_light_pollution_china.jsonl，跳过
2026-03-10 14:16:11 - AstroAgent - WARNING - ⚠️  未加载到任何有效文档
2026-03-10 14:16:11 - AstroAgent - INFO - ✅ 保存了 4 个文档哈希值到 ./vector_db/document_hashes.txt
2026-03-10 14:16:11 - AstroAgent - INFO - ✅ 语言模型 qwen-max 初始化成功
2026-03-10 14:16:11 - AstroAgent - INFO - 正在建立SSE连接...
2026-03-10 14:16:11 - AstroAgent - INFO - ✅ 获取到session ID: b8338846110d4a61a00a5baaf08e339b
2026-03-10 14:16:11 - AstroAgent - INFO - 发送初始化请求...
2026-03-10 14:16:11 - AstroAgent - DEBUG - 初始化成功，服务器信息: {'name': 'Astronomy Server', 'version': '3.1.0'}
2026-03-10 14:16:11 - AstroAgent - INFO - 发送initialized通知...
2026-03-10 14:16:11 - AstroAgent - INFO - 获取工具列表...
2026-03-10 14:16:11 - AstroAgent - INFO - ✅ 从服务器获取到 11 个工具
2026-03-10 14:16:11 - AstroAgent - INFO - ✅ MCP会话初始化成功，会话ID: b8338846110d4a61a00a5baaf08e339b
2026-03-10 14:16:11 - AstroAgent - INFO - ✅ 成功注册 12 个天文工具
2026-03-10 14:16:11 - AstroAgent - INFO - ✅ 成功从外部文件读取prompt模板
2026-03-10 14:16:11 - AstroAgent - INFO - ✅ React Agent构建完成
2026-03-10 14:16:11 - AstroAgent - INFO - ✅ AstroAgent初始化完成，使用HTTP方式调用MCP服务器工具（完整会话管理）
2026-03-10 14:16:11 - AstroAgent - INFO - ✅ 内置千问嵌入模型 text-embedding-v2 初始化成功
2026-03-10 14:16:11 - AstroAgent - INFO - ✅ 加载了 4 个已添加文档的哈希值
2026-03-10 14:16:11 - AstroAgent - INFO - === 开始初始化向量数据库 ===
2026-03-10 14:16:11 - AstroAgent - INFO - ✅ 向量数据库初始化成功，保存路径：./vector_db
2026-03-10 14:16:11 - AstroAgent - WARNING - ⚠️  文档 astromy.txt 已存在，跳过
2026-03-10 14:16:11 - AstroAgent - WARNING - ⚠️  文档 通俗天文学.txt 已存在，跳过
2026-03-10 14:16:11 - AstroAgent - WARNING - ⚠️  不支持的文件类型：messier_catlog.json，跳过
2026-03-10 14:16:11 - AstroAgent - WARNING - ⚠️  不支持的文件类型：四季星空指南.md，跳过
2026-03-10 14:16:12 - AstroAgent - WARNING - ⚠️  文档 BNA.pdf 已存在，跳过
2026-03-10 14:16:12 - AstroAgent - WARNING - ⚠️  不支持的文件类型：city_light_pollution_china.jsonl，跳过
2026-03-10 14:16:12 - AstroAgent - WARNING - ⚠️  未加载到任何有效文档
2026-03-10 14:16:12 - AstroAgent - INFO - ✅ 保存了 4 个文档哈希值到 ./vector_db/document_hashes.txt
2026-03-10 14:16:12 - AstroAgent - INFO - ✅ 语言模型 qwen-max 初始化成功
2026-03-10 14:16:12 - AstroAgent - INFO - 正在建立SSE连接...
2026-03-10 14:16:12 - AstroAgent - INFO - ✅ 获取到session ID: 6d37748b83e54f409ad76571dc5abf4d
2026-03-10 14:16:12 - AstroAgent - INFO - 发送初始化请求...
2026-03-10 14:16:12 - AstroAgent - DEBUG - 初始化成功，服务器信息: {'name': 'Astronomy Server', 'version': '3.1.0'}
2026-03-10 14:16:12 - AstroAgent - INFO - 发送initialized通知...
2026-03-10 14:16:12 - AstroAgent - INFO - 获取工具列表...
2026-03-10 14:16:12 - AstroAgent - INFO - ✅ 从服务器获取到 11 个工具
2026-03-10 14:16:12 - AstroAgent - INFO - ✅ MCP会话初始化成功，会话ID: 6d37748b83e54f409ad76571dc5abf4d
2026-03-10 14:16:12 - AstroAgent - INFO - ✅ 成功注册 12 个天文工具
2026-03-10 14:16:12 - AstroAgent - INFO - ✅ 成功从外部文件读取prompt模板
2026-03-10 14:16:12 - AstroAgent - INFO - ✅ React Agent构建完成
2026-03-10 14:16:12 - AstroAgent - INFO - ✅ AstroAgent初始化完成，使用HTTP方式调用MCP服务器工具（完整会话管理）
2026-03-10 14:16:19 - AstroAgent - INFO - ✅ 内置千问嵌入模型 text-embedding-v2 初始化成功
2026-03-10 14:16:19 - AstroAgent - INFO - ✅ 加载了 4 个已添加文档的哈希值
2026-03-10 14:16:19 - AstroAgent - INFO - === 开始初始化向量数据库 ===
2026-03-10 14:16:19 - AstroAgent - INFO - ✅ 向量数据库初始化成功，保存路径：./vector_db
2026-03-10 14:16:19 - AstroAgent - WARNING - ⚠️  文档 astromy.txt 已存在，跳过
2026-03-10 14:16:19 - AstroAgent - WARNING - ⚠️  文档 通俗天文学.txt 已存在，跳过
2026-03-10 14:16:19 - AstroAgent - WARNING - ⚠️  不支持的文件类型：messier_catlog.json，跳过
2026-03-10 14:16:19 - AstroAgent - WARNING - ⚠️  不支持的文件类型：四季星空指南.md，跳过
2026-03-10 14:16:21 - AstroAgent - INFO - ✅ OnlineRetriever 已连接向量库：./vector_db
2026-03-10 14:16:21 - AstroAgent - INFO - ✅ 语言模型 qwen-max 初始化成功
2026-03-10 14:16:21 - AstroAgent - INFO - 正在建立SSE连接...
2026-03-10 14:16:21 - AstroAgent - INFO - ✅ 获取到session ID: 8703d81d2dfe4e90bfa46232e7ba58c2
2026-03-10 14:16:21 - AstroAgent - INFO - 发送初始化请求...
2026-03-10 14:16:21 - AstroAgent - DEBUG - 初始化成功，服务器信息: {'name': 'Astronomy Server', 'version': '3.1.0'}
2026-03-10 14:16:21 - AstroAgent - INFO - 发送initialized通知...
2026-03-10 14:16:21 - AstroAgent - INFO - 获取工具列表...
2026-03-10 14:16:21 - AstroAgent - INFO - ✅ 从服务器获取到 11 个工具
2026-03-10 14:16:21 - AstroAgent - INFO - ✅ MCP会话初始化成功，会话ID: 8703d81d2dfe4e90bfa46232e7ba58c2
2026-03-10 14:16:21 - AstroAgent - INFO - ✅ 成功注册 12 个天文工具
2026-03-10 14:16:21 - AstroAgent - INFO - ✅ 成功从外部文件读取prompt模板
2026-03-10 14:16:21 - AstroAgent - INFO - ✅ React Agent构建完成
2026-03-10 14:16:21 - AstroAgent - INFO - ✅ AstroAgent初始化完成，使用HTTP方式调用MCP服务器工具（完整会话管理）
2026-03-10 14:16:21 - AstroAgent - INFO - ✅ OnlineRetriever 已连接向量库：./vector_db
2026-03-10 14:16:21 - AstroAgent - INFO - ✅ 语言模型 qwen-max 初始化成功
2026-03-10 14:16:21 - AstroAgent - INFO - 正在建立SSE连接...
2026-03-10 14:16:21 - AstroAgent - INFO - ✅ 获取到session ID: 77ead474c1794472a360aa9a87116727
2026-03-10 14:16:21 - AstroAgent - INFO - 发送初始化请求...
2026-03-10 14:16:21 - AstroAgent - DEBUG - 初始化成功，服务器信息: {'name': 'Astronomy Server', 'version': '3.1.0'}
2026-03-10 14:16:21 - AstroAgent - INFO - 发送initialized通知...
2026-03-10 14:16:21 - AstroAgent - INFO - 获取工具列表...
2026-03-10 14:16:21 - AstroAgent - INFO - ✅ 从服务器获取到 11 个工具
2026-03-10 14:16:21 - AstroAgent - INFO - ✅ MCP会话初始化成功，会话ID: 77ead474c1794472a360aa9a87116727
2026-03-10 14:16:21 - AstroAgent - INFO - ✅ 成功注册 12 个天文工具
2026-03-10 14:16:21 - AstroAgent - INFO - ✅ 成功从外部文件读取prompt模板
2026-03-10 14:16:21 - AstroAgent - INFO - ✅ React Agent构建完成
2026-03-10 14:16:21 - AstroAgent - INFO - ✅ AstroAgent初始化完成，使用HTTP方式调用MCP服务器工具（完整会话管理）
2026-03-10 14:24:20 - AstroAgent - INFO - === 离线索引开始：扫描到 6 个文件 ===
2026-03-10 14:24:21 - AstroAgent - INFO - ✅ 载入 BNA.pdf：原始 23 条，分割 40 片段
2026-03-10 14:24:21 - AstroAgent - INFO - ✅ 载入 astromy.txt：原始 1 条，分割 1 片段
2026-03-10 14:24:21 - AstroAgent - INFO - ✅ 载入 city_light_pollution_china.jsonl：原始 158 条，分割 158 片段
2026-03-10 14:24:21 - AstroAgent - INFO - ✅ 载入 messier_catlog.json：原始 110 条，分割 110 片段
2026-03-10 14:24:21 - AstroAgent - INFO - ✅ 载入 四季星空指南.md：原始 1 条，分割 27 片段
2026-03-10 14:24:21 - AstroAgent - INFO - ✅ 载入 通俗天文学.txt：原始 1 条，分割 257 片段
2026-03-10 14:24:21 - AstroAgent - INFO - === 写入向量库：新增 593 个片段 ===
2026-03-10 14:24:24 - AstroAgent - INFO - ✅ 写入 batch 1（64）
2026-03-10 14:24:26 - AstroAgent - INFO - ✅ 写入 batch 2（64）
2026-03-10 14:24:28 - AstroAgent - INFO - ✅ 写入 batch 3（64）
2026-03-10 14:24:30 - AstroAgent - INFO - ✅ 写入 batch 4（64）
2026-03-10 14:24:32 - AstroAgent - INFO - ✅ 写入 batch 5（64）
2026-03-10 14:24:34 - AstroAgent - INFO - ✅ 写入 batch 6（64）
2026-03-10 14:24:37 - AstroAgent - INFO - ✅ 写入 batch 7（64）
2026-03-10 14:24:39 - AstroAgent - INFO - ✅ 写入 batch 8（64）
2026-03-10 14:24:42 - AstroAgent - INFO - ✅ 写入 batch 9（64）
2026-03-10 14:24:43 - AstroAgent - INFO - ✅ 写入 batch 10（17）
2026-03-10 14:24:43 - AstroAgent - INFO - === 离线索引完成 ===
2026-03-10 14:28:01 - AstroAgent - INFO - ✅ OnlineRetriever 已连接向量库：./vector_db
2026-03-10 14:28:01 - AstroAgent - INFO - ✅ 语言模型 qwen-max 初始化成功
2026-03-10 14:28:01 - AstroAgent - INFO - 正在建立SSE连接...
2026-03-10 14:28:01 - AstroAgent - INFO - ✅ 获取到session ID: 4d82ba0aae1f434cbe9e11f4dd548719
2026-03-10 14:28:01 - AstroAgent - INFO - 发送初始化请求...
2026-03-10 14:28:01 - AstroAgent - DEBUG - 初始化成功，服务器信息: {'name': 'Astronomy Server', 'version': '3.1.0'}
2026-03-10 14:28:01 - AstroAgent - INFO - 发送initialized通知...
2026-03-10 14:28:01 - AstroAgent - INFO - 获取工具列表...
2026-03-10 14:28:01 - AstroAgent - INFO - ✅ 从服务器获取到 11 个工具
2026-03-10 14:28:01 - AstroAgent - INFO - ✅ MCP会话初始化成功，会话ID: 4d82ba0aae1f434cbe9e11f4dd548719
2026-03-10 14:28:01 - AstroAgent - INFO - ✅ 成功注册 12 个天文工具
2026-03-10 14:28:01 - AstroAgent - INFO - ✅ 成功从外部文件读取prompt模板
2026-03-10 14:28:01 - AstroAgent - INFO - ✅ React Agent构建完成
2026-03-10 14:28:01 - AstroAgent - INFO - ✅ AstroAgent初始化完成，使用HTTP方式调用MCP服务器工具（完整会话管理）
2026-03-10 14:28:01 - AstroAgent - INFO - 
=== 处理用户查询：请告诉我今晚最佳观测目标 ===
2026-03-10 14:28:04 - AstroAgent - DEBUG - 调用工具 get_tonight_best，处理后的参数: {}
2026-03-10 14:28:04 - AstroAgent - DEBUG - 工具响应: {"jsonrpc": "2.0", "id": 1773124084416, "result": {"content": [{"type": "text", "text": "🌙 **今晚（2026-03-10）观测指南**\n\n【月相】🌗 下弦月\n  后半夜可见\n\n【可见行星】今晚无明显可见行星\n\n【时间信息】\n  • 日落：10:15\n  • 日出：22:32\n"}], "
2026-03-10 14:28:11 - AstroAgent - INFO - ✅ 对话已存入记忆 | 助手响应长度：124 字符
2026-03-10 14:28:11 - AstroAgent - INFO - 
=== 处理用户查询：请告诉我未来一周的天象 ===
2026-03-10 14:28:16 - AstroAgent - DEBUG - 调用工具 get_weekly_events，处理后的参数: {'start_date': '{}'}
2026-03-10 14:28:16 - AstroAgent - DEBUG - 工具响应: {"jsonrpc": "2.0", "id": 1773124096297, "result": {"content": [{"type": "text", "text": "🌌 **2026-03-10 至 2026-03-16 一周天象预报**\n\n本周没有特殊天象。\n但你可以关注日常可见的行星和月相变化。\n\n🌙 **本周月相变化**\n• 2026-03-10: 🌗 下弦月\n• 
2026-03-10 14:28:28 - AstroAgent - INFO - ✅ 对话已存入记忆 | 助手响应长度：165 字符
2026-03-10 14:28:28 - AstroAgent - INFO - 
=== 处理用户查询：请告诉我本月的天象 ===
2026-03-10 14:28:30 - AstroAgent - DEBUG - 调用工具 get_monthly_events，处理后的参数: {'year': '{}'}
2026-03-10 14:28:30 - AstroAgent - DEBUG - 工具响应: {"jsonrpc": "2.0", "id": 1773124110802, "result": {"content": [{"type": "text", "text": "🔭 **2026年4月天象预报**\n\n✨ **本月特殊天象**\n• **2026-04-22** 天琴座流星雨极大\n  每小时约18颗，无月光干扰\n🪐 **本月行星可见性**\n• 土星：整夜可见，是本月最佳观测
2026-03-10 14:28:41 - AstroAgent - INFO - ✅ 对话已存入记忆 | 助手响应长度：293 字符
2026-03-10 14:28:41 - AstroAgent - INFO - 
=== 处理用户查询：请告诉我2026年8月的天象 ===
2026-03-10 14:28:47 - AstroAgent - DEBUG - 调用工具 get_monthly_events，处理后的参数: {'year': '{"year": 2026, "month": 8}'}
2026-03-10 14:28:47 - AstroAgent - DEBUG - 工具响应: {"jsonrpc": "2.0", "id": 1773124127731, "result": {"content": [{"type": "text", "text": "🔭 **2026年8月天象预报**\n\n✨ **本月特殊天象**\n• **2026-08-12** 英仙座流星雨极大\n  每小时约100颗，年度最佳流星雨！\n• **2026-08-12** 日偏食\n  北京时间
2026-03-10 14:29:03 - AstroAgent - INFO - ✅ 对话已存入记忆 | 助手响应长度：303 字符
2026-03-10 14:29:03 - AstroAgent - INFO - ✅ HTTP客户端已关闭
2026-03-10 14:35:03 - AstroAgent - INFO - ✅ OnlineRetriever 已连接向量库：./vector_db
2026-03-10 14:35:03 - AstroAgent - INFO - ✅ 语言模型 qwen-max 初始化成功
2026-03-10 14:35:03 - AstroAgent - INFO - 正在建立SSE连接...
2026-03-10 14:35:03 - AstroAgent - INFO - ✅ 获取到session ID: c8c64075a5da44e0915d06662e30f863
2026-03-10 14:35:03 - AstroAgent - INFO - 发送初始化请求...
2026-03-10 14:35:03 - AstroAgent - DEBUG - 初始化成功，服务器信息: {'name': 'Astronomy Server', 'version': '3.1.0'}
2026-03-10 14:35:03 - AstroAgent - INFO - 发送initialized通知...
2026-03-10 14:35:03 - AstroAgent - INFO - 获取工具列表...
2026-03-10 14:35:03 - AstroAgent - INFO - ✅ 从服务器获取到 11 个工具
2026-03-10 14:35:03 - AstroAgent - INFO - ✅ MCP会话初始化成功，会话ID: c8c64075a5da44e0915d06662e30f863
2026-03-10 14:35:03 - AstroAgent - INFO - ✅ 成功注册 12 个天文工具
2026-03-10 14:35:03 - AstroAgent - INFO - ✅ 成功从外部文件读取prompt模板
2026-03-10 14:35:03 - AstroAgent - INFO - ✅ React Agent构建完成
2026-03-10 14:35:03 - AstroAgent - INFO - ✅ AstroAgent初始化完成，使用HTTP方式调用MCP服务器工具（完整会话管理）
2026-03-10 14:35:12 - AstroAgent - INFO - 
=== 处理用户查询：春季都能看到哪些亮星座 ===
2026-03-10 14:35:18 - AstroAgent - INFO - 📄 RAG 检索上下文长度：2122 字符
2026-03-10 14:36:21 - AstroAgent - INFO - ✅ 对话已存入记忆 | 助手响应长度：159 字符
2026-03-10 14:37:22 - AstroAgent - INFO - 
=== 处理用户查询： ===
2026-03-10 14:37:27 - AstroAgent - INFO - ✅ 对话已存入记忆 | 助手响应长度：67 字符
2026-03-10 14:37:29 - AstroAgent - INFO - ✅ HTTP客户端已关闭
2026-03-10 14:37:57 - AstroAgent - INFO - ✅ OnlineRetriever 已连接向量库：./vector_db
2026-03-10 14:37:57 - AstroAgent - INFO - ✅ 语言模型 qwen-max 初始化成功
2026-03-10 14:37:57 - AstroAgent - INFO - 正在建立SSE连接...
2026-03-10 14:37:57 - AstroAgent - INFO - ✅ 获取到session ID: 7f49e33b40384adfbe7814a2a65707c1
2026-03-10 14:37:57 - AstroAgent - INFO - 发送初始化请求...
2026-03-10 14:37:57 - AstroAgent - DEBUG - 初始化成功，服务器信息: {'name': 'Astronomy Server', 'version': '3.1.0'}
2026-03-10 14:37:57 - AstroAgent - INFO - 发送initialized通知...
2026-03-10 14:37:57 - AstroAgent - INFO - 获取工具列表...
2026-03-10 14:37:57 - AstroAgent - INFO - ✅ 从服务器获取到 11 个工具
2026-03-10 14:37:57 - AstroAgent - INFO - ✅ MCP会话初始化成功，会话ID: 7f49e33b40384adfbe7814a2a65707c1
2026-03-10 14:37:57 - AstroAgent - INFO - ✅ 成功注册 12 个天文工具
2026-03-10 14:37:57 - AstroAgent - INFO - ✅ 成功从外部文件读取prompt模板
2026-03-10 14:37:57 - AstroAgent - INFO - ✅ React Agent构建完成
2026-03-10 14:37:57 - AstroAgent - INFO - ✅ AstroAgent初始化完成，使用HTTP方式调用MCP服务器工具（完整会话管理）
2026-03-10 14:37:57 - AstroAgent - INFO - ✅ OnlineRetriever 已连接向量库：./vector_db
2026-03-10 14:37:57 - AstroAgent - INFO - ✅ 语言模型 qwen-max 初始化成功
2026-03-10 14:37:57 - AstroAgent - INFO - 正在建立SSE连接...
2026-03-10 14:37:57 - AstroAgent - INFO - ✅ 获取到session ID: 9054dccedaae493b9aa34e47b3dad166
2026-03-10 14:37:57 - AstroAgent - INFO - 发送初始化请求...
2026-03-10 14:37:57 - AstroAgent - DEBUG - 初始化成功，服务器信息: {'name': 'Astronomy Server', 'version': '3.1.0'}
2026-03-10 14:37:57 - AstroAgent - INFO - 发送initialized通知...
2026-03-10 14:37:57 - AstroAgent - INFO - 获取工具列表...
2026-03-10 14:37:57 - AstroAgent - INFO - ✅ 从服务器获取到 11 个工具
2026-03-10 14:37:57 - AstroAgent - INFO - ✅ MCP会话初始化成功，会话ID: 9054dccedaae493b9aa34e47b3dad166
2026-03-10 14:37:57 - AstroAgent - INFO - ✅ 成功注册 12 个天文工具
2026-03-10 14:37:57 - AstroAgent - INFO - ✅ 成功从外部文件读取prompt模板
2026-03-10 14:37:57 - AstroAgent - INFO - ✅ React Agent构建完成
2026-03-10 14:37:57 - AstroAgent - INFO - ✅ AstroAgent初始化完成，使用HTTP方式调用MCP服务器工具（完整会话管理）
2026-03-10 15:06:40 - AstroAgent - INFO - ✅ HTTP客户端已关闭
2026-03-10 15:25:45 - AstroAgent - INFO - ✅ OnlineRetriever 已连接向量库：./vector_db
2026-03-10 15:25:45 - AstroAgent - INFO - ✅ 语言模型 qwen-max 初始化成功
2026-03-10 15:25:45 - AstroAgent - INFO - 正在建立SSE连接...
2026-03-10 15:25:45 - AstroAgent - INFO - ✅ 获取到session ID: ab19a1523a3d4482ac47d5bbe7e532f2
2026-03-10 15:25:45 - AstroAgent - INFO - 发送初始化请求...
2026-03-10 15:25:45 - AstroAgent - DEBUG - 初始化成功，服务器信息: {'name': 'Astronomy Server', 'version': '3.1.0'}
2026-03-10 15:25:45 - AstroAgent - INFO - 发送initialized通知...
2026-03-10 15:25:45 - AstroAgent - INFO - 获取工具列表...
2026-03-10 15:25:45 - AstroAgent - INFO - ✅ 从服务器获取到 11 个工具
2026-03-10 15:25:45 - AstroAgent - INFO - ✅ MCP会话初始化成功，会话ID: ab19a1523a3d4482ac47d5bbe7e532f2
2026-03-10 15:25:45 - AstroAgent - INFO - ✅ 成功注册 12 个天文工具
2026-03-10 15:25:45 - AstroAgent - INFO - ✅ 成功从外部文件读取prompt模板
2026-03-10 15:25:45 - AstroAgent - INFO - ✅ React Agent构建完成
2026-03-10 15:25:45 - AstroAgent - INFO - ✅ AstroAgent初始化完成，使用HTTP方式调用MCP服务器工具（完整会话管理）
2026-03-10 15:25:46 - AstroAgent - INFO - ✅ OnlineRetriever 已连接向量库：./vector_db
2026-03-10 15:25:46 - AstroAgent - INFO - ✅ 语言模型 qwen-max 初始化成功
2026-03-10 15:25:46 - AstroAgent - INFO - 正在建立SSE连接...
2026-03-10 15:25:46 - AstroAgent - INFO - ✅ 获取到session ID: 92c3a38caeab4b7f821dba2b2a2c6fbc
2026-03-10 15:25:46 - AstroAgent - INFO - 发送初始化请求...
2026-03-10 15:25:46 - AstroAgent - DEBUG - 初始化成功，服务器信息: {'name': 'Astronomy Server', 'version': '3.1.0'}
2026-03-10 15:25:46 - AstroAgent - INFO - 发送initialized通知...
2026-03-10 15:25:46 - AstroAgent - INFO - 获取工具列表...
2026-03-10 15:25:46 - AstroAgent - INFO - ✅ 从服务器获取到 11 个工具
2026-03-10 15:25:46 - AstroAgent - INFO - ✅ MCP会话初始化成功，会话ID: 92c3a38caeab4b7f821dba2b2a2c6fbc
2026-03-10 15:25:46 - AstroAgent - INFO - ✅ 成功注册 12 个天文工具
2026-03-10 15:25:46 - AstroAgent - INFO - ✅ 成功从外部文件读取prompt模板
2026-03-10 15:25:46 - AstroAgent - INFO - ✅ React Agent构建完成
2026-03-10 15:25:46 - AstroAgent - INFO - ✅ AstroAgent初始化完成，使用HTTP方式调用MCP服务器工具（完整会话管理）
2026-03-10 15:25:46 - AstroAgent - INFO - ✅ OnlineRetriever 已连接向量库：./vector_db
2026-03-10 15:25:46 - AstroAgent - INFO - ✅ 语言模型 qwen-max 初始化成功
2026-03-10 15:25:46 - AstroAgent - INFO - 正在建立SSE连接...
2026-03-10 15:25:46 - AstroAgent - INFO - ✅ 获取到session ID: ad3f02020bd9407f8cd4139a080eea66
2026-03-10 15:25:46 - AstroAgent - INFO - 发送初始化请求...
2026-03-10 15:25:46 - AstroAgent - DEBUG - 初始化成功，服务器信息: {'name': 'Astronomy Server', 'version': '3.1.0'}
2026-03-10 15:25:46 - AstroAgent - INFO - 发送initialized通知...
2026-03-10 15:25:46 - AstroAgent - INFO - 获取工具列表...
2026-03-10 15:25:46 - AstroAgent - INFO - ✅ 从服务器获取到 11 个工具
2026-03-10 15:25:46 - AstroAgent - INFO - ✅ MCP会话初始化成功，会话ID: ad3f02020bd9407f8cd4139a080eea66
2026-03-10 15:25:46 - AstroAgent - INFO - ✅ 成功注册 12 个天文工具
2026-03-10 15:25:46 - AstroAgent - INFO - ✅ 成功从外部文件读取prompt模板
2026-03-10 15:25:46 - AstroAgent - INFO - ✅ React Agent构建完成
2026-03-10 15:25:46 - AstroAgent - INFO - ✅ AstroAgent初始化完成，使用HTTP方式调用MCP服务器工具（完整会话管理）
2026-03-10 15:27:43 - AstroAgent - INFO - [ca6e0e7c] 开始处理事件流查询：这张图片是什么星座，什么时候可以观测到

[用户上传图片的视觉信息]
这张图片展示了一片夜空，充满了星星和一些明显的天体特征。以下是对图片的详细描述和分析：

---

### 1. **可能的天体/星座/现象**

- **主要天体**：
  - 图片中央偏右的位置有一簇密集的蓝色星星，这可能是著名的“猎户座”（Orion）的一部分，特别是猎户座的“腰带”区域（由三颗明亮的星星组成）。这些星星的
2026-03-10 15:27:51 - AstroAgent - INFO - {"type": "tool_start", "request_id": "ca6e0e7c", "run_id": "019cd6a5-1d8d-7df2-ac17-082cdfe66409", "tool_name": null, "input": "None"}
2026-03-10 15:27:51 - AstroAgent - INFO - 📄 RAG 检索上下文长度：1576 字符
2026-03-10 15:27:51 - AstroAgent - INFO - {"type": "tool_end", "request_id": "ca6e0e7c", "run_id": "019cd6a5-1d8d-7df2-ac17-082cdfe66409", "tool_name": null, "duration_sec": 0.39487576484680176, "output_preview": "[source=四季星空指南.md]\n### 冬季六边形\n- **组成**：\n  - 毕宿五（金牛座α，0.85等，橙红色）\n  - 五车二（御夫座α，0.08等，黄色）\n  - 北河三（双子座β，1.14等，橙黄色）\n  - 南河三（小犬座α）\n  - 天狼星（大犬座α）\n  - 参宿七（猎户座β，0.18等，蓝白色）\n- **描述**：围绕猎户座的六个亮星，构成巨大六边形，覆盖约60°天空。\n"}
2026-03-10 15:28:13 - AstroAgent - INFO - {"type": "tool_start", "request_id": "ca6e0e7c", "run_id": "019cd6a5-75ea-7ab0-b526-90ccb64aafa0", "tool_name": null, "input": "None"}
2026-03-10 15:28:13 - AstroAgent - INFO - {"type": "tool_end", "request_id": "ca6e0e7c", "run_id": "019cd6a5-75ea-7ab0-b526-90ccb64aafa0", "tool_name": null, "duration_sec": 0.0020570755004882812, "output_preview": "Invalid Format: Missing 'Action:' after 'Thought:'"}
2026-03-10 15:28:41 - AstroAgent - INFO - [ca6e0e7c] ✅ 事件流完成，响应长度：1494 字符
2026-03-10 15:35:35 - AstroAgent - INFO - ✅ OnlineRetriever 已连接向量库：./vector_db
2026-03-10 15:35:35 - AstroAgent - INFO - ✅ 语言模型 qwen-max 初始化成功
2026-03-10 15:35:35 - AstroAgent - INFO - 正在建立SSE连接...
2026-03-10 15:35:35 - AstroAgent - INFO - ✅ 获取到session ID: f401c489d62c4c0680b14a1767e6a772
2026-03-10 15:35:35 - AstroAgent - INFO - 发送初始化请求...
2026-03-10 15:35:35 - AstroAgent - DEBUG - 初始化成功，服务器信息: {'name': 'Astronomy Server', 'version': '3.1.0'}
2026-03-10 15:35:35 - AstroAgent - INFO - 发送initialized通知...
2026-03-10 15:35:35 - AstroAgent - INFO - 获取工具列表...
2026-03-10 15:35:35 - AstroAgent - INFO - ✅ 从服务器获取到 11 个工具
2026-03-10 15:35:35 - AstroAgent - INFO - ✅ MCP会话初始化成功，会话ID: f401c489d62c4c0680b14a1767e6a772
2026-03-10 15:35:35 - AstroAgent - INFO - ✅ 成功注册 12 个天文工具
2026-03-10 15:35:35 - AstroAgent - INFO - ✅ 成功从外部文件读取prompt模板
2026-03-10 15:35:35 - AstroAgent - INFO - ✅ React Agent构建完成
2026-03-10 15:35:35 - AstroAgent - INFO - ✅ AstroAgent初始化完成，使用HTTP方式调用MCP服务器工具（完整会话管理）
2026-03-10 15:35:35 - AstroAgent - INFO - ✅ OnlineRetriever 已连接向量库：./vector_db
2026-03-10 15:35:35 - AstroAgent - INFO - ✅ 语言模型 qwen-max 初始化成功
2026-03-10 15:35:35 - AstroAgent - INFO - 正在建立SSE连接...
2026-03-10 15:35:35 - AstroAgent - INFO - ✅ 获取到session ID: 0de32493fc8645e3aa6c80da1c8535dc
2026-03-10 15:35:35 - AstroAgent - INFO - 发送初始化请求...
2026-03-10 15:35:35 - AstroAgent - DEBUG - 初始化成功，服务器信息: {'name': 'Astronomy Server', 'version': '3.1.0'}
2026-03-10 15:35:35 - AstroAgent - INFO - 发送initialized通知...
2026-03-10 15:35:35 - AstroAgent - INFO - 获取工具列表...
2026-03-10 15:35:35 - AstroAgent - INFO - ✅ 从服务器获取到 11 个工具
2026-03-10 15:35:35 - AstroAgent - INFO - ✅ MCP会话初始化成功，会话ID: 0de32493fc8645e3aa6c80da1c8535dc
2026-03-10 15:35:35 - AstroAgent - INFO - ✅ 成功注册 12 个天文工具
2026-03-10 15:35:35 - AstroAgent - INFO - ✅ 成功从外部文件读取prompt模板
2026-03-10 15:35:35 - AstroAgent - INFO - ✅ React Agent构建完成
2026-03-10 15:35:35 - AstroAgent - INFO - ✅ AstroAgent初始化完成，使用HTTP方式调用MCP服务器工具（完整会话管理）
2026-03-10 16:00:24 - AstroAgent - INFO - ✅ OnlineRetriever 已连接向量库：./vector_db
2026-03-10 16:00:24 - AstroAgent - INFO - ✅ 语言模型 qwen-max 初始化成功
2026-03-10 16:00:24 - AstroAgent - INFO - 正在建立SSE连接...
2026-03-10 16:00:24 - AstroAgent - INFO - ✅ 获取到session ID: f36106f923484c76b6dae47f9bb153b8
2026-03-10 16:00:24 - AstroAgent - INFO - 发送初始化请求...
2026-03-10 16:00:24 - AstroAgent - DEBUG - 初始化成功，服务器信息: {'name': 'Astronomy Server', 'version': '3.1.0'}
2026-03-10 16:00:24 - AstroAgent - INFO - 发送initialized通知...
2026-03-10 16:00:24 - AstroAgent - INFO - 获取工具列表...
2026-03-10 16:00:24 - AstroAgent - INFO - ✅ 从服务器获取到 11 个工具
2026-03-10 16:00:24 - AstroAgent - INFO - ✅ MCP会话初始化成功，会话ID: f36106f923484c76b6dae47f9bb153b8
2026-03-10 16:00:24 - AstroAgent - INFO - ✅ 成功注册 12 个天文工具
2026-03-10 16:00:24 - AstroAgent - INFO - ✅ 成功从外部文件读取prompt模板
2026-03-10 16:00:24 - AstroAgent - INFO - ✅ React Agent构建完成
2026-03-10 16:00:24 - AstroAgent - INFO - ✅ AstroAgent初始化完成，使用HTTP方式调用MCP服务器工具（完整会话管理）
2026-03-10 16:00:33 - AstroAgent - INFO - 
=== 处理用户查询：我想在本周末找一个光污染小的地方观测猎户座，并了解一下那里今晚的天气适不适合拍摄 ===
2026-03-10 16:00:59 - AstroAgent - DEBUG - 调用工具 get_tonight_best，处理后的参数: {}
2026-03-10 16:00:59 - AstroAgent - DEBUG - 工具响应: {"jsonrpc": "2.0", "id": 1773129659162, "result": {"content": [{"type": "text", "text": "🌙 **今晚（2026-03-10）观测指南**\n\n【月相】🌗 下弦月\n  后半夜可见\n\n【可见行星】今晚无明显可见行星\n\n【时间信息】\n  • 日落：10:15\n  • 日出：22:32\n"}], "
2026-03-10 16:01:28 - AstroAgent - INFO - ✅ 对话已存入记忆 | 助手响应长度：384 字符
2026-03-10 16:02:02 - AstroAgent - INFO - 
=== 处理用户查询：我在苏有什么推荐的观测地点吗 ===
2026-03-10 16:02:25 - AstroAgent - INFO - ✅ 对话已存入记忆 | 助手响应长度：233 字符
2026-03-10 16:03:02 - AstroAgent - INFO - ✅ HTTP客户端已关闭
2026-03-10 16:05:14 - AstroAgent - INFO - ✅ HTTP客户端已关闭
2026-03-12 10:43:14 - AstroAgent - INFO - ✅ OnlineRetriever 已连接向量库：./vector_db
2026-03-12 10:43:14 - AstroAgent - INFO - ✅ 语言模型 qwen-max 初始化成功
2026-03-12 10:43:14 - AstroAgent - INFO - 正在建立SSE连接...
2026-03-12 10:43:14 - AstroAgent - INFO - ✅ 获取到session ID: 542679b790894ac8a98a62b677c57fe2
2026-03-12 10:43:14 - AstroAgent - INFO - 发送初始化请求...
2026-03-12 10:43:14 - AstroAgent - DEBUG - 初始化成功，服务器信息: {'name': 'Astronomy Server', 'version': '3.1.0'}
2026-03-12 10:43:14 - AstroAgent - INFO - 发送initialized通知...
2026-03-12 10:43:14 - AstroAgent - INFO - 获取工具列表...
2026-03-12 10:43:14 - AstroAgent - INFO - ✅ 从服务器获取到 12 个工具
2026-03-12 10:43:14 - AstroAgent - INFO - ✅ MCP会话初始化成功，会话ID: 542679b790894ac8a98a62b677c57fe2
2026-03-12 10:43:14 - AstroAgent - INFO - ✅ 成功注册 13 个天文工具
2026-03-12 10:43:14 - AstroAgent - INFO - ✅ 成功从外部文件读取prompt模板
2026-03-12 10:43:14 - AstroAgent - INFO - ✅ React Agent构建完成
2026-03-12 10:43:14 - AstroAgent - INFO - ✅ AstroAgent初始化完成，使用HTTP方式调用MCP服务器工具（完整会话管理）
2026-03-12 10:43:17 - AstroAgent - INFO - ✅ OnlineRetriever 已连接向量库：./vector_db
2026-03-12 10:43:17 - AstroAgent - INFO - ✅ 语言模型 qwen-max 初始化成功
2026-03-12 10:43:17 - AstroAgent - INFO - 正在建立SSE连接...
2026-03-12 10:43:17 - AstroAgent - INFO - ✅ 获取到session ID: 08db58f2b3e842e095693b0456599f40
2026-03-12 10:43:17 - AstroAgent - INFO - 发送初始化请求...
2026-03-12 10:43:17 - AstroAgent - DEBUG - 初始化成功，服务器信息: {'name': 'Astronomy Server', 'version': '3.1.0'}
2026-03-12 10:43:17 - AstroAgent - INFO - 发送initialized通知...
2026-03-12 10:43:17 - AstroAgent - INFO - 获取工具列表...
2026-03-12 10:43:17 - AstroAgent - INFO - ✅ 从服务器获取到 12 个工具
2026-03-12 10:43:17 - AstroAgent - INFO - ✅ MCP会话初始化成功，会话ID: 08db58f2b3e842e095693b0456599f40
2026-03-12 10:43:17 - AstroAgent - INFO - ✅ 成功注册 13 个天文工具
2026-03-12 10:43:17 - AstroAgent - INFO - ✅ 成功从外部文件读取prompt模板
2026-03-12 10:43:17 - AstroAgent - INFO - ✅ React Agent构建完成
2026-03-12 10:43:17 - AstroAgent - INFO - ✅ AstroAgent初始化完成，使用HTTP方式调用MCP服务器工具（完整会话管理）
2026-03-12 10:43:17 - AstroAgent - INFO - ✅ OnlineRetriever 已连接向量库：./vector_db
2026-03-12 10:43:17 - AstroAgent - INFO - ✅ 语言模型 qwen-max 初始化成功
2026-03-12 10:43:17 - AstroAgent - INFO - 正在建立SSE连接...
2026-03-12 10:43:17 - AstroAgent - INFO - ✅ 获取到session ID: 0f55cea845c148bc81feb880f79b6eeb
2026-03-12 10:43:17 - AstroAgent - INFO - 发送初始化请求...
2026-03-12 10:43:17 - AstroAgent - DEBUG - 初始化成功，服务器信息: {'name': 'Astronomy Server', 'version': '3.1.0'}
2026-03-12 10:43:17 - AstroAgent - INFO - 发送initialized通知...
2026-03-12 10:43:17 - AstroAgent - INFO - 获取工具列表...
2026-03-12 10:43:17 - AstroAgent - INFO - ✅ 从服务器获取到 12 个工具
2026-03-12 10:43:17 - AstroAgent - INFO - ✅ MCP会话初始化成功，会话ID: 0f55cea845c148bc81feb880f79b6eeb
2026-03-12 10:43:17 - AstroAgent - INFO - ✅ 成功注册 13 个天文工具
2026-03-12 10:43:17 - AstroAgent - INFO - ✅ 成功从外部文件读取prompt模板
2026-03-12 10:43:17 - AstroAgent - INFO - ✅ React Agent构建完成
2026-03-12 10:43:17 - AstroAgent - INFO - ✅ AstroAgent初始化完成，使用HTTP方式调用MCP服务器工具（完整会话管理）
2026-03-12 10:44:06 - AstroAgent - INFO - ✅ OnlineRetriever 已连接向量库：./vector_db
2026-03-12 10:44:06 - AstroAgent - INFO - ✅ 语言模型 qwen-max 初始化成功
2026-03-12 10:44:07 - AstroAgent - INFO - 正在建立SSE连接...
2026-03-12 10:44:07 - AstroAgent - INFO - ✅ 获取到session ID: 091f528c051545d3a92d1b545bdc5b21
2026-03-12 10:44:07 - AstroAgent - INFO - 发送初始化请求...
2026-03-12 10:44:07 - AstroAgent - DEBUG - 初始化成功，服务器信息: {'name': 'Astronomy Server', 'version': '3.1.0'}
2026-03-12 10:44:07 - AstroAgent - INFO - 发送initialized通知...
2026-03-12 10:44:07 - AstroAgent - INFO - 获取工具列表...
2026-03-12 10:44:07 - AstroAgent - INFO - ✅ 从服务器获取到 12 个工具
2026-03-12 10:44:07 - AstroAgent - INFO - ✅ MCP会话初始化成功，会话ID: 091f528c051545d3a92d1b545bdc5b21
2026-03-12 10:44:07 - AstroAgent - INFO - ✅ 成功注册 13 个天文工具
2026-03-12 10:44:07 - AstroAgent - INFO - ✅ 成功从外部文件读取prompt模板
2026-03-12 10:44:07 - AstroAgent - INFO - ✅ React Agent构建完成
2026-03-12 10:44:07 - AstroAgent - INFO - ✅ AstroAgent初始化完成，使用HTTP方式调用MCP服务器工具（完整会话管理）
2026-03-12 10:44:14 - AstroAgent - INFO - ✅ HTTP客户端已关闭
2026-03-12 10:44:23 - AstroAgent - INFO - ✅ OnlineRetriever 已连接向量库：./vector_db
2026-03-12 10:44:23 - AstroAgent - INFO - ✅ 语言模型 qwen-max 初始化成功
2026-03-12 10:44:23 - AstroAgent - INFO - 正在建立SSE连接...
2026-03-12 10:44:23 - AstroAgent - INFO - ✅ 获取到session ID: 3492fbd52e85421f91099ea52fd2fdab
2026-03-12 10:44:23 - AstroAgent - INFO - 发送初始化请求...
2026-03-12 10:44:23 - AstroAgent - DEBUG - 初始化成功，服务器信息: {'name': 'Astronomy Server', 'version': '3.1.0'}
2026-03-12 10:44:23 - AstroAgent - INFO - 发送initialized通知...
2026-03-12 10:44:23 - AstroAgent - INFO - 获取工具列表...
2026-03-12 10:44:23 - AstroAgent - INFO - ✅ 从服务器获取到 12 个工具
2026-03-12 10:44:23 - AstroAgent - INFO - ✅ MCP会话初始化成功，会话ID: 3492fbd52e85421f91099ea52fd2fdab
2026-03-12 10:44:23 - AstroAgent - INFO - ✅ 成功注册 13 个天文工具
2026-03-12 10:44:23 - AstroAgent - INFO - ✅ 成功从外部文件读取prompt模板
2026-03-12 10:44:23 - AstroAgent - INFO - ✅ React Agent构建完成
2026-03-12 10:44:23 - AstroAgent - INFO - ✅ AstroAgent初始化完成，使用HTTP方式调用MCP服务器工具（完整会话管理）
2026-03-12 10:44:23 - AstroAgent - INFO - 
=== 处理用户查询：请告诉我今晚最佳观测目标 ===
2026-03-12 10:44:27 - AstroAgent - DEBUG - 调用工具 get_tonight_best，处理后的参数: {}
2026-03-12 10:44:27 - AstroAgent - DEBUG - 工具响应: {"jsonrpc": "2.0", "id": 1773283467381, "result": {"content": [{"type": "text", "text": "🌙 **今晚（2026-03-12）观测指南**\n\n【月相】🌗 下弦月\n  后半夜可见\n\n【可见行星】今晚无明显可见行星\n\n【时间信息】\n  • 日落：10:17\n  • 日出：22:29\n"}], "
2026-03-12 10:44:44 - AstroAgent - INFO - ✅ 对话已存入记忆 | 助手响应长度：139 字符
2026-03-12 10:44:44 - AstroAgent - INFO - 
=== 处理用户查询：请告诉我未来一周的天象 ===
2026-03-12 10:44:46 - AstroAgent - DEBUG - 调用工具 get_weekly_events，处理后的参数: {'start_date': '{}'}
2026-03-12 10:44:46 - AstroAgent - DEBUG - 工具响应: {"jsonrpc": "2.0", "id": 1773283486331, "result": {"content": [{"type": "text", "text": "🌌 **2026-03-12 至 2026-03-18 一周天象预报**\n\n本周没有特殊天象。\n但你可以关注日常可见的行星和月相变化。\n\n🌙 **本周月相变化**\n• 2026-03-12: 🌗 下弦月\n• 
2026-03-12 10:44:52 - AstroAgent - INFO - ✅ 对话已存入记忆 | 助手响应长度：181 字符
2026-03-12 10:44:52 - AstroAgent - INFO - 
=== 处理用户查询：请告诉我本月的天象 ===
2026-03-12 10:44:55 - AstroAgent - DEBUG - 调用工具 get_monthly_events，处理后的参数: {'year': '{}'}
2026-03-12 10:44:55 - AstroAgent - DEBUG - 工具响应: {"jsonrpc": "2.0", "id": 1773283495683, "result": {"content": [{"type": "text", "text": "🔭 **2026年4月天象预报**\n\n✨ **本月特殊天象**\n• **2026-04-22** 天琴座流星雨极大\n  每小时约18颗，无月光干扰\n🪐 **本月行星可见性**\n• 土星：整夜可见，是本月最佳观测
2026-03-12 10:45:05 - AstroAgent - INFO - ✅ 对话已存入记忆 | 助手响应长度：190 字符
2026-03-12 10:45:05 - AstroAgent - INFO - 
=== 处理用户查询：请告诉我2026年8月的天象 ===
2026-03-12 10:45:10 - AstroAgent - DEBUG - 调用工具 get_monthly_events，处理后的参数: {'year': '{"year": 2026, "month": 8}'}
2026-03-12 10:45:10 - AstroAgent - DEBUG - 工具响应: {"jsonrpc": "2.0", "id": 1773283510894, "result": {"content": [{"type": "text", "text": "🔭 **2026年8月天象预报**\n\n✨ **本月特殊天象**\n• **2026-08-12** 英仙座流星雨极大\n  每小时约100颗，年度最佳流星雨！\n• **2026-08-12** 日偏食\n  北京时间
2026-03-12 10:45:29 - AstroAgent - INFO - ✅ 对话已存入记忆 | 助手响应长度：280 字符
2026-03-12 10:45:29 - AstroAgent - INFO - ✅ HTTP客户端已关闭
2026-03-12 10:45:47 - AstroAgent - INFO - ✅ OnlineRetriever 已连接向量库：./vector_db
2026-03-12 10:45:47 - AstroAgent - INFO - ✅ 语言模型 qwen-max 初始化成功
2026-03-12 10:45:47 - AstroAgent - INFO - 正在建立SSE连接...
2026-03-12 10:45:47 - AstroAgent - INFO - ✅ 获取到session ID: 8db2c8af0d6e48ae99e57b037f8978cc
2026-03-12 10:45:47 - AstroAgent - INFO - 发送初始化请求...
2026-03-12 10:45:47 - AstroAgent - DEBUG - 初始化成功，服务器信息: {'name': 'Astronomy Server', 'version': '3.1.0'}
2026-03-12 10:45:47 - AstroAgent - INFO - 发送initialized通知...
2026-03-12 10:45:47 - AstroAgent - INFO - 获取工具列表...
2026-03-12 10:45:47 - AstroAgent - INFO - ✅ 从服务器获取到 12 个工具
2026-03-12 10:45:47 - AstroAgent - INFO - ✅ MCP会话初始化成功，会话ID: 8db2c8af0d6e48ae99e57b037f8978cc
2026-03-12 10:45:47 - AstroAgent - INFO - ✅ 成功注册 13 个天文工具
2026-03-12 10:45:47 - AstroAgent - INFO - ✅ 成功从外部文件读取prompt模板
2026-03-12 10:45:47 - AstroAgent - INFO - ✅ React Agent构建完成
2026-03-12 10:45:47 - AstroAgent - INFO - ✅ AstroAgent初始化完成，使用HTTP方式调用MCP服务器工具（完整会话管理）
2026-03-12 10:46:10 - AstroAgent - INFO - 
=== 处理用户查询：春天都有哪些适合观测的星座 ===
2026-03-12 10:46:15 - AstroAgent - INFO - 📄 RAG 检索上下文长度：2122 字符
2026-03-12 10:46:41 - AstroAgent - INFO - 📄 RAG 检索上下文长度：2122 字符
2026-03-12 10:46:56 - AstroAgent - INFO - ✅ 对话已存入记忆 | 助手响应长度：531 字符
2026-03-12 10:47:56 - AstroAgent - INFO - 
=== 处理用户查询：新手推荐哪些器材 ===
2026-03-12 10:48:29 - AstroAgent - INFO - ✅ 对话已存入记忆 | 助手响应长度：501 字符
2026-03-12 10:48:56 - AstroAgent - INFO - 
=== 处理用户查询：我在北京应该去哪儿观测 ===
2026-03-12 10:49:08 - AstroAgent - DEBUG - 调用工具 get_weather，处理后的参数: {'city': '{"city": "北京"}', 'extensions': 'base'}
2026-03-12 10:49:08 - AstroAgent - DEBUG - 工具响应: {"jsonrpc": "2.0", "id": 1773283748174, "result": {"content": [{"type": "text", "text": "{\"error\": \"AMAP_API_KEY 未配置，无法查询天气\"}"}], "structuredContent": {"result": "{\"error\": \"AMAP_API_KEY 未配置，无法
2026-03-12 10:49:54 - AstroAgent - INFO - ✅ 对话已存入记忆 | 助手响应长度：316 字符
2026-03-12 10:50:07 - AstroAgent - INFO - ✅ HTTP客户端已关闭
2026-03-12 10:50:27 - AstroAgent - INFO - ✅ OnlineRetriever 已连接向量库：./vector_db
2026-03-12 10:50:27 - AstroAgent - INFO - ✅ 语言模型 qwen-max 初始化成功
2026-03-12 10:50:27 - AstroAgent - INFO - 正在建立SSE连接...
2026-03-12 10:50:27 - AstroAgent - INFO - ✅ 获取到session ID: 3d0b5d93426147cfaa71865f7a368358
2026-03-12 10:50:27 - AstroAgent - INFO - 发送初始化请求...
2026-03-12 10:50:27 - AstroAgent - DEBUG - 初始化成功，服务器信息: {'name': 'Astronomy Server', 'version': '3.1.0'}
2026-03-12 10:50:27 - AstroAgent - INFO - 发送initialized通知...
2026-03-12 10:50:27 - AstroAgent - INFO - 获取工具列表...
2026-03-12 10:50:27 - AstroAgent - INFO - ✅ 从服务器获取到 12 个工具
2026-03-12 10:50:27 - AstroAgent - INFO - ✅ MCP会话初始化成功，会话ID: 3d0b5d93426147cfaa71865f7a368358
2026-03-12 10:50:27 - AstroAgent - INFO - ✅ 成功注册 13 个天文工具
2026-03-12 10:50:27 - AstroAgent - INFO - ✅ 成功从外部文件读取prompt模板
2026-03-12 10:50:27 - AstroAgent - INFO - ✅ React Agent构建完成
2026-03-12 10:50:27 - AstroAgent - INFO - ✅ AstroAgent初始化完成，使用HTTP方式调用MCP服务器工具（完整会话管理）
2026-03-12 10:50:27 - AstroAgent - INFO - ✅ OnlineRetriever 已连接向量库：./vector_db
2026-03-12 10:50:27 - AstroAgent - INFO - ✅ 语言模型 qwen-max 初始化成功
2026-03-12 10:50:27 - AstroAgent - INFO - 正在建立SSE连接...
2026-03-12 10:50:27 - AstroAgent - INFO - ✅ 获取到session ID: 4b39327452e44c6c90e60e5c6b292660
2026-03-12 10:50:27 - AstroAgent - INFO - 发送初始化请求...
2026-03-12 10:50:27 - AstroAgent - DEBUG - 初始化成功，服务器信息: {'name': 'Astronomy Server', 'version': '3.1.0'}
2026-03-12 10:50:27 - AstroAgent - INFO - 发送initialized通知...
2026-03-12 10:50:27 - AstroAgent - INFO - 获取工具列表...
2026-03-12 10:50:27 - AstroAgent - INFO - ✅ 从服务器获取到 12 个工具
2026-03-12 10:50:27 - AstroAgent - INFO - ✅ MCP会话初始化成功，会话ID: 4b39327452e44c6c90e60e5c6b292660
2026-03-12 10:50:27 - AstroAgent - INFO - ✅ 成功注册 13 个天文工具
2026-03-12 10:50:27 - AstroAgent - INFO - ✅ 成功从外部文件读取prompt模板
2026-03-12 10:50:27 - AstroAgent - INFO - ✅ React Agent构建完成
2026-03-12 10:50:27 - AstroAgent - INFO - ✅ AstroAgent初始化完成，使用HTTP方式调用MCP服务器工具（完整会话管理）
2026-03-12 10:50:39 - AstroAgent - INFO - ✅ OnlineRetriever 已连接向量库：./vector_db
2026-03-12 10:50:39 - AstroAgent - INFO - ✅ 语言模型 qwen-max 初始化成功
2026-03-12 10:50:39 - AstroAgent - INFO - 正在建立SSE连接...
2026-03-12 10:50:39 - AstroAgent - INFO - ✅ 获取到session ID: 74edf43f33c34b83a92a65a8b470b402
2026-03-12 10:50:39 - AstroAgent - INFO - 发送初始化请求...
2026-03-12 10:50:39 - AstroAgent - DEBUG - 初始化成功，服务器信息: {'name': 'Astronomy Server', 'version': '3.1.0'}
2026-03-12 10:50:39 - AstroAgent - INFO - 发送initialized通知...
2026-03-12 10:50:39 - AstroAgent - INFO - 获取工具列表...
2026-03-12 10:50:39 - AstroAgent - INFO - ✅ 从服务器获取到 12 个工具
2026-03-12 10:50:39 - AstroAgent - INFO - ✅ MCP会话初始化成功，会话ID: 74edf43f33c34b83a92a65a8b470b402
2026-03-12 10:50:39 - AstroAgent - INFO - ✅ 成功注册 13 个天文工具
2026-03-12 10:50:39 - AstroAgent - INFO - ✅ 成功从外部文件读取prompt模板
2026-03-12 10:50:39 - AstroAgent - INFO - ✅ React Agent构建完成
2026-03-12 10:50:39 - AstroAgent - INFO - ✅ AstroAgent初始化完成，使用HTTP方式调用MCP服务器工具（完整会话管理）
2026-03-12 10:50:51 - AstroAgent - INFO - 
=== 处理用户查询：在北京我应该去哪儿观测星空合适 ===
2026-03-12 10:50:54 - AstroAgent - DEBUG - 调用工具 get_weather，处理后的参数: {'city': '{"city": "北京"}', 'extensions': 'base'}
2026-03-12 10:50:54 - AstroAgent - DEBUG - 工具响应: {"jsonrpc": "2.0", "id": 1773283854742, "result": {"content": [{"type": "text", "text": "{\"error\": \"AMAP_API_KEY 未配置，无法查询天气\"}"}], "structuredContent": {"result": "{\"error\": \"AMAP_API_KEY 未配置，无法
2026-03-12 10:51:35 - AstroAgent - INFO - ✅ 对话已存入记忆 | 助手响应长度：357 字符
2026-03-12 10:52:14 - AstroAgent - INFO - ✅ HTTP客户端已关闭
2026-03-12 10:59:05 - AstroAgent - INFO - ✅ OnlineRetriever 已连接向量库：./vector_db
2026-03-12 10:59:05 - AstroAgent - INFO - ✅ 语言模型 qwen-max 初始化成功
2026-03-12 10:59:05 - AstroAgent - INFO - 正在建立SSE连接...
2026-03-12 10:59:05 - AstroAgent - INFO - ✅ 获取到session ID: 6b7458da0dbf4bc6810acb1c1073756f
2026-03-12 10:59:05 - AstroAgent - INFO - 发送初始化请求...
2026-03-12 10:59:05 - AstroAgent - DEBUG - 初始化成功，服务器信息: {'name': 'Astronomy Server', 'version': '3.1.0'}
2026-03-12 10:59:05 - AstroAgent - INFO - 发送initialized通知...
2026-03-12 10:59:05 - AstroAgent - INFO - 获取工具列表...
2026-03-12 10:59:05 - AstroAgent - INFO - ✅ 从服务器获取到 12 个工具
2026-03-12 10:59:05 - AstroAgent - INFO - ✅ MCP会话初始化成功，会话ID: 6b7458da0dbf4bc6810acb1c1073756f
2026-03-12 10:59:05 - AstroAgent - INFO - ✅ 成功注册 13 个天文工具
2026-03-12 10:59:05 - AstroAgent - INFO - ✅ 成功从外部文件读取prompt模板
2026-03-12 10:59:05 - AstroAgent - INFO - ✅ React Agent构建完成
2026-03-12 10:59:05 - AstroAgent - INFO - ✅ AstroAgent初始化完成，使用HTTP方式调用MCP服务器工具（完整会话管理）
2026-03-12 10:59:05 - AstroAgent - INFO - ✅ OnlineRetriever 已连接向量库：./vector_db
2026-03-12 10:59:05 - AstroAgent - INFO - ✅ 语言模型 qwen-max 初始化成功
2026-03-12 10:59:05 - AstroAgent - INFO - 正在建立SSE连接...
2026-03-12 10:59:05 - AstroAgent - INFO - ✅ 获取到session ID: 70e85511b75d4450a25205943d46b3f2
2026-03-12 10:59:05 - AstroAgent - INFO - 发送初始化请求...
2026-03-12 10:59:05 - AstroAgent - DEBUG - 初始化成功，服务器信息: {'name': 'Astronomy Server', 'version': '3.1.0'}
2026-03-12 10:59:05 - AstroAgent - INFO - 发送initialized通知...
2026-03-12 10:59:05 - AstroAgent - INFO - 获取工具列表...
2026-03-12 10:59:05 - AstroAgent - INFO - ✅ 从服务器获取到 12 个工具
2026-03-12 10:59:05 - AstroAgent - INFO - ✅ MCP会话初始化成功，会话ID: 70e85511b75d4450a25205943d46b3f2
2026-03-12 10:59:05 - AstroAgent - INFO - ✅ 成功注册 13 个天文工具
2026-03-12 10:59:05 - AstroAgent - INFO - ✅ 成功从外部文件读取prompt模板
2026-03-12 10:59:05 - AstroAgent - INFO - ✅ React Agent构建完成
2026-03-12 10:59:05 - AstroAgent - INFO - ✅ AstroAgent初始化完成，使用HTTP方式调用MCP服务器工具（完整会话管理）
2026-03-12 10:59:13 - AstroAgent - INFO - ✅ OnlineRetriever 已连接向量库：./vector_db
2026-03-12 10:59:13 - AstroAgent - INFO - ✅ 语言模型 qwen-max 初始化成功
2026-03-12 10:59:13 - AstroAgent - INFO - 正在建立SSE连接...
2026-03-12 10:59:13 - AstroAgent - INFO - ✅ 获取到session ID: 2d29fdc54dfc4126b66ebde160bc3197
2026-03-12 10:59:13 - AstroAgent - INFO - 发送初始化请求...
2026-03-12 10:59:13 - AstroAgent - DEBUG - 初始化成功，服务器信息: {'name': 'Astronomy Server', 'version': '3.1.0'}
2026-03-12 10:59:13 - AstroAgent - INFO - 发送initialized通知...
2026-03-12 10:59:13 - AstroAgent - INFO - 获取工具列表...
2026-03-12 10:59:13 - AstroAgent - INFO - ✅ 从服务器获取到 12 个工具
2026-03-12 10:59:13 - AstroAgent - INFO - ✅ MCP会话初始化成功，会话ID: 2d29fdc54dfc4126b66ebde160bc3197
2026-03-12 10:59:13 - AstroAgent - INFO - ✅ 成功注册 13 个天文工具
2026-03-12 10:59:13 - AstroAgent - INFO - ✅ 成功从外部文件读取prompt模板
2026-03-12 10:59:13 - AstroAgent - INFO - ✅ React Agent构建完成
2026-03-12 10:59:13 - AstroAgent - INFO - ✅ AstroAgent初始化完成，使用HTTP方式调用MCP服务器工具（完整会话管理）
2026-03-12 10:59:13 - AstroAgent - INFO - ✅ OnlineRetriever 已连接向量库：./vector_db
2026-03-12 10:59:13 - AstroAgent - INFO - ✅ 语言模型 qwen-max 初始化成功
2026-03-12 10:59:13 - AstroAgent - INFO - 正在建立SSE连接...
2026-03-12 10:59:13 - AstroAgent - INFO - ✅ 获取到session ID: a781df2e51fb4949aa70abecc79df1fa
2026-03-12 10:59:13 - AstroAgent - INFO - 发送初始化请求...
2026-03-12 10:59:13 - AstroAgent - DEBUG - 初始化成功，服务器信息: {'name': 'Astronomy Server', 'version': '3.1.0'}
2026-03-12 10:59:13 - AstroAgent - INFO - 发送initialized通知...
2026-03-12 10:59:13 - AstroAgent - INFO - 获取工具列表...
2026-03-12 10:59:13 - AstroAgent - INFO - ✅ 从服务器获取到 12 个工具
2026-03-12 10:59:13 - AstroAgent - INFO - ✅ MCP会话初始化成功，会话ID: a781df2e51fb4949aa70abecc79df1fa
2026-03-12 10:59:13 - AstroAgent - INFO - ✅ 成功注册 13 个天文工具
2026-03-12 10:59:13 - AstroAgent - INFO - ✅ 成功从外部文件读取prompt模板
2026-03-12 10:59:13 - AstroAgent - INFO - ✅ React Agent构建完成
2026-03-12 10:59:13 - AstroAgent - INFO - ✅ AstroAgent初始化完成，使用HTTP方式调用MCP服务器工具（完整会话管理）
2026-03-12 10:59:18 - AstroAgent - INFO - ✅ OnlineRetriever 已连接向量库：./vector_db
2026-03-12 10:59:18 - AstroAgent - INFO - ✅ 语言模型 qwen-max 初始化成功
2026-03-12 10:59:18 - AstroAgent - INFO - 正在建立SSE连接...
2026-03-12 10:59:18 - AstroAgent - INFO - ✅ 获取到session ID: 83cb7014765141b687ac50b868870b6c
2026-03-12 10:59:18 - AstroAgent - INFO - 发送初始化请求...
2026-03-12 10:59:18 - AstroAgent - DEBUG - 初始化成功，服务器信息: {'name': 'Astronomy Server', 'version': '3.1.0'}
2026-03-12 10:59:18 - AstroAgent - INFO - 发送initialized通知...
2026-03-12 10:59:18 - AstroAgent - INFO - 获取工具列表...
2026-03-12 10:59:19 - AstroAgent - INFO - ✅ 从服务器获取到 12 个工具
2026-03-12 10:59:19 - AstroAgent - INFO - ✅ MCP会话初始化成功，会话ID: 83cb7014765141b687ac50b868870b6c
2026-03-12 10:59:19 - AstroAgent - INFO - ✅ 成功注册 13 个天文工具
2026-03-12 10:59:19 - AstroAgent - INFO - ✅ 成功从外部文件读取prompt模板
2026-03-12 10:59:19 - AstroAgent - INFO - ✅ React Agent构建完成
2026-03-12 10:59:19 - AstroAgent - INFO - ✅ AstroAgent初始化完成，使用HTTP方式调用MCP服务器工具（完整会话管理）
2026-03-12 10:59:19 - AstroAgent - INFO - ✅ OnlineRetriever 已连接向量库：./vector_db
2026-03-12 10:59:19 - AstroAgent - INFO - ✅ 语言模型 qwen-max 初始化成功
2026-03-12 10:59:19 - AstroAgent - INFO - 正在建立SSE连接...
2026-03-12 10:59:19 - AstroAgent - INFO - ✅ 获取到session ID: 0b9f77c87b3d439d985936aa03ab67b1
2026-03-12 10:59:19 - AstroAgent - INFO - 发送初始化请求...
2026-03-12 10:59:19 - AstroAgent - DEBUG - 初始化成功，服务器信息: {'name': 'Astronomy Server', 'version': '3.1.0'}
2026-03-12 10:59:19 - AstroAgent - INFO - 发送initialized通知...
2026-03-12 10:59:19 - AstroAgent - INFO - 获取工具列表...
2026-03-12 10:59:19 - AstroAgent - INFO - ✅ 从服务器获取到 12 个工具
2026-03-12 10:59:19 - AstroAgent - INFO - ✅ MCP会话初始化成功，会话ID: 0b9f77c87b3d439d985936aa03ab67b1
2026-03-12 10:59:19 - AstroAgent - INFO - ✅ 成功注册 13 个天文工具
2026-03-12 10:59:19 - AstroAgent - INFO - ✅ 成功从外部文件读取prompt模板
2026-03-12 10:59:19 - AstroAgent - INFO - ✅ React Agent构建完成
2026-03-12 10:59:19 - AstroAgent - INFO - ✅ AstroAgent初始化完成，使用HTTP方式调用MCP服务器工具（完整会话管理）
2026-03-12 10:59:28 - AstroAgent - INFO - ✅ OnlineRetriever 已连接向量库：./vector_db
2026-03-12 10:59:28 - AstroAgent - INFO - ✅ 语言模型 qwen-max 初始化成功
2026-03-12 10:59:29 - AstroAgent - INFO - 正在建立SSE连接...
2026-03-12 10:59:29 - AstroAgent - INFO - ✅ 获取到session ID: de515e30feec4539a5198e4bdcaf153e
2026-03-12 10:59:29 - AstroAgent - INFO - 发送初始化请求...
2026-03-12 10:59:29 - AstroAgent - DEBUG - 初始化成功，服务器信息: {'name': 'Astronomy Server', 'version': '3.1.0'}
2026-03-12 10:59:29 - AstroAgent - INFO - 发送initialized通知...
2026-03-12 10:59:29 - AstroAgent - INFO - 获取工具列表...
2026-03-12 10:59:29 - AstroAgent - INFO - ✅ 从服务器获取到 12 个工具
2026-03-12 10:59:29 - AstroAgent - INFO - ✅ MCP会话初始化成功，会话ID: de515e30feec4539a5198e4bdcaf153e
2026-03-12 10:59:29 - AstroAgent - INFO - ✅ 成功注册 13 个天文工具
2026-03-12 10:59:29 - AstroAgent - INFO - ✅ 成功从外部文件读取prompt模板
2026-03-12 10:59:29 - AstroAgent - INFO - ✅ React Agent构建完成
2026-03-12 10:59:29 - AstroAgent - INFO - ✅ AstroAgent初始化完成，使用HTTP方式调用MCP服务器工具（完整会话管理）
2026-03-12 10:59:29 - AstroAgent - INFO - ✅ OnlineRetriever 已连接向量库：./vector_db
2026-03-12 10:59:29 - AstroAgent - INFO - ✅ 语言模型 qwen-max 初始化成功
2026-03-12 10:59:29 - AstroAgent - INFO - 正在建立SSE连接...
2026-03-12 10:59:29 - AstroAgent - INFO - ✅ 获取到session ID: 89eea89e083c4fabb79cae57d92f62d0
2026-03-12 10:59:29 - AstroAgent - INFO - 发送初始化请求...
2026-03-12 10:59:29 - AstroAgent - DEBUG - 初始化成功，服务器信息: {'name': 'Astronomy Server', 'version': '3.1.0'}
2026-03-12 10:59:29 - AstroAgent - INFO - 发送initialized通知...
2026-03-12 10:59:29 - AstroAgent - INFO - 获取工具列表...
2026-03-12 10:59:29 - AstroAgent - INFO - ✅ 从服务器获取到 12 个工具
2026-03-12 10:59:29 - AstroAgent - INFO - ✅ MCP会话初始化成功，会话ID: 89eea89e083c4fabb79cae57d92f62d0
2026-03-12 10:59:29 - AstroAgent - INFO - ✅ 成功注册 13 个天文工具
2026-03-12 10:59:29 - AstroAgent - INFO - ✅ 成功从外部文件读取prompt模板
2026-03-12 10:59:29 - AstroAgent - INFO - ✅ React Agent构建完成
2026-03-12 10:59:29 - AstroAgent - INFO - ✅ AstroAgent初始化完成，使用HTTP方式调用MCP服务器工具（完整会话管理）
2026-03-12 10:59:59 - AstroAgent - INFO - ✅ OnlineRetriever 已连接向量库：./vector_db
2026-03-12 10:59:59 - AstroAgent - INFO - ✅ 语言模型 qwen-max 初始化成功
2026-03-12 10:59:59 - AstroAgent - INFO - 正在建立SSE连接...
2026-03-12 10:59:59 - AstroAgent - INFO - ✅ 获取到session ID: 869b6e8e14c14b9096839e17d2d1db0f
2026-03-12 10:59:59 - AstroAgent - INFO - 发送初始化请求...
2026-03-12 10:59:59 - AstroAgent - DEBUG - 初始化成功，服务器信息: {'name': 'Astronomy Server', 'version': '3.1.0'}
2026-03-12 10:59:59 - AstroAgent - INFO - 发送initialized通知...
2026-03-12 10:59:59 - AstroAgent - INFO - 获取工具列表...
2026-03-12 10:59:59 - AstroAgent - INFO - ✅ 从服务器获取到 12 个工具
2026-03-12 10:59:59 - AstroAgent - INFO - ✅ MCP会话初始化成功，会话ID: 869b6e8e14c14b9096839e17d2d1db0f
2026-03-12 10:59:59 - AstroAgent - INFO - ✅ 成功注册 13 个天文工具
2026-03-12 10:59:59 - AstroAgent - INFO - ✅ 成功从外部文件读取prompt模板
2026-03-12 10:59:59 - AstroAgent - INFO - ✅ React Agent构建完成
2026-03-12 10:59:59 - AstroAgent - INFO - ✅ AstroAgent初始化完成，使用HTTP方式调用MCP服务器工具（完整会话管理）
2026-03-12 11:00:00 - AstroAgent - INFO - ✅ OnlineRetriever 已连接向量库：./vector_db
2026-03-12 11:00:00 - AstroAgent - INFO - ✅ 语言模型 qwen-max 初始化成功
2026-03-12 11:00:00 - AstroAgent - INFO - 正在建立SSE连接...
2026-03-12 11:00:00 - AstroAgent - INFO - ✅ 获取到session ID: e54d395b2cb04bacac4b378c86936b6e
2026-03-12 11:00:00 - AstroAgent - INFO - 发送初始化请求...
2026-03-12 11:00:00 - AstroAgent - DEBUG - 初始化成功，服务器信息: {'name': 'Astronomy Server', 'version': '3.1.0'}
2026-03-12 11:00:00 - AstroAgent - INFO - 发送initialized通知...
2026-03-12 11:00:00 - AstroAgent - INFO - 获取工具列表...
2026-03-12 11:00:00 - AstroAgent - INFO - ✅ 从服务器获取到 12 个工具
2026-03-12 11:00:00 - AstroAgent - INFO - ✅ MCP会话初始化成功，会话ID: e54d395b2cb04bacac4b378c86936b6e
2026-03-12 11:00:00 - AstroAgent - INFO - ✅ 成功注册 13 个天文工具
2026-03-12 11:00:00 - AstroAgent - INFO - ✅ 成功从外部文件读取prompt模板
2026-03-12 11:00:00 - AstroAgent - INFO - ✅ React Agent构建完成
2026-03-12 11:00:00 - AstroAgent - INFO - ✅ AstroAgent初始化完成，使用HTTP方式调用MCP服务器工具（完整会话管理）
2026-03-12 11:00:05 - AstroAgent - INFO - ✅ OnlineRetriever 已连接向量库：./vector_db
2026-03-12 11:00:05 - AstroAgent - INFO - ✅ 语言模型 qwen-max 初始化成功
2026-03-12 11:00:05 - AstroAgent - INFO - 正在建立SSE连接...
2026-03-12 11:00:05 - AstroAgent - INFO - ✅ 获取到session ID: 7a55b2affb89422eb0f27eda5c696937
2026-03-12 11:00:05 - AstroAgent - INFO - 发送初始化请求...
2026-03-12 11:00:05 - AstroAgent - DEBUG - 初始化成功，服务器信息: {'name': 'Astronomy Server', 'version': '3.1.0'}
2026-03-12 11:00:05 - AstroAgent - INFO - 发送initialized通知...
2026-03-12 11:00:05 - AstroAgent - INFO - 获取工具列表...
2026-03-12 11:00:05 - AstroAgent - INFO - ✅ 从服务器获取到 12 个工具
2026-03-12 11:00:05 - AstroAgent - INFO - ✅ MCP会话初始化成功，会话ID: 7a55b2affb89422eb0f27eda5c696937
2026-03-12 11:00:05 - AstroAgent - INFO - ✅ 成功注册 13 个天文工具
2026-03-12 11:00:05 - AstroAgent - INFO - ✅ 成功从外部文件读取prompt模板
2026-03-12 11:00:05 - AstroAgent - INFO - ✅ React Agent构建完成
2026-03-12 11:00:05 - AstroAgent - INFO - ✅ AstroAgent初始化完成，使用HTTP方式调用MCP服务器工具（完整会话管理）
2026-03-12 11:00:05 - AstroAgent - INFO - ✅ OnlineRetriever 已连接向量库：./vector_db
2026-03-12 11:00:05 - AstroAgent - INFO - ✅ 语言模型 qwen-max 初始化成功
2026-03-12 11:00:05 - AstroAgent - INFO - 正在建立SSE连接...
2026-03-12 11:00:05 - AstroAgent - INFO - ✅ 获取到session ID: 16afdd193dbb4f28917484c389a6fac9
2026-03-12 11:00:05 - AstroAgent - INFO - 发送初始化请求...
2026-03-12 11:00:05 - AstroAgent - DEBUG - 初始化成功，服务器信息: {'name': 'Astronomy Server', 'version': '3.1.0'}
2026-03-12 11:00:05 - AstroAgent - INFO - 发送initialized通知...
2026-03-12 11:00:05 - AstroAgent - INFO - 获取工具列表...
2026-03-12 11:00:05 - AstroAgent - INFO - ✅ 从服务器获取到 12 个工具
2026-03-12 11:00:05 - AstroAgent - INFO - ✅ MCP会话初始化成功，会话ID: 16afdd193dbb4f28917484c389a6fac9
2026-03-12 11:00:05 - AstroAgent - INFO - ✅ 成功注册 13 个天文工具
2026-03-12 11:00:05 - AstroAgent - INFO - ✅ 成功从外部文件读取prompt模板
2026-03-12 11:00:05 - AstroAgent - INFO - ✅ React Agent构建完成
2026-03-12 11:00:05 - AstroAgent - INFO - ✅ AstroAgent初始化完成，使用HTTP方式调用MCP服务器工具（完整会话管理）
2026-03-12 11:00:15 - AstroAgent - INFO - ✅ OnlineRetriever 已连接向量库：./vector_db
2026-03-12 11:00:15 - AstroAgent - INFO - ✅ 语言模型 qwen-max 初始化成功
2026-03-12 11:00:15 - AstroAgent - INFO - 正在建立SSE连接...
2026-03-12 11:00:15 - AstroAgent - INFO - ✅ 获取到session ID: a350cf69150948f380d3f137976f45ab
2026-03-12 11:00:15 - AstroAgent - INFO - 发送初始化请求...
2026-03-12 11:00:15 - AstroAgent - DEBUG - 初始化成功，服务器信息: {'name': 'Astronomy Server', 'version': '3.1.0'}
2026-03-12 11:00:15 - AstroAgent - INFO - 发送initialized通知...
2026-03-12 11:00:15 - AstroAgent - INFO - 获取工具列表...
2026-03-12 11:00:15 - AstroAgent - INFO - ✅ 从服务器获取到 12 个工具
2026-03-12 11:00:15 - AstroAgent - INFO - ✅ MCP会话初始化成功，会话ID: a350cf69150948f380d3f137976f45ab
2026-03-12 11:00:15 - AstroAgent - INFO - ✅ 成功注册 13 个天文工具
2026-03-12 11:00:15 - AstroAgent - INFO - ✅ 成功从外部文件读取prompt模板
2026-03-12 11:00:15 - AstroAgent - INFO - ✅ React Agent构建完成
2026-03-12 11:00:15 - AstroAgent - INFO - ✅ AstroAgent初始化完成，使用HTTP方式调用MCP服务器工具（完整会话管理）
2026-03-12 11:00:15 - AstroAgent - INFO - ✅ OnlineRetriever 已连接向量库：./vector_db
2026-03-12 11:00:15 - AstroAgent - INFO - ✅ 语言模型 qwen-max 初始化成功
2026-03-12 11:00:15 - AstroAgent - INFO - 正在建立SSE连接...
2026-03-12 11:00:15 - AstroAgent - INFO - ✅ 获取到session ID: eb773b1080204c8d84bc1a85d3998e20
2026-03-12 11:00:15 - AstroAgent - INFO - 发送初始化请求...
2026-03-12 11:00:15 - AstroAgent - DEBUG - 初始化成功，服务器信息: {'name': 'Astronomy Server', 'version': '3.1.0'}
2026-03-12 11:00:15 - AstroAgent - INFO - 发送initialized通知...
2026-03-12 11:00:15 - AstroAgent - INFO - 获取工具列表...
2026-03-12 11:00:15 - AstroAgent - INFO - ✅ 从服务器获取到 12 个工具
2026-03-12 11:00:15 - AstroAgent - INFO - ✅ MCP会话初始化成功，会话ID: eb773b1080204c8d84bc1a85d3998e20
2026-03-12 11:00:15 - AstroAgent - INFO - ✅ 成功注册 13 个天文工具
2026-03-12 11:00:15 - AstroAgent - INFO - ✅ 成功从外部文件读取prompt模板
2026-03-12 11:00:15 - AstroAgent - INFO - ✅ React Agent构建完成
2026-03-12 11:00:15 - AstroAgent - INFO - ✅ AstroAgent初始化完成，使用HTTP方式调用MCP服务器工具（完整会话管理）
2026-03-12 11:26:45 - AstroAgent - INFO - ✅ OnlineRetriever 已连接向量库：./vector_db
2026-03-12 11:26:45 - AstroAgent - INFO - ✅ 语言模型 qwen-max 初始化成功
2026-03-12 11:26:45 - AstroAgent - INFO - 正在建立SSE连接...
2026-03-12 11:26:45 - AstroAgent - ERROR - ❌ MCP会话初始化失败: [Errno 111] Connection refused
2026-03-12 11:26:45 - AstroAgent - INFO - ✅ 成功注册 13 个天文工具
2026-03-12 11:26:45 - AstroAgent - INFO - ✅ 成功从外部文件读取prompt模板
2026-03-12 11:26:45 - AstroAgent - INFO - ✅ React Agent构建完成
2026-03-12 11:26:45 - AstroAgent - INFO - ✅ AstroAgent初始化完成，使用HTTP方式调用MCP服务器工具（完整会话管理）
2026-03-12 11:27:09 - AstroAgent - INFO - ✅ OnlineRetriever 已连接向量库：./vector_db
2026-03-12 11:27:09 - AstroAgent - INFO - ✅ 语言模型 qwen-max 初始化成功
2026-03-12 11:27:09 - AstroAgent - INFO - 正在建立SSE连接...
2026-03-12 11:27:09 - AstroAgent - INFO - ✅ 获取到session ID: 2ad8297103b5458d91b994eea86a5676
2026-03-12 11:27:09 - AstroAgent - INFO - 发送初始化请求...
2026-03-12 11:27:09 - AstroAgent - DEBUG - 初始化成功，服务器信息: {'name': 'Astronomy Server', 'version': '3.1.0'}
2026-03-12 11:27:09 - AstroAgent - INFO - 发送initialized通知...
2026-03-12 11:27:09 - AstroAgent - INFO - 获取工具列表...
2026-03-12 11:27:09 - AstroAgent - INFO - ✅ 从服务器获取到 12 个工具
2026-03-12 11:27:09 - AstroAgent - INFO - ✅ MCP会话初始化成功，会话ID: 2ad8297103b5458d91b994eea86a5676
2026-03-12 11:27:09 - AstroAgent - INFO - ✅ 成功注册 13 个天文工具
2026-03-12 11:27:09 - AstroAgent - INFO - ✅ 成功从外部文件读取prompt模板
2026-03-12 11:27:09 - AstroAgent - INFO - ✅ React Agent构建完成
2026-03-12 11:27:09 - AstroAgent - INFO - ✅ AstroAgent初始化完成，使用HTTP方式调用MCP服务器工具（完整会话管理）
2026-03-12 11:27:11 - AstroAgent - INFO - ✅ OnlineRetriever 已连接向量库：./vector_db
2026-03-12 11:27:11 - AstroAgent - INFO - ✅ 语言模型 qwen-max 初始化成功
2026-03-12 11:27:11 - AstroAgent - INFO - 正在建立SSE连接...
2026-03-12 11:27:11 - AstroAgent - INFO - ✅ 获取到session ID: fdd14a3878ff42b391be72bda41649b9
2026-03-12 11:27:11 - AstroAgent - INFO - 发送初始化请求...
2026-03-12 11:27:11 - AstroAgent - DEBUG - 初始化成功，服务器信息: {'name': 'Astronomy Server', 'version': '3.1.0'}
2026-03-12 11:27:11 - AstroAgent - INFO - 发送initialized通知...
2026-03-12 11:27:11 - AstroAgent - INFO - 获取工具列表...
2026-03-12 11:27:11 - AstroAgent - INFO - ✅ 从服务器获取到 12 个工具
2026-03-12 11:27:11 - AstroAgent - INFO - ✅ MCP会话初始化成功，会话ID: fdd14a3878ff42b391be72bda41649b9
2026-03-12 11:27:11 - AstroAgent - INFO - ✅ 成功注册 13 个天文工具
2026-03-12 11:27:11 - AstroAgent - INFO - ✅ 成功从外部文件读取prompt模板
2026-03-12 11:27:11 - AstroAgent - INFO - ✅ React Agent构建完成
2026-03-12 11:27:11 - AstroAgent - INFO - ✅ AstroAgent初始化完成，使用HTTP方式调用MCP服务器工具（完整会话管理）
2026-03-12 11:27:11 - AstroAgent - INFO - ✅ OnlineRetriever 已连接向量库：./vector_db
2026-03-12 11:27:11 - AstroAgent - INFO - ✅ 语言模型 qwen-max 初始化成功
2026-03-12 11:27:11 - AstroAgent - INFO - 正在建立SSE连接...
2026-03-12 11:27:11 - AstroAgent - INFO - ✅ 获取到session ID: 4231ffe8570e43ffaf32c56754a99823
2026-03-12 11:27:11 - AstroAgent - INFO - 发送初始化请求...
2026-03-12 11:27:11 - AstroAgent - DEBUG - 初始化成功，服务器信息: {'name': 'Astronomy Server', 'version': '3.1.0'}
2026-03-12 11:27:11 - AstroAgent - INFO - 发送initialized通知...
2026-03-12 11:27:11 - AstroAgent - INFO - 获取工具列表...
2026-03-12 11:27:11 - AstroAgent - INFO - ✅ 从服务器获取到 12 个工具
2026-03-12 11:27:11 - AstroAgent - INFO - ✅ MCP会话初始化成功，会话ID: 4231ffe8570e43ffaf32c56754a99823
2026-03-12 11:27:11 - AstroAgent - INFO - ✅ 成功注册 13 个天文工具
2026-03-12 11:27:11 - AstroAgent - INFO - ✅ 成功从外部文件读取prompt模板
2026-03-12 11:27:11 - AstroAgent - INFO - ✅ React Agent构建完成
2026-03-12 11:27:11 - AstroAgent - INFO - ✅ AstroAgent初始化完成，使用HTTP方式调用MCP服务器工具（完整会话管理）
2026-03-12 11:27:16 - AstroAgent - INFO - ✅ OnlineRetriever 已连接向量库：./vector_db
2026-03-12 11:27:16 - AstroAgent - INFO - ✅ 语言模型 qwen-max 初始化成功
2026-03-12 11:27:16 - AstroAgent - INFO - 正在建立SSE连接...
2026-03-12 11:27:16 - AstroAgent - INFO - ✅ 获取到session ID: 5de66e1427914d278514cdbd6c237f49
2026-03-12 11:27:16 - AstroAgent - INFO - 发送初始化请求...
2026-03-12 11:27:16 - AstroAgent - DEBUG - 初始化成功，服务器信息: {'name': 'Astronomy Server', 'version': '3.1.0'}
2026-03-12 11:27:16 - AstroAgent - INFO - 发送initialized通知...
2026-03-12 11:27:16 - AstroAgent - INFO - 获取工具列表...
2026-03-12 11:27:16 - AstroAgent - INFO - ✅ 从服务器获取到 12 个工具
2026-03-12 11:27:16 - AstroAgent - INFO - ✅ MCP会话初始化成功，会话ID: 5de66e1427914d278514cdbd6c237f49
2026-03-12 11:27:16 - AstroAgent - INFO - ✅ 成功注册 13 个天文工具
2026-03-12 11:27:16 - AstroAgent - INFO - ✅ 成功从外部文件读取prompt模板
2026-03-12 11:27:16 - AstroAgent - INFO - ✅ React Agent构建完成
2026-03-12 11:27:16 - AstroAgent - INFO - ✅ AstroAgent初始化完成，使用HTTP方式调用MCP服务器工具（完整会话管理）
2026-03-12 11:27:23 - AstroAgent - INFO - 
=== 处理用户查询：北京今晚适合观星吗 ===
2026-03-12 11:27:27 - AstroAgent - DEBUG - 调用工具 get_weather，处理后的参数: {'city': '{"city": "北京", "extensions": "base"}', 'extensions': 'base'}
2026-03-12 11:27:27 - AstroAgent - DEBUG - 工具响应: {"jsonrpc": "2.0", "id": 1773286047621, "result": {"content": [{"type": "text", "text": "{\"query_city\": \"北京\", \"extensions\": \"base\", \"raw\": {\"status\": \"1\", \"count\": \"1\", \"info\": \"O
2026-03-12 11:27:36 - AstroAgent - INFO - ✅ 对话已存入记忆 | 助手响应长度：102 字符
2026-03-12 11:31:11 - AstroAgent - INFO - 
=== 处理用户查询：苏州天气如何，观测吗 ===
2026-03-12 11:31:16 - AstroAgent - DEBUG - 调用工具 get_weather，处理后的参数: {'city': '{"city": "苏州", "extensions": "base"}', 'extensions': 'base'}
2026-03-12 11:31:16 - AstroAgent - DEBUG - 工具响应: {"jsonrpc": "2.0", "id": 1773286276815, "result": {"content": [{"type": "text", "text": "{\"query_city\": \"苏州\", \"extensions\": \"base\", \"raw\": {\"status\": \"1\", \"count\": \"1\", \"info\": \"O
2026-03-12 11:31:23 - AstroAgent - INFO - ✅ 对话已存入记忆 | 助手响应长度：97 字符
2026-03-12 11:34:23 - AstroAgent - INFO - ✅ HTTP客户端已关闭
2026-03-12 11:36:02 - AstroAgent - INFO - ✅ OnlineRetriever 已连接向量库：./vector_db
2026-03-12 11:36:02 - AstroAgent - INFO - ✅ 语言模型 qwen-max 初始化成功
2026-03-12 11:36:03 - AstroAgent - INFO - 正在建立SSE连接...
2026-03-12 11:36:03 - AstroAgent - INFO - ✅ 获取到session ID: 3e5a50b8c5ff4c3bb6d0c959dfd234e4
2026-03-12 11:36:03 - AstroAgent - INFO - 发送初始化请求...
2026-03-12 11:36:03 - AstroAgent - DEBUG - 初始化成功，服务器信息: {'name': 'Astronomy Server', 'version': '3.1.0'}
2026-03-12 11:36:03 - AstroAgent - INFO - 发送initialized通知...
2026-03-12 11:36:03 - AstroAgent - INFO - 获取工具列表...
2026-03-12 11:36:03 - AstroAgent - INFO - ✅ 从服务器获取到 12 个工具
2026-03-12 11:36:03 - AstroAgent - INFO - ✅ MCP会话初始化成功，会话ID: 3e5a50b8c5ff4c3bb6d0c959dfd234e4
2026-03-12 11:36:03 - AstroAgent - INFO - ✅ 成功注册 13 个天文工具
2026-03-12 11:36:03 - AstroAgent - INFO - ✅ 成功从外部文件读取prompt模板
2026-03-12 11:36:03 - AstroAgent - INFO - ✅ React Agent构建完成
2026-03-12 11:36:03 - AstroAgent - INFO - ✅ AstroAgent初始化完成，使用HTTP方式调用MCP服务器工具（完整会话管理）
2026-03-12 11:36:03 - AstroAgent - INFO - ✅ OnlineRetriever 已连接向量库：./vector_db
2026-03-12 11:36:03 - AstroAgent - INFO - ✅ 语言模型 qwen-max 初始化成功
2026-03-12 11:36:03 - AstroAgent - INFO - 正在建立SSE连接...
2026-03-12 11:36:03 - AstroAgent - INFO - ✅ 获取到session ID: aa8ff35e5fe04cbd829be8763c4715fd
2026-03-12 11:36:03 - AstroAgent - INFO - 发送初始化请求...
2026-03-12 11:36:03 - AstroAgent - DEBUG - 初始化成功，服务器信息: {'name': 'Astronomy Server', 'version': '3.1.0'}
2026-03-12 11:36:03 - AstroAgent - INFO - 发送initialized通知...
2026-03-12 11:36:03 - AstroAgent - INFO - 获取工具列表...
2026-03-12 11:36:03 - AstroAgent - INFO - ✅ 从服务器获取到 12 个工具
2026-03-12 11:36:03 - AstroAgent - INFO - ✅ MCP会话初始化成功，会话ID: aa8ff35e5fe04cbd829be8763c4715fd
2026-03-12 11:36:03 - AstroAgent - INFO - ✅ 成功注册 13 个天文工具
2026-03-12 11:36:03 - AstroAgent - INFO - ✅ 成功从外部文件读取prompt模板
2026-03-12 11:36:03 - AstroAgent - INFO - ✅ React Agent构建完成
2026-03-12 11:36:03 - AstroAgent - INFO - ✅ AstroAgent初始化完成，使用HTTP方式调用MCP服务器工具（完整会话管理）
2026-03-12 11:39:12 - AstroAgent - INFO - ✅ OnlineRetriever 已连接向量库：./vector_db
2026-03-12 11:39:12 - AstroAgent - INFO - ✅ 语言模型 qwen-max 初始化成功
2026-03-12 11:39:12 - AstroAgent - INFO - 正在建立SSE连接...
2026-03-12 11:39:12 - AstroAgent - INFO - ✅ 获取到session ID: ef3b7f355ef847a295c839c58bcba08e
2026-03-12 11:39:12 - AstroAgent - INFO - 发送初始化请求...
2026-03-12 11:39:12 - AstroAgent - DEBUG - 初始化成功，服务器信息: {'name': 'Astronomy Server', 'version': '3.1.0'}
2026-03-12 11:39:12 - AstroAgent - INFO - 发送initialized通知...
2026-03-12 11:39:12 - AstroAgent - INFO - 获取工具列表...
2026-03-12 11:39:12 - AstroAgent - INFO - ✅ 从服务器获取到 12 个工具
2026-03-12 11:39:12 - AstroAgent - INFO - ✅ MCP会话初始化成功，会话ID: ef3b7f355ef847a295c839c58bcba08e
2026-03-12 11:39:12 - AstroAgent - INFO - ✅ 成功注册 13 个天文工具
2026-03-12 11:39:12 - AstroAgent - INFO - ✅ 成功从外部文件读取prompt模板
2026-03-12 11:39:12 - AstroAgent - INFO - ✅ React Agent构建完成
2026-03-12 11:39:12 - AstroAgent - INFO - ✅ AstroAgent初始化完成，使用HTTP方式调用MCP服务器工具（完整会话管理）
2026-03-12 11:39:19 - AstroAgent - INFO - 
=== 处理用户查询：铁岭天气如何，适合观星吗 ===
2026-03-12 11:39:25 - AstroAgent - DEBUG - 调用工具 get_weather，处理后的参数: {'city': '{"city": "铁岭"}', 'extensions': 'base'}
2026-03-12 11:39:25 - AstroAgent - DEBUG - 工具响应: {"jsonrpc": "2.0", "id": 1773286765587, "result": {"content": [{"type": "text", "text": "{\"query_city\": \"铁岭\", \"extensions\": \"base\", \"raw\": {\"status\": \"1\", \"count\": \"2\", \"info\": \"O
2026-03-12 11:39:35 - AstroAgent - INFO - ✅ 对话已存入记忆 | 助手响应长度：90 字符
2026-03-12 11:40:20 - AstroAgent - INFO - ✅ HTTP客户端已关闭
2026-03-12 13:32:32 - AstroAgent - INFO - ✅ OnlineRetriever 已连接向量库：./vector_db
2026-03-12 13:32:32 - AstroAgent - INFO - ✅ 语言模型 qwen-max 初始化成功
2026-03-12 13:32:32 - AstroAgent - INFO - 正在建立SSE连接...
2026-03-12 13:32:32 - AstroAgent - INFO - ✅ 获取到session ID: 9e1d2020346147f28b0cfc2d54d4e1b1
2026-03-12 13:32:32 - AstroAgent - INFO - 发送初始化请求...
2026-03-12 13:32:32 - AstroAgent - DEBUG - 初始化成功，服务器信息: {'name': 'Astronomy Server', 'version': '3.1.0'}
2026-03-12 13:32:32 - AstroAgent - INFO - 发送initialized通知...
2026-03-12 13:32:32 - AstroAgent - INFO - 获取工具列表...
2026-03-12 13:32:32 - AstroAgent - INFO - ✅ 从服务器获取到 12 个工具
2026-03-12 13:32:32 - AstroAgent - INFO - ✅ MCP会话初始化成功，会话ID: 9e1d2020346147f28b0cfc2d54d4e1b1
2026-03-12 13:32:32 - AstroAgent - INFO - ✅ 成功注册 13 个天文工具
2026-03-12 13:32:32 - AstroAgent - INFO - ✅ 成功从外部文件读取prompt模板
2026-03-12 13:32:32 - AstroAgent - INFO - ✅ React Agent构建完成
2026-03-12 13:32:32 - AstroAgent - INFO - ✅ AstroAgent初始化完成，使用HTTP方式调用MCP服务器工具（完整会话管理）
2026-03-12 13:32:32 - AstroAgent - INFO - ✅ OnlineRetriever 已连接向量库：./vector_db
2026-03-12 13:32:32 - AstroAgent - INFO - ✅ 语言模型 qwen-max 初始化成功
2026-03-12 13:32:32 - AstroAgent - INFO - 正在建立SSE连接...
2026-03-12 13:32:32 - AstroAgent - INFO - ✅ 获取到session ID: 020425a539814cd682a9f40c62ed6bd6
2026-03-12 13:32:32 - AstroAgent - INFO - 发送初始化请求...
2026-03-12 13:32:32 - AstroAgent - DEBUG - 初始化成功，服务器信息: {'name': 'Astronomy Server', 'version': '3.1.0'}
2026-03-12 13:32:32 - AstroAgent - INFO - 发送initialized通知...
2026-03-12 13:32:32 - AstroAgent - INFO - 获取工具列表...
2026-03-12 13:32:32 - AstroAgent - INFO - ✅ 从服务器获取到 12 个工具
2026-03-12 13:32:32 - AstroAgent - INFO - ✅ MCP会话初始化成功，会话ID: 020425a539814cd682a9f40c62ed6bd6
2026-03-12 13:32:32 - AstroAgent - INFO - ✅ 成功注册 13 个天文工具
2026-03-12 13:32:32 - AstroAgent - INFO - ✅ 成功从外部文件读取prompt模板
2026-03-12 13:32:32 - AstroAgent - INFO - ✅ React Agent构建完成
2026-03-12 13:32:32 - AstroAgent - INFO - ✅ AstroAgent初始化完成，使用HTTP方式调用MCP服务器工具（完整会话管理）
2026-03-12 13:34:13 - AstroAgent - INFO - ✅ OnlineRetriever 已连接向量库：./vector_db
2026-03-12 13:34:13 - AstroAgent - INFO - ✅ 语言模型 qwen-max 初始化成功
2026-03-12 13:34:13 - AstroAgent - INFO - 正在建立SSE连接...
2026-03-12 13:34:13 - AstroAgent - INFO - ✅ 获取到session ID: 693fcef5e18147468c7bf137ab773568
2026-03-12 13:34:13 - AstroAgent - INFO - 发送初始化请求...
2026-03-12 13:34:13 - AstroAgent - DEBUG - 初始化成功，服务器信息: {'name': 'Astronomy Server', 'version': '3.1.0'}
2026-03-12 13:34:13 - AstroAgent - INFO - 发送initialized通知...
2026-03-12 13:34:13 - AstroAgent - INFO - 获取工具列表...
2026-03-12 13:34:13 - AstroAgent - INFO - ✅ 从服务器获取到 12 个工具
2026-03-12 13:34:13 - AstroAgent - INFO - ✅ MCP会话初始化成功，会话ID: 693fcef5e18147468c7bf137ab773568
2026-03-12 13:34:13 - AstroAgent - INFO - ✅ 成功注册 13 个天文工具
2026-03-12 13:34:13 - AstroAgent - INFO - ✅ 成功从外部文件读取prompt模板
2026-03-12 13:34:13 - AstroAgent - INFO - ✅ React Agent构建完成
2026-03-12 13:34:13 - AstroAgent - INFO - ✅ AstroAgent初始化完成，使用HTTP方式调用MCP服务器工具（完整会话管理）
2026-03-12 13:34:13 - AstroAgent - INFO - ✅ OnlineRetriever 已连接向量库：./vector_db
2026-03-12 13:34:13 - AstroAgent - INFO - ✅ 语言模型 qwen-max 初始化成功
2026-03-12 13:34:13 - AstroAgent - INFO - 正在建立SSE连接...
2026-03-12 13:34:13 - AstroAgent - INFO - ✅ 获取到session ID: 71f8a4ce04d24bfdb5bcaf516c761980
2026-03-12 13:34:13 - AstroAgent - INFO - 发送初始化请求...
2026-03-12 13:34:13 - AstroAgent - DEBUG - 初始化成功，服务器信息: {'name': 'Astronomy Server', 'version': '3.1.0'}
2026-03-12 13:34:13 - AstroAgent - INFO - 发送initialized通知...
2026-03-12 13:34:13 - AstroAgent - INFO - 获取工具列表...
2026-03-12 13:34:13 - AstroAgent - INFO - ✅ 从服务器获取到 12 个工具
2026-03-12 13:34:13 - AstroAgent - INFO - ✅ MCP会话初始化成功，会话ID: 71f8a4ce04d24bfdb5bcaf516c761980
2026-03-12 13:34:13 - AstroAgent - INFO - ✅ 成功注册 13 个天文工具
2026-03-12 13:34:13 - AstroAgent - INFO - ✅ 成功从外部文件读取prompt模板
2026-03-12 13:34:13 - AstroAgent - INFO - ✅ React Agent构建完成
2026-03-12 13:34:13 - AstroAgent - INFO - ✅ AstroAgent初始化完成，使用HTTP方式调用MCP服务器工具（完整会话管理）
2026-03-12 13:34:46 - AstroAgent - INFO - ✅ OnlineRetriever 已连接向量库：./vector_db
2026-03-12 13:34:46 - AstroAgent - INFO - ✅ 语言模型 qwen-max 初始化成功
2026-03-12 13:34:46 - AstroAgent - INFO - 正在建立SSE连接...
2026-03-12 13:34:46 - AstroAgent - INFO - ✅ 获取到session ID: 21eb1111516a48019bad35014a9d9161
2026-03-12 13:34:46 - AstroAgent - INFO - 发送初始化请求...
2026-03-12 13:34:46 - AstroAgent - DEBUG - 初始化成功，服务器信息: {'name': 'Astronomy Server', 'version': '3.1.0'}
2026-03-12 13:34:46 - AstroAgent - INFO - 发送initialized通知...
2026-03-12 13:34:46 - AstroAgent - INFO - 获取工具列表...
2026-03-12 13:34:46 - AstroAgent - INFO - ✅ 从服务器获取到 12 个工具
2026-03-12 13:34:46 - AstroAgent - INFO - ✅ MCP会话初始化成功，会话ID: 21eb1111516a48019bad35014a9d9161
2026-03-12 13:34:46 - AstroAgent - INFO - ✅ 成功注册 13 个天文工具
2026-03-12 13:34:46 - AstroAgent - INFO - ✅ 成功从外部文件读取prompt模板
2026-03-12 13:34:46 - AstroAgent - INFO - ✅ React Agent构建完成
2026-03-12 13:34:46 - AstroAgent - INFO - ✅ AstroAgent初始化完成，使用HTTP方式调用MCP服务器工具（完整会话管理）
2026-03-12 13:34:46 - AstroAgent - INFO - ✅ OnlineRetriever 已连接向量库：./vector_db
2026-03-12 13:34:46 - AstroAgent - INFO - ✅ 语言模型 qwen-max 初始化成功
2026-03-12 13:34:46 - AstroAgent - INFO - 正在建立SSE连接...
2026-03-12 13:34:46 - AstroAgent - INFO - ✅ 获取到session ID: 39da1e7af12f4cf09ac9f586d98db2b7
2026-03-12 13:34:46 - AstroAgent - INFO - 发送初始化请求...
2026-03-12 13:34:46 - AstroAgent - DEBUG - 初始化成功，服务器信息: {'name': 'Astronomy Server', 'version': '3.1.0'}
2026-03-12 13:34:46 - AstroAgent - INFO - 发送initialized通知...
2026-03-12 13:34:46 - AstroAgent - INFO - 获取工具列表...
2026-03-12 13:34:46 - AstroAgent - INFO - ✅ 从服务器获取到 12 个工具
2026-03-12 13:34:46 - AstroAgent - INFO - ✅ MCP会话初始化成功，会话ID: 39da1e7af12f4cf09ac9f586d98db2b7
2026-03-12 13:34:46 - AstroAgent - INFO - ✅ 成功注册 13 个天文工具
2026-03-12 13:34:46 - AstroAgent - INFO - ✅ 成功从外部文件读取prompt模板
2026-03-12 13:34:46 - AstroAgent - INFO - ✅ React Agent构建完成
2026-03-12 13:34:46 - AstroAgent - INFO - ✅ AstroAgent初始化完成，使用HTTP方式调用MCP服务器工具（完整会话管理）
2026-03-12 13:35:11 - AstroAgent - INFO - ✅ OnlineRetriever 已连接向量库：./vector_db
2026-03-12 13:35:11 - AstroAgent - INFO - ✅ 语言模型 qwen-max 初始化成功
2026-03-12 13:35:11 - AstroAgent - INFO - 正在建立SSE连接...
2026-03-12 13:35:11 - AstroAgent - INFO - ✅ 获取到session ID: d88f3f06161442d889398181a258d807
2026-03-12 13:35:11 - AstroAgent - INFO - 发送初始化请求...
2026-03-12 13:35:11 - AstroAgent - DEBUG - 初始化成功，服务器信息: {'name': 'Astronomy Server', 'version': '3.1.0'}
2026-03-12 13:35:11 - AstroAgent - INFO - 发送initialized通知...
2026-03-12 13:35:11 - AstroAgent - INFO - 获取工具列表...
2026-03-12 13:35:11 - AstroAgent - INFO - ✅ 从服务器获取到 12 个工具
2026-03-12 13:35:11 - AstroAgent - INFO - ✅ MCP会话初始化成功，会话ID: d88f3f06161442d889398181a258d807
2026-03-12 13:35:11 - AstroAgent - INFO - ✅ 成功注册 14 个天文工具
2026-03-12 13:35:11 - AstroAgent - INFO - ✅ 成功从外部文件读取prompt模板
2026-03-12 13:35:11 - AstroAgent - INFO - ✅ React Agent构建完成
2026-03-12 13:35:11 - AstroAgent - INFO - ✅ AstroAgent初始化完成，使用HTTP方式调用MCP服务器工具（完整会话管理）
2026-03-12 13:35:11 - AstroAgent - INFO - ✅ OnlineRetriever 已连接向量库：./vector_db
2026-03-12 13:35:11 - AstroAgent - INFO - ✅ 语言模型 qwen-max 初始化成功
2026-03-12 13:35:11 - AstroAgent - INFO - 正在建立SSE连接...
2026-03-12 13:35:11 - AstroAgent - INFO - ✅ 获取到session ID: e77fb454f78c429d8d86bb874cd6eb16
2026-03-12 13:35:11 - AstroAgent - INFO - 发送初始化请求...
2026-03-12 13:35:11 - AstroAgent - DEBUG - 初始化成功，服务器信息: {'name': 'Astronomy Server', 'version': '3.1.0'}
2026-03-12 13:35:11 - AstroAgent - INFO - 发送initialized通知...
2026-03-12 13:35:11 - AstroAgent - INFO - 获取工具列表...
2026-03-12 13:35:11 - AstroAgent - INFO - ✅ 从服务器获取到 12 个工具
2026-03-12 13:35:11 - AstroAgent - INFO - ✅ MCP会话初始化成功，会话ID: e77fb454f78c429d8d86bb874cd6eb16
2026-03-12 13:35:11 - AstroAgent - INFO - ✅ 成功注册 14 个天文工具
2026-03-12 13:35:11 - AstroAgent - INFO - ✅ 成功从外部文件读取prompt模板
2026-03-12 13:35:11 - AstroAgent - INFO - ✅ React Agent构建完成
2026-03-12 13:35:11 - AstroAgent - INFO - ✅ AstroAgent初始化完成，使用HTTP方式调用MCP服务器工具（完整会话管理）
2026-03-12 13:35:40 - AstroAgent - INFO - ✅ OnlineRetriever 已连接向量库：./vector_db
2026-03-12 13:35:40 - AstroAgent - INFO - ✅ 语言模型 qwen-max 初始化成功
2026-03-12 13:35:40 - AstroAgent - INFO - 正在建立SSE连接...
2026-03-12 13:35:40 - AstroAgent - INFO - ✅ 获取到session ID: f111a13f8794446f85c74747c4ab0329
2026-03-12 13:35:40 - AstroAgent - INFO - 发送初始化请求...
2026-03-12 13:35:40 - AstroAgent - DEBUG - 初始化成功，服务器信息: {'name': 'Astronomy Server', 'version': '3.1.0'}
2026-03-12 13:35:40 - AstroAgent - INFO - 发送initialized通知...
2026-03-12 13:35:40 - AstroAgent - INFO - 获取工具列表...
2026-03-12 13:35:40 - AstroAgent - INFO - ✅ 从服务器获取到 12 个工具
2026-03-12 13:35:40 - AstroAgent - INFO - ✅ MCP会话初始化成功，会话ID: f111a13f8794446f85c74747c4ab0329
2026-03-12 13:35:40 - AstroAgent - INFO - ✅ 成功注册 14 个天文工具
2026-03-12 13:35:40 - AstroAgent - INFO - ✅ 成功从外部文件读取prompt模板
2026-03-12 13:35:40 - AstroAgent - INFO - ✅ React Agent构建完成
2026-03-12 13:35:40 - AstroAgent - INFO - ✅ AstroAgent初始化完成，使用HTTP方式调用MCP服务器工具（完整会话管理）
2026-03-12 13:35:40 - AstroAgent - INFO - ✅ OnlineRetriever 已连接向量库：./vector_db
2026-03-12 13:35:40 - AstroAgent - INFO - ✅ 语言模型 qwen-max 初始化成功
2026-03-12 13:35:40 - AstroAgent - INFO - 正在建立SSE连接...
2026-03-12 13:35:40 - AstroAgent - INFO - ✅ 获取到session ID: 2a93234d33e54bc1a273721f0a2f9081
2026-03-12 13:35:40 - AstroAgent - INFO - 发送初始化请求...
2026-03-12 13:35:40 - AstroAgent - DEBUG - 初始化成功，服务器信息: {'name': 'Astronomy Server', 'version': '3.1.0'}
2026-03-12 13:35:40 - AstroAgent - INFO - 发送initialized通知...
2026-03-12 13:35:40 - AstroAgent - INFO - 获取工具列表...
2026-03-12 13:35:40 - AstroAgent - INFO - ✅ 从服务器获取到 12 个工具
2026-03-12 13:35:40 - AstroAgent - INFO - ✅ MCP会话初始化成功，会话ID: 2a93234d33e54bc1a273721f0a2f9081
2026-03-12 13:35:40 - AstroAgent - INFO - ✅ 成功注册 14 个天文工具
2026-03-12 13:35:40 - AstroAgent - INFO - ✅ 成功从外部文件读取prompt模板
2026-03-12 13:35:40 - AstroAgent - INFO - ✅ React Agent构建完成
2026-03-12 13:35:40 - AstroAgent - INFO - ✅ AstroAgent初始化完成，使用HTTP方式调用MCP服务器工具（完整会话管理）
2026-03-12 13:35:56 - AstroAgent - INFO - ✅ OnlineRetriever 已连接向量库：./vector_db
2026-03-12 13:35:56 - AstroAgent - INFO - ✅ 语言模型 qwen-max 初始化成功
2026-03-12 13:35:56 - AstroAgent - INFO - 正在建立SSE连接...
2026-03-12 13:35:56 - AstroAgent - INFO - ✅ 获取到session ID: bf06d77136294b26bbab78c55d597a96
2026-03-12 13:35:56 - AstroAgent - INFO - 发送初始化请求...
2026-03-12 13:35:56 - AstroAgent - DEBUG - 初始化成功，服务器信息: {'name': 'Astronomy Server', 'version': '3.1.0'}
2026-03-12 13:35:56 - AstroAgent - INFO - 发送initialized通知...
2026-03-12 13:35:56 - AstroAgent - INFO - 获取工具列表...
2026-03-12 13:35:56 - AstroAgent - INFO - ✅ 从服务器获取到 12 个工具
2026-03-12 13:35:56 - AstroAgent - INFO - ✅ MCP会话初始化成功，会话ID: bf06d77136294b26bbab78c55d597a96
2026-03-12 13:35:56 - AstroAgent - INFO - ✅ 成功注册 14 个天文工具
2026-03-12 13:35:56 - AstroAgent - INFO - ✅ 成功从外部文件读取prompt模板
2026-03-12 13:35:56 - AstroAgent - INFO - ✅ React Agent构建完成
2026-03-12 13:35:56 - AstroAgent - INFO - ✅ AstroAgent初始化完成，使用HTTP方式调用MCP服务器工具（完整会话管理）
2026-03-12 13:35:56 - AstroAgent - INFO - ✅ OnlineRetriever 已连接向量库：./vector_db
2026-03-12 13:35:56 - AstroAgent - INFO - ✅ 语言模型 qwen-max 初始化成功
2026-03-12 13:35:56 - AstroAgent - INFO - 正在建立SSE连接...
2026-03-12 13:35:56 - AstroAgent - INFO - ✅ 获取到session ID: d6ed4f5c2071421b81e2dea4e916d024
2026-03-12 13:35:56 - AstroAgent - INFO - 发送初始化请求...
2026-03-12 13:35:56 - AstroAgent - DEBUG - 初始化成功，服务器信息: {'name': 'Astronomy Server', 'version': '3.1.0'}
2026-03-12 13:35:56 - AstroAgent - INFO - 发送initialized通知...
2026-03-12 13:35:56 - AstroAgent - INFO - 获取工具列表...
2026-03-12 13:35:56 - AstroAgent - INFO - ✅ 从服务器获取到 12 个工具
2026-03-12 13:35:56 - AstroAgent - INFO - ✅ MCP会话初始化成功，会话ID: d6ed4f5c2071421b81e2dea4e916d024
2026-03-12 13:35:56 - AstroAgent - INFO - ✅ 成功注册 14 个天文工具
2026-03-12 13:35:56 - AstroAgent - INFO - ✅ 成功从外部文件读取prompt模板
2026-03-12 13:35:56 - AstroAgent - INFO - ✅ React Agent构建完成
2026-03-12 13:35:56 - AstroAgent - INFO - ✅ AstroAgent初始化完成，使用HTTP方式调用MCP服务器工具（完整会话管理）
2026-03-12 13:36:54 - AstroAgent - INFO - ✅ OnlineRetriever 已连接向量库：./vector_db
2026-03-12 13:36:54 - AstroAgent - INFO - ✅ 语言模型 qwen-max 初始化成功
2026-03-12 13:36:54 - AstroAgent - INFO - 正在建立SSE连接...
2026-03-12 13:36:54 - AstroAgent - INFO - ✅ 获取到session ID: d661015840204c5c98fc7d0070cf29dc
2026-03-12 13:36:54 - AstroAgent - INFO - 发送初始化请求...
2026-03-12 13:36:54 - AstroAgent - DEBUG - 初始化成功，服务器信息: {'name': 'Astronomy Server', 'version': '3.1.0'}
2026-03-12 13:36:54 - AstroAgent - INFO - 发送initialized通知...
2026-03-12 13:36:54 - AstroAgent - INFO - 获取工具列表...
2026-03-12 13:36:54 - AstroAgent - INFO - ✅ 从服务器获取到 12 个工具
2026-03-12 13:36:54 - AstroAgent - INFO - ✅ MCP会话初始化成功，会话ID: d661015840204c5c98fc7d0070cf29dc
2026-03-12 13:36:54 - AstroAgent - INFO - ✅ 成功注册 14 个天文工具
2026-03-12 13:36:54 - AstroAgent - INFO - ✅ 成功从外部文件读取prompt模板
2026-03-12 13:36:54 - AstroAgent - INFO - ✅ React Agent构建完成
2026-03-12 13:36:54 - AstroAgent - INFO - ✅ AstroAgent初始化完成，使用HTTP方式调用MCP服务器工具（完整会话管理）
2026-03-12 13:36:54 - AstroAgent - INFO - ✅ OnlineRetriever 已连接向量库：./vector_db
2026-03-12 13:36:54 - AstroAgent - INFO - ✅ 语言模型 qwen-max 初始化成功
2026-03-12 13:36:54 - AstroAgent - INFO - 正在建立SSE连接...
2026-03-12 13:36:54 - AstroAgent - INFO - ✅ 获取到session ID: ebc0c1cbee3249ff93470add7f21b08f
2026-03-12 13:36:54 - AstroAgent - INFO - 发送初始化请求...
2026-03-12 13:36:54 - AstroAgent - DEBUG - 初始化成功，服务器信息: {'name': 'Astronomy Server', 'version': '3.1.0'}
2026-03-12 13:36:54 - AstroAgent - INFO - 发送initialized通知...
2026-03-12 13:36:54 - AstroAgent - INFO - 获取工具列表...
2026-03-12 13:36:54 - AstroAgent - INFO - ✅ 从服务器获取到 12 个工具
2026-03-12 13:36:54 - AstroAgent - INFO - ✅ MCP会话初始化成功，会话ID: ebc0c1cbee3249ff93470add7f21b08f
2026-03-12 13:36:54 - AstroAgent - INFO - ✅ 成功注册 14 个天文工具
2026-03-12 13:36:54 - AstroAgent - INFO - ✅ 成功从外部文件读取prompt模板
2026-03-12 13:36:54 - AstroAgent - INFO - ✅ React Agent构建完成
2026-03-12 13:36:54 - AstroAgent - INFO - ✅ AstroAgent初始化完成，使用HTTP方式调用MCP服务器工具（完整会话管理）
2026-03-12 13:37:16 - AstroAgent - INFO - ✅ OnlineRetriever 已连接向量库：./vector_db
2026-03-12 13:37:16 - AstroAgent - INFO - ✅ 语言模型 qwen-max 初始化成功
2026-03-12 13:37:16 - AstroAgent - INFO - 正在建立SSE连接...
2026-03-12 13:37:16 - AstroAgent - INFO - ✅ 获取到session ID: 79c8c79ed22e4ca9ace80bb369933d34
2026-03-12 13:37:16 - AstroAgent - INFO - 发送初始化请求...
2026-03-12 13:37:16 - AstroAgent - DEBUG - 初始化成功，服务器信息: {'name': 'Astronomy Server', 'version': '3.1.0'}
2026-03-12 13:37:16 - AstroAgent - INFO - 发送initialized通知...
2026-03-12 13:37:16 - AstroAgent - INFO - 获取工具列表...
2026-03-12 13:37:16 - AstroAgent - INFO - ✅ 从服务器获取到 12 个工具
2026-03-12 13:37:16 - AstroAgent - INFO - ✅ MCP会话初始化成功，会话ID: 79c8c79ed22e4ca9ace80bb369933d34
2026-03-12 13:37:16 - AstroAgent - INFO - ✅ 成功注册 14 个天文工具
2026-03-12 13:37:16 - AstroAgent - INFO - ✅ 成功从外部文件读取prompt模板
2026-03-12 13:37:16 - AstroAgent - INFO - ✅ React Agent构建完成
2026-03-12 13:37:16 - AstroAgent - INFO - ✅ AstroAgent初始化完成，使用HTTP方式调用MCP服务器工具（完整会话管理）
2026-03-12 13:37:16 - AstroAgent - INFO - ✅ OnlineRetriever 已连接向量库：./vector_db
2026-03-12 13:37:16 - AstroAgent - INFO - ✅ 语言模型 qwen-max 初始化成功
2026-03-12 13:37:16 - AstroAgent - INFO - 正在建立SSE连接...
2026-03-12 13:37:16 - AstroAgent - INFO - ✅ 获取到session ID: ad34af991d2c43498d817c98b5efed14
2026-03-12 13:37:16 - AstroAgent - INFO - 发送初始化请求...
2026-03-12 13:37:16 - AstroAgent - DEBUG - 初始化成功，服务器信息: {'name': 'Astronomy Server', 'version': '3.1.0'}
2026-03-12 13:37:16 - AstroAgent - INFO - 发送initialized通知...
2026-03-12 13:37:16 - AstroAgent - INFO - 获取工具列表...
2026-03-12 13:37:16 - AstroAgent - INFO - ✅ 从服务器获取到 12 个工具
2026-03-12 13:37:16 - AstroAgent - INFO - ✅ MCP会话初始化成功，会话ID: ad34af991d2c43498d817c98b5efed14
2026-03-12 13:37:16 - AstroAgent - INFO - ✅ 成功注册 14 个天文工具
2026-03-12 13:37:16 - AstroAgent - INFO - ✅ 成功从外部文件读取prompt模板
2026-03-12 13:37:16 - AstroAgent - INFO - ✅ React Agent构建完成
2026-03-12 13:37:16 - AstroAgent - INFO - ✅ AstroAgent初始化完成，使用HTTP方式调用MCP服务器工具（完整会话管理）
2026-03-12 13:37:24 - AstroAgent - ERROR - 搜索请求失败: 401 Client Error: Unauthorized for url: https://api.tavily.com/search
2026-03-12 13:44:23 - AstroAgent - INFO - ✅ OnlineRetriever 已连接向量库：./vector_db
2026-03-12 13:44:23 - AstroAgent - INFO - ✅ 语言模型 qwen-max 初始化成功
2026-03-12 13:44:24 - AstroAgent - INFO - 正在建立SSE连接...
2026-03-12 13:44:24 - AstroAgent - INFO - ✅ 获取到session ID: cfccc5dcec834982a81fe97918dc36ed
2026-03-12 13:44:24 - AstroAgent - INFO - 发送初始化请求...
2026-03-12 13:44:24 - AstroAgent - DEBUG - 初始化成功，服务器信息: {'name': 'Astronomy Server', 'version': '3.1.0'}
2026-03-12 13:44:24 - AstroAgent - INFO - 发送initialized通知...
2026-03-12 13:44:24 - AstroAgent - INFO - 获取工具列表...
2026-03-12 13:44:24 - AstroAgent - INFO - ✅ 从服务器获取到 12 个工具
2026-03-12 13:44:24 - AstroAgent - INFO - ✅ MCP会话初始化成功，会话ID: cfccc5dcec834982a81fe97918dc36ed
2026-03-12 13:44:24 - AstroAgent - INFO - ✅ 成功注册 14 个天文工具
2026-03-12 13:44:24 - AstroAgent - INFO - ✅ 成功从外部文件读取prompt模板
2026-03-12 13:44:24 - AstroAgent - INFO - ✅ React Agent构建完成
2026-03-12 13:44:24 - AstroAgent - INFO - ✅ AstroAgent初始化完成，使用HTTP方式调用MCP服务器工具（完整会话管理）
2026-03-12 13:44:54 - AstroAgent - INFO - 
=== 处理用户查询：许嵩出了哪些歌曲 ===
2026-03-12 13:45:04 - AstroAgent - INFO - ✅ 对话已存入记忆 | 助手响应长度：100 字符
2026-03-12 13:46:49 - AstroAgent - INFO - ✅ HTTP客户端已关闭
2026-03-12 13:48:48 - AstroAgent - INFO - ✅ OnlineRetriever 已连接向量库：./vector_db
2026-03-12 13:48:48 - AstroAgent - INFO - ✅ 语言模型 qwen-max 初始化成功
2026-03-12 13:48:48 - AstroAgent - INFO - 正在建立SSE连接...
2026-03-12 13:48:48 - AstroAgent - INFO - ✅ 获取到session ID: f929130b6a374af89c18aab33f622ab8
2026-03-12 13:48:48 - AstroAgent - INFO - 发送初始化请求...
2026-03-12 13:48:48 - AstroAgent - DEBUG - 初始化成功，服务器信息: {'name': 'Astronomy Server', 'version': '3.1.0'}
2026-03-12 13:48:48 - AstroAgent - INFO - 发送initialized通知...
2026-03-12 13:48:48 - AstroAgent - INFO - 获取工具列表...
2026-03-12 13:48:48 - AstroAgent - INFO - ✅ 从服务器获取到 12 个工具
2026-03-12 13:48:48 - AstroAgent - INFO - ✅ MCP会话初始化成功，会话ID: f929130b6a374af89c18aab33f622ab8
2026-03-12 13:48:48 - AstroAgent - INFO - ✅ 成功注册 14 个天文工具
2026-03-12 13:48:48 - AstroAgent - INFO - ✅ 成功从外部文件读取prompt模板
2026-03-12 13:48:48 - AstroAgent - INFO - ✅ React Agent构建完成
2026-03-12 13:48:48 - AstroAgent - INFO - ✅ AstroAgent初始化完成，使用HTTP方式调用MCP服务器工具（完整会话管理）
2026-03-12 13:48:48 - AstroAgent - INFO - ✅ OnlineRetriever 已连接向量库：./vector_db
2026-03-12 13:48:48 - AstroAgent - INFO - ✅ 语言模型 qwen-max 初始化成功
2026-03-12 13:48:48 - AstroAgent - INFO - 正在建立SSE连接...
2026-03-12 13:48:48 - AstroAgent - INFO - ✅ 获取到session ID: 999c7f67b6564f99b9bb1b30a3cdcc4d
2026-03-12 13:48:48 - AstroAgent - INFO - 发送初始化请求...
2026-03-12 13:48:48 - AstroAgent - DEBUG - 初始化成功，服务器信息: {'name': 'Astronomy Server', 'version': '3.1.0'}
2026-03-12 13:48:48 - AstroAgent - INFO - 发送initialized通知...
2026-03-12 13:48:48 - AstroAgent - INFO - 获取工具列表...
2026-03-12 13:48:48 - AstroAgent - INFO - ✅ 从服务器获取到 12 个工具
2026-03-12 13:48:48 - AstroAgent - INFO - ✅ MCP会话初始化成功，会话ID: 999c7f67b6564f99b9bb1b30a3cdcc4d
2026-03-12 13:48:48 - AstroAgent - INFO - ✅ 成功注册 14 个天文工具
2026-03-12 13:48:48 - AstroAgent - INFO - ✅ 成功从外部文件读取prompt模板
2026-03-12 13:48:48 - AstroAgent - INFO - ✅ React Agent构建完成
2026-03-12 13:48:48 - AstroAgent - INFO - ✅ AstroAgent初始化完成，使用HTTP方式调用MCP服务器工具（完整会话管理）
2026-03-12 13:48:57 - AstroAgent - INFO - 联网搜索成功: 今天天气怎么样, 获取到 5 条结果
2026-03-12 13:48:58 - AstroAgent - ERROR - 搜索请求失败: 401 Client Error: Unauthorized for url: https://api.tavily.com/search
2026-03-12 13:48:59 - AstroAgent - INFO - 联网搜索成功: 北京天气, 获取到 3 条结果
2026-03-12 13:49:03 - AstroAgent - INFO - 联网搜索成功: 今晚能看到哪些星星, 获取到 3 条结果
2026-03-12 13:49:07 - AstroAgent - INFO - 联网搜索成功: 2026年有哪些重要天象, 获取到 3 条结果
2026-03-12 13:50:24 - AstroAgent - INFO - ✅ OnlineRetriever 已连接向量库：./vector_db
2026-03-12 13:50:24 - AstroAgent - INFO - ✅ 语言模型 qwen-max 初始化成功
2026-03-12 13:50:24 - AstroAgent - INFO - 正在建立SSE连接...
2026-03-12 13:50:24 - AstroAgent - INFO - ✅ 获取到session ID: 4226ce13d3fe426e9e4a69bedf30fd76
2026-03-12 13:50:24 - AstroAgent - INFO - 发送初始化请求...
2026-03-12 13:50:24 - AstroAgent - DEBUG - 初始化成功，服务器信息: {'name': 'Astronomy Server', 'version': '3.1.0'}
2026-03-12 13:50:24 - AstroAgent - INFO - 发送initialized通知...
2026-03-12 13:50:24 - AstroAgent - INFO - 获取工具列表...
2026-03-12 13:50:24 - AstroAgent - INFO - ✅ 从服务器获取到 12 个工具
2026-03-12 13:50:24 - AstroAgent - INFO - ✅ MCP会话初始化成功，会话ID: 4226ce13d3fe426e9e4a69bedf30fd76
2026-03-12 13:50:24 - AstroAgent - INFO - ✅ 成功注册 14 个天文工具
2026-03-12 13:50:24 - AstroAgent - INFO - ✅ 成功从外部文件读取prompt模板
2026-03-12 13:50:24 - AstroAgent - INFO - ✅ React Agent构建完成
2026-03-12 13:50:24 - AstroAgent - INFO - ✅ AstroAgent初始化完成，使用HTTP方式调用MCP服务器工具（完整会话管理）
2026-03-12 13:50:24 - AstroAgent - INFO - ✅ OnlineRetriever 已连接向量库：./vector_db
2026-03-12 13:50:24 - AstroAgent - INFO - ✅ 语言模型 qwen-max 初始化成功
2026-03-12 13:50:24 - AstroAgent - INFO - 正在建立SSE连接...
2026-03-12 13:50:24 - AstroAgent - INFO - ✅ 获取到session ID: 2167fe1291844a8cab3aee0642f8e25e
2026-03-12 13:50:24 - AstroAgent - INFO - 发送初始化请求...
2026-03-12 13:50:24 - AstroAgent - DEBUG - 初始化成功，服务器信息: {'name': 'Astronomy Server', 'version': '3.1.0'}
2026-03-12 13:50:24 - AstroAgent - INFO - 发送initialized通知...
2026-03-12 13:50:24 - AstroAgent - INFO - 获取工具列表...
2026-03-12 13:50:24 - AstroAgent - INFO - ✅ 从服务器获取到 12 个工具
2026-03-12 13:50:24 - AstroAgent - INFO - ✅ MCP会话初始化成功，会话ID: 2167fe1291844a8cab3aee0642f8e25e
2026-03-12 13:50:24 - AstroAgent - INFO - ✅ 成功注册 14 个天文工具
2026-03-12 13:50:24 - AstroAgent - INFO - ✅ 成功从外部文件读取prompt模板
2026-03-12 13:50:24 - AstroAgent - INFO - ✅ React Agent构建完成
2026-03-12 13:50:24 - AstroAgent - INFO - ✅ AstroAgent初始化完成，使用HTTP方式调用MCP服务器工具（完整会话管理）
2026-03-12 13:50:39 - AstroAgent - INFO - 联网搜索成功: 北京天气, 获取到 3 条结果
2026-03-12 13:50:40 - AstroAgent - INFO - 联网搜索成功: 今晚能看到哪些星星, 获取到 3 条结果
2026-03-12 13:50:42 - AstroAgent - INFO - 联网搜索成功: 2026年重要天象, 获取到 3 条结果
2026-03-12 13:51:19 - AstroAgent - INFO - 联网搜索成功: 北京天气, 获取到 3 条结果
2026-03-12 13:51:20 - AstroAgent - INFO - 联网搜索成功: 今晚能看到哪些星星, 获取到 3 条结果
2026-03-12 13:51:20 - AstroAgent - INFO - 联网搜索成功: 2026年重要天象, 获取到 3 条结果
2026-03-12 14:00:52 - AstroAgent - INFO - ✅ OnlineRetriever 已连接向量库：./vector_db
2026-03-12 14:00:52 - AstroAgent - INFO - ✅ 语言模型 qwen-max 初始化成功
2026-03-12 14:00:52 - AstroAgent - INFO - 正在建立SSE连接...
2026-03-12 14:00:52 - AstroAgent - INFO - ✅ 获取到session ID: b7875ea13ff94c2e86f393af8a22095f
2026-03-12 14:00:52 - AstroAgent - INFO - 发送初始化请求...
2026-03-12 14:00:52 - AstroAgent - DEBUG - 初始化成功，服务器信息: {'name': 'Astronomy Server', 'version': '3.1.0'}
2026-03-12 14:00:52 - AstroAgent - INFO - 发送initialized通知...
2026-03-12 14:00:52 - AstroAgent - INFO - 获取工具列表...
2026-03-12 14:00:52 - AstroAgent - INFO - ✅ 从服务器获取到 12 个工具
2026-03-12 14:00:52 - AstroAgent - INFO - ✅ MCP会话初始化成功，会话ID: b7875ea13ff94c2e86f393af8a22095f
2026-03-12 14:00:52 - AstroAgent - INFO - ✅ 成功注册 14 个天文工具
2026-03-12 14:00:52 - AstroAgent - INFO - ✅ 成功从外部文件读取prompt模板
2026-03-12 14:00:52 - AstroAgent - INFO - ✅ React Agent构建完成
2026-03-12 14:00:52 - AstroAgent - INFO - ✅ AstroAgent初始化完成，使用HTTP方式调用MCP服务器工具（完整会话管理）
2026-03-12 14:00:52 - AstroAgent - INFO - ✅ OnlineRetriever 已连接向量库：./vector_db
2026-03-12 14:00:52 - AstroAgent - INFO - ✅ 语言模型 qwen-max 初始化成功
2026-03-12 14:00:52 - AstroAgent - INFO - 正在建立SSE连接...
2026-03-12 14:00:52 - AstroAgent - INFO - ✅ 获取到session ID: 2cc49542fcf042389e40435b8794a6e0
2026-03-12 14:00:52 - AstroAgent - INFO - 发送初始化请求...
2026-03-12 14:00:52 - AstroAgent - DEBUG - 初始化成功，服务器信息: {'name': 'Astronomy Server', 'version': '3.1.0'}
2026-03-12 14:00:52 - AstroAgent - INFO - 发送initialized通知...
2026-03-12 14:00:52 - AstroAgent - INFO - 获取工具列表...
2026-03-12 14:00:52 - AstroAgent - INFO - ✅ 从服务器获取到 12 个工具
2026-03-12 14:00:52 - AstroAgent - INFO - ✅ MCP会话初始化成功，会话ID: 2cc49542fcf042389e40435b8794a6e0
2026-03-12 14:00:52 - AstroAgent - INFO - ✅ 成功注册 14 个天文工具
2026-03-12 14:00:52 - AstroAgent - INFO - ✅ 成功从外部文件读取prompt模板
2026-03-12 14:00:52 - AstroAgent - INFO - ✅ React Agent构建完成
2026-03-12 14:00:52 - AstroAgent - INFO - ✅ AstroAgent初始化完成，使用HTTP方式调用MCP服务器工具（完整会话管理）
2026-03-12 14:01:58 - AstroAgent - INFO - ✅ 向量检索已连接：./vector_db
2026-03-12 14:01:58 - AstroAgent - WARNING - ⚠️  BM25 检索初始化失败: No module named 'rank_bm25'，将使用纯向量检索
2026-03-12 14:01:58 - AstroAgent - INFO - ✅ 语言模型 qwen-max 初始化成功
2026-03-12 14:01:58 - AstroAgent - INFO - 正在建立SSE连接...
2026-03-12 14:01:58 - AstroAgent - INFO - ✅ 获取到session ID: fc4c278f72374e10bc2f02a24adcc494
2026-03-12 14:01:58 - AstroAgent - INFO - 发送初始化请求...
2026-03-12 14:01:58 - AstroAgent - DEBUG - 初始化成功，服务器信息: {'name': 'Astronomy Server', 'version': '3.1.0'}
2026-03-12 14:01:58 - AstroAgent - INFO - 发送initialized通知...
2026-03-12 14:01:58 - AstroAgent - INFO - 获取工具列表...
2026-03-12 14:01:58 - AstroAgent - INFO - ✅ 从服务器获取到 12 个工具
2026-03-12 14:01:58 - AstroAgent - INFO - ✅ MCP会话初始化成功，会话ID: fc4c278f72374e10bc2f02a24adcc494
2026-03-12 14:01:58 - AstroAgent - INFO - ✅ 成功注册 14 个天文工具
2026-03-12 14:01:58 - AstroAgent - INFO - ✅ 成功从外部文件读取prompt模板
2026-03-12 14:01:58 - AstroAgent - INFO - ✅ React Agent构建完成
2026-03-12 14:01:58 - AstroAgent - INFO - ✅ AstroAgent初始化完成，使用HTTP方式调用MCP服务器工具（完整会话管理）
2026-03-12 14:01:58 - AstroAgent - INFO - ✅ 向量检索已连接：./vector_db
2026-03-12 14:01:58 - AstroAgent - WARNING - ⚠️  BM25 检索初始化失败: No module named 'rank_bm25'，将使用纯向量检索
2026-03-12 14:01:58 - AstroAgent - INFO - ✅ 语言模型 qwen-max 初始化成功
2026-03-12 14:01:58 - AstroAgent - INFO - 正在建立SSE连接...
2026-03-12 14:01:58 - AstroAgent - INFO - ✅ 获取到session ID: 801a13c33959404088ae12a418d729db
2026-03-12 14:01:58 - AstroAgent - INFO - 发送初始化请求...
2026-03-12 14:01:58 - AstroAgent - DEBUG - 初始化成功，服务器信息: {'name': 'Astronomy Server', 'version': '3.1.0'}
2026-03-12 14:01:58 - AstroAgent - INFO - 发送initialized通知...
2026-03-12 14:01:58 - AstroAgent - INFO - 获取工具列表...
2026-03-12 14:01:58 - AstroAgent - INFO - ✅ 从服务器获取到 12 个工具
2026-03-12 14:01:58 - AstroAgent - INFO - ✅ MCP会话初始化成功，会话ID: 801a13c33959404088ae12a418d729db
2026-03-12 14:01:58 - AstroAgent - INFO - ✅ 成功注册 14 个天文工具
2026-03-12 14:01:58 - AstroAgent - INFO - ✅ 成功从外部文件读取prompt模板
2026-03-12 14:01:58 - AstroAgent - INFO - ✅ React Agent构建完成
2026-03-12 14:01:58 - AstroAgent - INFO - ✅ AstroAgent初始化完成，使用HTTP方式调用MCP服务器工具（完整会话管理）
2026-03-12 14:06:35 - AstroAgent - WARNING - ⚠️  BM25 索引文件不存在: /tmp/tmpq0nocf7k/test_bm25.pkl
2026-03-12 14:06:35 - AstroAgent - INFO - 📝 需要先构建 BM25 索引，运行: python -m rag.build_bm25_index
2026-03-12 14:06:35 - AstroAgent - INFO - ✅ BM25 索引已构建并保存: 5 个文档
2026-03-12 14:06:35 - AstroAgent - INFO - 📄 BM25 检索返回 0 个结果
2026-03-12 14:06:35 - AstroAgent - INFO - 📄 BM25 检索返回 0 个结果
2026-03-12 14:07:13 - AstroAgent - INFO - ✅ 向量检索已连接：./vector_db
2026-03-12 14:07:13 - AstroAgent - WARNING - ⚠️  BM25 检索初始化失败: invalid syntax (bm25_retriever.py, line 76)，将使用纯向量检索
2026-03-12 14:07:13 - AstroAgent - INFO - ✅ 语言模型 qwen-max 初始化成功
2026-03-12 14:07:13 - AstroAgent - INFO - 正在建立SSE连接...
2026-03-12 14:07:13 - AstroAgent - INFO - ✅ 获取到session ID: e8dd4b795c7649ec9d823d66547fab2a
2026-03-12 14:07:13 - AstroAgent - INFO - 发送初始化请求...
2026-03-12 14:07:13 - AstroAgent - DEBUG - 初始化成功，服务器信息: {'name': 'Astronomy Server', 'version': '3.1.0'}
2026-03-12 14:07:13 - AstroAgent - INFO - 发送initialized通知...
2026-03-12 14:07:13 - AstroAgent - INFO - 获取工具列表...
2026-03-12 14:07:13 - AstroAgent - INFO - ✅ 从服务器获取到 12 个工具
2026-03-12 14:07:13 - AstroAgent - INFO - ✅ MCP会话初始化成功，会话ID: e8dd4b795c7649ec9d823d66547fab2a
2026-03-12 14:07:13 - AstroAgent - INFO - ✅ 成功注册 14 个天文工具
2026-03-12 14:07:13 - AstroAgent - INFO - ✅ 成功从外部文件读取prompt模板
2026-03-12 14:07:14 - AstroAgent - INFO - ✅ React Agent构建完成
2026-03-12 14:07:14 - AstroAgent - INFO - ✅ AstroAgent初始化完成，使用HTTP方式调用MCP服务器工具（完整会话管理）
2026-03-12 14:07:14 - AstroAgent - INFO - ✅ 向量检索已连接：./vector_db
2026-03-12 14:07:14 - AstroAgent - WARNING - ⚠️  BM25 检索初始化失败: invalid syntax (bm25_retriever.py, line 76)，将使用纯向量检索
2026-03-12 14:07:14 - AstroAgent - INFO - ✅ 语言模型 qwen-max 初始化成功
2026-03-12 14:07:14 - AstroAgent - INFO - 正在建立SSE连接...
2026-03-12 14:07:14 - AstroAgent - INFO - ✅ 获取到session ID: ed67b6f6495146d48ac6e9d1fce7b9f4
2026-03-12 14:07:14 - AstroAgent - INFO - 发送初始化请求...
2026-03-12 14:07:14 - AstroAgent - DEBUG - 初始化成功，服务器信息: {'name': 'Astronomy Server', 'version': '3.1.0'}
2026-03-12 14:07:14 - AstroAgent - INFO - 发送initialized通知...
2026-03-12 14:07:14 - AstroAgent - INFO - 获取工具列表...
2026-03-12 14:07:14 - AstroAgent - INFO - ✅ 从服务器获取到 12 个工具
2026-03-12 14:07:14 - AstroAgent - INFO - ✅ MCP会话初始化成功，会话ID: ed67b6f6495146d48ac6e9d1fce7b9f4
2026-03-12 14:07:14 - AstroAgent - INFO - ✅ 成功注册 14 个天文工具
2026-03-12 14:07:14 - AstroAgent - INFO - ✅ 成功从外部文件读取prompt模板
2026-03-12 14:07:14 - AstroAgent - INFO - ✅ React Agent构建完成
2026-03-12 14:07:14 - AstroAgent - INFO - ✅ AstroAgent初始化完成，使用HTTP方式调用MCP服务器工具（完整会话管理）
2026-03-12 14:07:53 - AstroAgent - INFO - ✅ 向量检索已连接：./vector_db
2026-03-12 14:07:53 - AstroAgent - WARNING - ⚠️  BM25 检索初始化失败: No module named 'rank_bm25'，将使用纯向量检索
2026-03-12 14:07:53 - AstroAgent - INFO - ✅ 语言模型 qwen-max 初始化成功
2026-03-12 14:07:53 - AstroAgent - INFO - 正在建立SSE连接...
2026-03-12 14:07:53 - AstroAgent - INFO - ✅ 获取到session ID: ee42d1bb957245719623a549afe3ae2f
2026-03-12 14:07:53 - AstroAgent - INFO - 发送初始化请求...
2026-03-12 14:07:53 - AstroAgent - DEBUG - 初始化成功，服务器信息: {'name': 'Astronomy Server', 'version': '3.1.0'}
2026-03-12 14:07:53 - AstroAgent - INFO - 发送initialized通知...
2026-03-12 14:07:53 - AstroAgent - INFO - 获取工具列表...
2026-03-12 14:07:53 - AstroAgent - INFO - ✅ 从服务器获取到 12 个工具
2026-03-12 14:07:53 - AstroAgent - INFO - ✅ MCP会话初始化成功，会话ID: ee42d1bb957245719623a549afe3ae2f
2026-03-12 14:07:53 - AstroAgent - INFO - ✅ 成功注册 14 个天文工具
2026-03-12 14:07:53 - AstroAgent - INFO - ✅ 成功从外部文件读取prompt模板
2026-03-12 14:07:53 - AstroAgent - INFO - ✅ React Agent构建完成
2026-03-12 14:07:53 - AstroAgent - INFO - ✅ AstroAgent初始化完成，使用HTTP方式调用MCP服务器工具（完整会话管理）
2026-03-12 14:07:53 - AstroAgent - INFO - ✅ 向量检索已连接：./vector_db
2026-03-12 14:07:53 - AstroAgent - WARNING - ⚠️  BM25 检索初始化失败: No module named 'rank_bm25'，将使用纯向量检索
2026-03-12 14:07:53 - AstroAgent - INFO - ✅ 语言模型 qwen-max 初始化成功
2026-03-12 14:07:53 - AstroAgent - INFO - 正在建立SSE连接...
2026-03-12 14:07:53 - AstroAgent - INFO - ✅ 获取到session ID: be898291ff78459aa7a341ccc4323bc5
2026-03-12 14:07:53 - AstroAgent - INFO - 发送初始化请求...
2026-03-12 14:07:53 - AstroAgent - DEBUG - 初始化成功，服务器信息: {'name': 'Astronomy Server', 'version': '3.1.0'}
2026-03-12 14:07:53 - AstroAgent - INFO - 发送initialized通知...
2026-03-12 14:07:53 - AstroAgent - INFO - 获取工具列表...
2026-03-12 14:07:53 - AstroAgent - INFO - ✅ 从服务器获取到 12 个工具
2026-03-12 14:07:53 - AstroAgent - INFO - ✅ MCP会话初始化成功，会话ID: be898291ff78459aa7a341ccc4323bc5
2026-03-12 14:07:53 - AstroAgent - INFO - ✅ 成功注册 14 个天文工具
2026-03-12 14:07:53 - AstroAgent - INFO - ✅ 成功从外部文件读取prompt模板
2026-03-12 14:07:53 - AstroAgent - INFO - ✅ React Agent构建完成
2026-03-12 14:07:53 - AstroAgent - INFO - ✅ AstroAgent初始化完成，使用HTTP方式调用MCP服务器工具（完整会话管理）
2026-03-12 14:08:20 - AstroAgent - WARNING - ⚠️  BM25 索引文件不存在: /tmp/tmpfbgmnmhk/test_bm25.pkl
2026-03-12 14:08:20 - AstroAgent - INFO - 📝 需要先构建 BM25 索引，运行: python -m rag.build_bm25_index
2026-03-12 14:08:20 - AstroAgent - INFO - ✅ BM25 索引已构建并保存: 5 个文档
2026-03-12 14:08:20 - AstroAgent - INFO - 📄 BM25 检索返回 2 个结果
2026-03-12 14:08:20 - AstroAgent - INFO - 📄 BM25 检索返回 2 个结果
2026-03-12 14:08:43 - AstroAgent - WARNING - ⚠️  BM25 索引文件不存在: /tmp/tmpxsxz8pzp/bm25_test.pkl
2026-03-12 14:08:43 - AstroAgent - INFO - 📝 需要先构建 BM25 索引，运行: python -m rag.build_bm25_index
2026-03-12 14:08:43 - AstroAgent - INFO - ✅ BM25 索引已构建并保存: 6 个文档
2026-03-12 14:08:43 - AstroAgent - INFO - 📄 BM25 检索返回 1 个结果
2026-03-12 14:09:14 - AstroAgent - INFO - ✅ 向量检索已连接：./vector_db
2026-03-12 14:09:14 - AstroAgent - WARNING - ⚠️  BM25 检索初始化失败: No module named 'rank_bm25'，将使用纯向量检索
2026-03-12 14:09:14 - AstroAgent - INFO - ✅ 语言模型 qwen-max 初始化成功
2026-03-12 14:09:14 - AstroAgent - INFO - 正在建立SSE连接...
2026-03-12 14:09:14 - AstroAgent - INFO - ✅ 获取到session ID: 8843d7525e214ce7aa78212353c99d48
2026-03-12 14:09:14 - AstroAgent - INFO - 发送初始化请求...
2026-03-12 14:09:14 - AstroAgent - DEBUG - 初始化成功，服务器信息: {'name': 'Astronomy Server', 'version': '3.1.0'}
2026-03-12 14:09:14 - AstroAgent - INFO - 发送initialized通知...
2026-03-12 14:09:14 - AstroAgent - INFO - 获取工具列表...
2026-03-12 14:09:14 - AstroAgent - INFO - ✅ 从服务器获取到 12 个工具
2026-03-12 14:09:14 - AstroAgent - INFO - ✅ MCP会话初始化成功，会话ID: 8843d7525e214ce7aa78212353c99d48
2026-03-12 14:09:14 - AstroAgent - INFO - ✅ 成功注册 14 个天文工具
2026-03-12 14:09:14 - AstroAgent - INFO - ✅ 成功从外部文件读取prompt模板
2026-03-12 14:09:14 - AstroAgent - INFO - ✅ React Agent构建完成
2026-03-12 14:09:14 - AstroAgent - INFO - ✅ AstroAgent初始化完成，使用HTTP方式调用MCP服务器工具（完整会话管理）
2026-03-12 14:09:14 - AstroAgent - INFO - ✅ 向量检索已连接：./vector_db
2026-03-12 14:09:14 - AstroAgent - WARNING - ⚠️  BM25 检索初始化失败: No module named 'rank_bm25'，将使用纯向量检索
2026-03-12 14:09:14 - AstroAgent - INFO - ✅ 语言模型 qwen-max 初始化成功
2026-03-12 14:09:14 - AstroAgent - INFO - 正在建立SSE连接...
2026-03-12 14:09:15 - AstroAgent - INFO - ✅ 获取到session ID: 811371e6ed88411e8a8b1392cddf7ad0
2026-03-12 14:09:15 - AstroAgent - INFO - 发送初始化请求...
2026-03-12 14:09:15 - AstroAgent - DEBUG - 初始化成功，服务器信息: {'name': 'Astronomy Server', 'version': '3.1.0'}
2026-03-12 14:09:15 - AstroAgent - INFO - 发送initialized通知...
2026-03-12 14:09:15 - AstroAgent - INFO - 获取工具列表...
2026-03-12 14:09:15 - AstroAgent - INFO - ✅ 从服务器获取到 12 个工具
2026-03-12 14:09:15 - AstroAgent - INFO - ✅ MCP会话初始化成功，会话ID: 811371e6ed88411e8a8b1392cddf7ad0
2026-03-12 14:09:15 - AstroAgent - INFO - ✅ 成功注册 14 个天文工具
2026-03-12 14:09:15 - AstroAgent - INFO - ✅ 成功从外部文件读取prompt模板
2026-03-12 14:09:15 - AstroAgent - INFO - ✅ React Agent构建完成
2026-03-12 14:09:15 - AstroAgent - INFO - ✅ AstroAgent初始化完成，使用HTTP方式调用MCP服务器工具（完整会话管理）
2026-03-12 14:09:55 - AstroAgent - INFO - ✅ 向量检索已连接：./vector_db
2026-03-12 14:09:55 - AstroAgent - WARNING - ⚠️  BM25 检索初始化失败: No module named 'rank_bm25'，将使用纯向量检索
2026-03-12 14:09:55 - AstroAgent - INFO - ✅ 语言模型 qwen-max 初始化成功
2026-03-12 14:09:55 - AstroAgent - INFO - 正在建立SSE连接...
2026-03-12 14:09:55 - AstroAgent - INFO - ✅ 获取到session ID: ea98592b6a3049249e80f8e63636b77b
2026-03-12 14:09:55 - AstroAgent - INFO - 发送初始化请求...
2026-03-12 14:09:55 - AstroAgent - DEBUG - 初始化成功，服务器信息: {'name': 'Astronomy Server', 'version': '3.1.0'}
2026-03-12 14:09:55 - AstroAgent - INFO - 发送initialized通知...
2026-03-12 14:09:55 - AstroAgent - INFO - 获取工具列表...
2026-03-12 14:09:55 - AstroAgent - INFO - ✅ 从服务器获取到 12 个工具
2026-03-12 14:09:55 - AstroAgent - INFO - ✅ MCP会话初始化成功，会话ID: ea98592b6a3049249e80f8e63636b77b
2026-03-12 14:09:55 - AstroAgent - INFO - ✅ 成功注册 14 个天文工具
2026-03-12 14:09:55 - AstroAgent - INFO - ✅ 成功从外部文件读取prompt模板
2026-03-12 14:09:55 - AstroAgent - INFO - ✅ React Agent构建完成
2026-03-12 14:09:55 - AstroAgent - INFO - ✅ AstroAgent初始化完成，使用HTTP方式调用MCP服务器工具（完整会话管理）
2026-03-12 14:09:55 - AstroAgent - INFO - ✅ 向量检索已连接：./vector_db
2026-03-12 14:09:55 - AstroAgent - WARNING - ⚠️  BM25 检索初始化失败: No module named 'rank_bm25'，将使用纯向量检索
2026-03-12 14:09:55 - AstroAgent - INFO - ✅ 语言模型 qwen-max 初始化成功
2026-03-12 14:09:55 - AstroAgent - INFO - 正在建立SSE连接...
2026-03-12 14:09:55 - AstroAgent - INFO - ✅ 获取到session ID: 1268f3ba27fe401e9459f5869b0e7e09
2026-03-12 14:09:55 - AstroAgent - INFO - 发送初始化请求...
2026-03-12 14:09:55 - AstroAgent - DEBUG - 初始化成功，服务器信息: {'name': 'Astronomy Server', 'version': '3.1.0'}
2026-03-12 14:09:55 - AstroAgent - INFO - 发送initialized通知...
2026-03-12 14:09:55 - AstroAgent - INFO - 获取工具列表...
2026-03-12 14:09:55 - AstroAgent - INFO - ✅ 从服务器获取到 12 个工具
2026-03-12 14:09:55 - AstroAgent - INFO - ✅ MCP会话初始化成功，会话ID: 1268f3ba27fe401e9459f5869b0e7e09
2026-03-12 14:09:55 - AstroAgent - INFO - ✅ 成功注册 14 个天文工具
2026-03-12 14:09:55 - AstroAgent - INFO - ✅ 成功从外部文件读取prompt模板
2026-03-12 14:09:55 - AstroAgent - INFO - ✅ React Agent构建完成
2026-03-12 14:09:55 - AstroAgent - INFO - ✅ AstroAgent初始化完成，使用HTTP方式调用MCP服务器工具（完整会话管理）
2026-03-12 14:10:14 - AstroAgent - WARNING - ⚠️  BM25 索引文件不存在: /tmp/tmpeug0ea8i/test_bm25.pkl
2026-03-12 14:10:14 - AstroAgent - INFO - 📝 需要先构建 BM25 索引，运行: python -m rag.build_bm25_index
2026-03-12 14:10:14 - AstroAgent - INFO - ✅ BM25 索引已构建并保存: 7 个文档
2026-03-12 14:10:14 - AstroAgent - INFO - 📄 BM25 检索返回 2 个结果
2026-03-12 14:10:14 - AstroAgent - INFO - 📄 BM25 检索返回 2 个结果
2026-03-12 14:10:14 - AstroAgent - INFO - 📄 BM25 检索返回 1 个结果
2026-03-12 14:10:14 - AstroAgent - INFO - 📄 BM25 检索返回 2 个结果
2026-03-12 14:17:52 - AstroAgent - INFO - ✅ 向量检索已连接：./vector_db
2026-03-12 14:17:52 - AstroAgent - WARNING - ⚠️  BM25 检索初始化失败: No module named 'rank_bm25'，将使用纯向量检索
2026-03-12 14:17:52 - AstroAgent - INFO - ✅ 语言模型 qwen-max 初始化成功
2026-03-12 14:17:52 - AstroAgent - INFO - 正在建立SSE连接...
2026-03-12 14:17:52 - AstroAgent - INFO - ✅ 获取到session ID: 712de3801fa04e1a8f864b7bf25f2710
2026-03-12 14:17:52 - AstroAgent - INFO - 发送初始化请求...
2026-03-12 14:17:52 - AstroAgent - DEBUG - 初始化成功，服务器信息: {'name': 'Astronomy Server', 'version': '3.1.0'}
2026-03-12 14:17:52 - AstroAgent - INFO - 发送initialized通知...
2026-03-12 14:17:52 - AstroAgent - INFO - 获取工具列表...
2026-03-12 14:17:52 - AstroAgent - INFO - ✅ 从服务器获取到 12 个工具
2026-03-12 14:17:52 - AstroAgent - INFO - ✅ MCP会话初始化成功，会话ID: 712de3801fa04e1a8f864b7bf25f2710
2026-03-12 14:17:52 - AstroAgent - INFO - ✅ 成功注册 14 个天文工具
2026-03-12 14:17:52 - AstroAgent - INFO - ✅ 成功从外部文件读取prompt模板
2026-03-12 14:17:52 - AstroAgent - INFO - ✅ React Agent构建完成
2026-03-12 14:17:52 - AstroAgent - INFO - ✅ AstroAgent初始化完成，使用HTTP方式调用MCP服务器工具（完整会话管理）
2026-03-12 14:17:52 - AstroAgent - INFO - ✅ 向量检索已连接：./vector_db
2026-03-12 14:17:52 - AstroAgent - WARNING - ⚠️  BM25 检索初始化失败: No module named 'rank_bm25'，将使用纯向量检索
2026-03-12 14:17:52 - AstroAgent - INFO - ✅ 语言模型 qwen-max 初始化成功
2026-03-12 14:17:52 - AstroAgent - INFO - 正在建立SSE连接...
2026-03-12 14:17:52 - AstroAgent - INFO - ✅ 获取到session ID: 72fcc480fe3b4cf1bf5599b7f46dd6d0
2026-03-12 14:17:52 - AstroAgent - INFO - 发送初始化请求...
2026-03-12 14:17:52 - AstroAgent - DEBUG - 初始化成功，服务器信息: {'name': 'Astronomy Server', 'version': '3.1.0'}
2026-03-12 14:17:52 - AstroAgent - INFO - 发送initialized通知...
2026-03-12 14:17:52 - AstroAgent - INFO - 获取工具列表...
2026-03-12 14:17:52 - AstroAgent - INFO - ✅ 从服务器获取到 12 个工具
2026-03-12 14:17:52 - AstroAgent - INFO - ✅ MCP会话初始化成功，会话ID: 72fcc480fe3b4cf1bf5599b7f46dd6d0
2026-03-12 14:17:52 - AstroAgent - INFO - ✅ 成功注册 14 个天文工具
2026-03-12 14:17:52 - AstroAgent - INFO - ✅ 成功从外部文件读取prompt模板
2026-03-12 14:17:52 - AstroAgent - INFO - ✅ React Agent构建完成
2026-03-12 14:17:52 - AstroAgent - INFO - ✅ AstroAgent初始化完成，使用HTTP方式调用MCP服务器工具（完整会话管理）
2026-03-12 14:21:15 - AstroAgent - INFO - ✅ 向量检索已连接：./vector_db
2026-03-12 14:21:15 - AstroAgent - WARNING - ⚠️  BM25 检索初始化失败: No module named 'rank_bm25'，将使用纯向量检索
2026-03-12 14:21:15 - AstroAgent - INFO - ✅ 语言模型 qwen-max 初始化成功
2026-03-12 14:21:15 - AstroAgent - INFO - 正在建立SSE连接...
2026-03-12 14:21:15 - AstroAgent - INFO - ✅ 获取到session ID: 62566fe0d5de4dcd9fddf183c4c605a0
2026-03-12 14:21:15 - AstroAgent - INFO - 发送初始化请求...
2026-03-12 14:21:15 - AstroAgent - DEBUG - 初始化成功，服务器信息: {'name': 'Astronomy Server', 'version': '3.1.0'}
2026-03-12 14:21:15 - AstroAgent - INFO - 发送initialized通知...
2026-03-12 14:21:15 - AstroAgent - INFO - 获取工具列表...
2026-03-12 14:21:15 - AstroAgent - INFO - ✅ 从服务器获取到 12 个工具
2026-03-12 14:21:15 - AstroAgent - INFO - ✅ MCP会话初始化成功，会话ID: 62566fe0d5de4dcd9fddf183c4c605a0
2026-03-12 14:21:15 - AstroAgent - INFO - ✅ 成功注册 14 个天文工具
2026-03-12 14:21:15 - AstroAgent - INFO - ✅ 成功从外部文件读取prompt模板
2026-03-12 14:21:15 - AstroAgent - INFO - ✅ React Agent构建完成
2026-03-12 14:21:15 - AstroAgent - INFO - ✅ AstroAgent初始化完成，使用HTTP方式调用MCP服务器工具（完整会话管理）
2026-03-12 14:21:15 - AstroAgent - INFO - ✅ 向量检索已连接：./vector_db
2026-03-12 14:21:15 - AstroAgent - WARNING - ⚠️  BM25 检索初始化失败: No module named 'rank_bm25'，将使用纯向量检索
2026-03-12 14:21:15 - AstroAgent - INFO - ✅ 语言模型 qwen-max 初始化成功
2026-03-12 14:21:15 - AstroAgent - INFO - 正在建立SSE连接...
2026-03-12 14:21:15 - AstroAgent - INFO - ✅ 获取到session ID: 7b5c743581e84ce6a6defdb311cff388
2026-03-12 14:21:15 - AstroAgent - INFO - 发送初始化请求...
2026-03-12 14:21:15 - AstroAgent - DEBUG - 初始化成功，服务器信息: {'name': 'Astronomy Server', 'version': '3.1.0'}
2026-03-12 14:21:15 - AstroAgent - INFO - 发送initialized通知...
2026-03-12 14:21:15 - AstroAgent - INFO - 获取工具列表...
2026-03-12 14:21:15 - AstroAgent - INFO - ✅ 从服务器获取到 12 个工具
2026-03-12 14:21:15 - AstroAgent - INFO - ✅ MCP会话初始化成功，会话ID: 7b5c743581e84ce6a6defdb311cff388
2026-03-12 14:21:15 - AstroAgent - INFO - ✅ 成功注册 14 个天文工具
2026-03-12 14:21:15 - AstroAgent - INFO - ✅ 成功从外部文件读取prompt模板
2026-03-12 14:21:15 - AstroAgent - INFO - ✅ React Agent构建完成
2026-03-12 14:21:15 - AstroAgent - INFO - ✅ AstroAgent初始化完成，使用HTTP方式调用MCP服务器工具（完整会话管理）
2026-03-12 14:21:38 - AstroAgent - INFO - ✅ 向量检索已连接：./vector_db
2026-03-12 14:21:38 - AstroAgent - WARNING - ⚠️  BM25 检索初始化失败: No module named 'rank_bm25'，将使用纯向量检索
2026-03-12 14:21:38 - AstroAgent - INFO - ✅ 语言模型 qwen-max 初始化成功
2026-03-12 14:21:39 - AstroAgent - INFO - 正在建立SSE连接...
2026-03-12 14:21:39 - AstroAgent - INFO - ✅ 获取到session ID: 96740fb9e1954c548142e0a854bca89f
2026-03-12 14:21:39 - AstroAgent - INFO - 发送初始化请求...
2026-03-12 14:21:39 - AstroAgent - DEBUG - 初始化成功，服务器信息: {'name': 'Astronomy Server', 'version': '3.1.0'}
2026-03-12 14:21:39 - AstroAgent - INFO - 发送initialized通知...
2026-03-12 14:21:39 - AstroAgent - INFO - 获取工具列表...
2026-03-12 14:21:39 - AstroAgent - INFO - ✅ 从服务器获取到 12 个工具
2026-03-12 14:21:39 - AstroAgent - INFO - ✅ MCP会话初始化成功，会话ID: 96740fb9e1954c548142e0a854bca89f
2026-03-12 14:21:39 - AstroAgent - INFO - ✅ 成功注册 14 个天文工具
2026-03-12 14:21:39 - AstroAgent - INFO - ✅ 成功从外部文件读取prompt模板
2026-03-12 14:21:39 - AstroAgent - INFO - ✅ React Agent构建完成
2026-03-12 14:21:39 - AstroAgent - INFO - ✅ AstroAgent初始化完成，使用HTTP方式调用MCP服务器工具（完整会话管理）
2026-03-12 14:21:39 - AstroAgent - INFO - ✅ 向量检索已连接：./vector_db
2026-03-12 14:21:39 - AstroAgent - WARNING - ⚠️  BM25 检索初始化失败: No module named 'rank_bm25'，将使用纯向量检索
2026-03-12 14:21:39 - AstroAgent - INFO - ✅ 语言模型 qwen-max 初始化成功
2026-03-12 14:21:39 - AstroAgent - INFO - 正在建立SSE连接...
2026-03-12 14:21:39 - AstroAgent - INFO - ✅ 获取到session ID: d91897cd048c4e999b4d3501c5b39db8
2026-03-12 14:21:39 - AstroAgent - INFO - 发送初始化请求...
2026-03-12 14:21:39 - AstroAgent - DEBUG - 初始化成功，服务器信息: {'name': 'Astronomy Server', 'version': '3.1.0'}
2026-03-12 14:21:39 - AstroAgent - INFO - 发送initialized通知...
2026-03-12 14:21:39 - AstroAgent - INFO - 获取工具列表...
2026-03-12 14:21:39 - AstroAgent - INFO - ✅ 从服务器获取到 12 个工具
2026-03-12 14:21:39 - AstroAgent - INFO - ✅ MCP会话初始化成功，会话ID: d91897cd048c4e999b4d3501c5b39db8
2026-03-12 14:21:39 - AstroAgent - INFO - ✅ 成功注册 14 个天文工具
2026-03-12 14:21:39 - AstroAgent - INFO - ✅ 成功从外部文件读取prompt模板
2026-03-12 14:21:39 - AstroAgent - INFO - ✅ React Agent构建完成
2026-03-12 14:21:39 - AstroAgent - INFO - ✅ AstroAgent初始化完成，使用HTTP方式调用MCP服务器工具（完整会话管理）
2026-03-12 14:21:53 - AstroAgent - INFO - ✅ 向量检索已连接：./vector_db
2026-03-12 14:21:53 - AstroAgent - WARNING - ⚠️  BM25 检索初始化失败: No module named 'rank_bm25'，将使用纯向量检索
2026-03-12 14:21:53 - AstroAgent - INFO - ✅ 语言模型 qwen-max 初始化成功
2026-03-12 14:21:53 - AstroAgent - INFO - 正在建立SSE连接...
2026-03-12 14:21:53 - AstroAgent - INFO - ✅ 获取到session ID: 50a383151f904cbabdc94424fee75384
2026-03-12 14:21:53 - AstroAgent - INFO - 发送初始化请求...
2026-03-12 14:21:53 - AstroAgent - DEBUG - 初始化成功，服务器信息: {'name': 'Astronomy Server', 'version': '3.1.0'}
2026-03-12 14:21:53 - AstroAgent - INFO - 发送initialized通知...
2026-03-12 14:21:53 - AstroAgent - INFO - 获取工具列表...
2026-03-12 14:21:53 - AstroAgent - INFO - ✅ 从服务器获取到 12 个工具
2026-03-12 14:21:53 - AstroAgent - INFO - ✅ MCP会话初始化成功，会话ID: 50a383151f904cbabdc94424fee75384
2026-03-12 14:21:53 - AstroAgent - INFO - ✅ 成功注册 14 个天文工具
2026-03-12 14:21:53 - AstroAgent - INFO - ✅ 成功从外部文件读取prompt模板
2026-03-12 14:21:53 - AstroAgent - INFO - ✅ React Agent构建完成
2026-03-12 14:21:53 - AstroAgent - INFO - ✅ AstroAgent初始化完成，使用HTTP方式调用MCP服务器工具（完整会话管理）
2026-03-12 14:21:53 - AstroAgent - INFO - ✅ 向量检索已连接：./vector_db
2026-03-12 14:21:53 - AstroAgent - WARNING - ⚠️  BM25 检索初始化失败: No module named 'rank_bm25'，将使用纯向量检索
2026-03-12 14:21:53 - AstroAgent - INFO - ✅ 语言模型 qwen-max 初始化成功
2026-03-12 14:21:53 - AstroAgent - INFO - 正在建立SSE连接...
2026-03-12 14:21:53 - AstroAgent - INFO - ✅ 获取到session ID: 7766d6b1130e4b2a9fc7bf1d9c416dca
2026-03-12 14:21:53 - AstroAgent - INFO - 发送初始化请求...
2026-03-12 14:21:54 - AstroAgent - DEBUG - 初始化成功，服务器信息: {'name': 'Astronomy Server', 'version': '3.1.0'}
2026-03-12 14:21:54 - AstroAgent - INFO - 发送initialized通知...
2026-03-12 14:21:54 - AstroAgent - INFO - 获取工具列表...
2026-03-12 14:21:54 - AstroAgent - INFO - ✅ 从服务器获取到 12 个工具
2026-03-12 14:21:54 - AstroAgent - INFO - ✅ MCP会话初始化成功，会话ID: 7766d6b1130e4b2a9fc7bf1d9c416dca
2026-03-12 14:21:54 - AstroAgent - INFO - ✅ 成功注册 14 个天文工具
2026-03-12 14:21:54 - AstroAgent - INFO - ✅ 成功从外部文件读取prompt模板
2026-03-12 14:21:54 - AstroAgent - INFO - ✅ React Agent构建完成
2026-03-12 14:21:54 - AstroAgent - INFO - ✅ AstroAgent初始化完成，使用HTTP方式调用MCP服务器工具（完整会话管理）
2026-03-12 14:22:30 - AstroAgent - INFO - ✅ 向量检索已连接：./vector_db
2026-03-12 14:22:30 - AstroAgent - WARNING - ⚠️  BM25 检索初始化失败: No module named 'rank_bm25'，将使用纯向量检索
2026-03-12 14:22:30 - AstroAgent - INFO - ✅ 语言模型 qwen-max 初始化成功
2026-03-12 14:22:30 - AstroAgent - INFO - 正在建立SSE连接...
2026-03-12 14:22:30 - AstroAgent - INFO - ✅ 获取到session ID: 31a6ea686ee14ab894a6c20abe70178c
2026-03-12 14:22:30 - AstroAgent - INFO - 发送初始化请求...
2026-03-12 14:22:30 - AstroAgent - DEBUG - 初始化成功，服务器信息: {'name': 'Astronomy Server', 'version': '3.1.0'}
2026-03-12 14:22:30 - AstroAgent - INFO - 发送initialized通知...
2026-03-12 14:22:30 - AstroAgent - INFO - 获取工具列表...
2026-03-12 14:22:30 - AstroAgent - INFO - ✅ 从服务器获取到 12 个工具
2026-03-12 14:22:30 - AstroAgent - INFO - ✅ MCP会话初始化成功，会话ID: 31a6ea686ee14ab894a6c20abe70178c
2026-03-12 14:22:30 - AstroAgent - INFO - ✅ 成功注册 14 个天文工具
2026-03-12 14:22:30 - AstroAgent - INFO - ✅ 成功从外部文件读取prompt模板
2026-03-12 14:22:30 - AstroAgent - INFO - ✅ React Agent构建完成
2026-03-12 14:22:30 - AstroAgent - INFO - ✅ AstroAgent初始化完成，使用HTTP方式调用MCP服务器工具（完整会话管理）
2026-03-12 14:22:30 - AstroAgent - INFO - ✅ 向量检索已连接：./vector_db
2026-03-12 14:22:30 - AstroAgent - WARNING - ⚠️  BM25 检索初始化失败: No module named 'rank_bm25'，将使用纯向量检索
2026-03-12 14:22:30 - AstroAgent - INFO - ✅ 语言模型 qwen-max 初始化成功
2026-03-12 14:22:30 - AstroAgent - INFO - 正在建立SSE连接...
2026-03-12 14:22:30 - AstroAgent - INFO - ✅ 获取到session ID: d4fe5a5b5b64424eaf6dc3c8aca4737e
2026-03-12 14:22:30 - AstroAgent - INFO - 发送初始化请求...
2026-03-12 14:22:30 - AstroAgent - DEBUG - 初始化成功，服务器信息: {'name': 'Astronomy Server', 'version': '3.1.0'}
2026-03-12 14:22:30 - AstroAgent - INFO - 发送initialized通知...
2026-03-12 14:22:30 - AstroAgent - INFO - 获取工具列表...
2026-03-12 14:22:30 - AstroAgent - INFO - ✅ 从服务器获取到 12 个工具
2026-03-12 14:22:30 - AstroAgent - INFO - ✅ MCP会话初始化成功，会话ID: d4fe5a5b5b64424eaf6dc3c8aca4737e
2026-03-12 14:22:30 - AstroAgent - INFO - ✅ 成功注册 14 个天文工具
2026-03-12 14:22:30 - AstroAgent - INFO - ✅ 成功从外部文件读取prompt模板
2026-03-12 14:22:30 - AstroAgent - INFO - ✅ React Agent构建完成
2026-03-12 14:22:30 - AstroAgent - INFO - ✅ AstroAgent初始化完成，使用HTTP方式调用MCP服务器工具（完整会话管理）
2026-03-12 14:23:13 - AstroAgent - INFO - ✅ 向量检索已连接：./vector_db
2026-03-12 14:23:13 - AstroAgent - WARNING - ⚠️  BM25 检索初始化失败: No module named 'rank_bm25'，将使用纯向量检索
2026-03-12 14:23:13 - AstroAgent - INFO - ✅ 语言模型 qwen-max 初始化成功
2026-03-12 14:23:13 - AstroAgent - INFO - 正在建立SSE连接...
2026-03-12 14:23:13 - AstroAgent - INFO - ✅ 获取到session ID: d01d1534ba3e4a1cbff133f3d9dc281a
2026-03-12 14:23:13 - AstroAgent - INFO - 发送初始化请求...
2026-03-12 14:23:13 - AstroAgent - DEBUG - 初始化成功，服务器信息: {'name': 'Astronomy Server', 'version': '3.1.0'}
2026-03-12 14:23:13 - AstroAgent - INFO - 发送initialized通知...
2026-03-12 14:23:13 - AstroAgent - INFO - 获取工具列表...
2026-03-12 14:23:13 - AstroAgent - INFO - ✅ 从服务器获取到 12 个工具
2026-03-12 14:23:13 - AstroAgent - INFO - ✅ MCP会话初始化成功，会话ID: d01d1534ba3e4a1cbff133f3d9dc281a
2026-03-12 14:23:13 - AstroAgent - INFO - ✅ 成功注册 14 个天文工具
2026-03-12 14:23:13 - AstroAgent - INFO - ✅ 成功从外部文件读取prompt模板
2026-03-12 14:23:13 - AstroAgent - INFO - ✅ React Agent构建完成
2026-03-12 14:23:13 - AstroAgent - INFO - ✅ AstroAgent初始化完成，使用HTTP方式调用MCP服务器工具（完整会话管理）
2026-03-12 14:23:13 - AstroAgent - INFO - ✅ 向量检索已连接：./vector_db
2026-03-12 14:23:13 - AstroAgent - WARNING - ⚠️  BM25 检索初始化失败: No module named 'rank_bm25'，将使用纯向量检索
2026-03-12 14:23:13 - AstroAgent - INFO - ✅ 语言模型 qwen-max 初始化成功
2026-03-12 14:23:13 - AstroAgent - INFO - 正在建立SSE连接...
2026-03-12 14:23:13 - AstroAgent - INFO - ✅ 获取到session ID: 59a17da3bee24e1b80fb9df5e1c82d5e
2026-03-12 14:23:13 - AstroAgent - INFO - 发送初始化请求...
2026-03-12 14:23:13 - AstroAgent - DEBUG - 初始化成功，服务器信息: {'name': 'Astronomy Server', 'version': '3.1.0'}
2026-03-12 14:23:13 - AstroAgent - INFO - 发送initialized通知...
2026-03-12 14:23:13 - AstroAgent - INFO - 获取工具列表...
2026-03-12 14:23:13 - AstroAgent - INFO - ✅ 从服务器获取到 12 个工具
2026-03-12 14:23:13 - AstroAgent - INFO - ✅ MCP会话初始化成功，会话ID: 59a17da3bee24e1b80fb9df5e1c82d5e
2026-03-12 14:23:13 - AstroAgent - INFO - ✅ 成功注册 14 个天文工具
2026-03-12 14:23:13 - AstroAgent - INFO - ✅ 成功从外部文件读取prompt模板
2026-03-12 14:23:13 - AstroAgent - INFO - ✅ React Agent构建完成
2026-03-12 14:23:13 - AstroAgent - INFO - ✅ AstroAgent初始化完成，使用HTTP方式调用MCP服务器工具（完整会话管理）
2026-03-12 14:28:56 - AstroAgent - INFO - 联网搜索成功: 北京天气, 获取到 3 条结果
2026-03-12 14:28:59 - AstroAgent - INFO - 联网搜索成功: 今晚能看到哪些星星, 获取到 3 条结果
2026-03-12 14:29:00 - AstroAgent - INFO - 联网搜索成功: 2026年重要天象, 获取到 3 条结果
2026-03-12 14:30:22 - AstroAgent - INFO - ✅ 向量检索已连接：./vector_db
2026-03-12 14:30:22 - AstroAgent - WARNING - ⚠️  BM25 检索初始化失败: No module named 'rank_bm25'，将使用纯向量检索
2026-03-12 14:30:22 - AstroAgent - INFO - ✅ 语言模型 qwen-max 初始化成功
2026-03-12 14:30:22 - AstroAgent - INFO - 正在建立SSE连接...
2026-03-12 14:30:22 - AstroAgent - INFO - ✅ 获取到session ID: 5334f7eac3b04dc28be8d205f05b7d17
2026-03-12 14:30:22 - AstroAgent - INFO - 发送初始化请求...
2026-03-12 14:30:22 - AstroAgent - DEBUG - 初始化成功，服务器信息: {'name': 'Astronomy Server', 'version': '3.1.0'}
2026-03-12 14:30:22 - AstroAgent - INFO - 发送initialized通知...
2026-03-12 14:30:22 - AstroAgent - INFO - 获取工具列表...
2026-03-12 14:30:22 - AstroAgent - INFO - ✅ 从服务器获取到 12 个工具
2026-03-12 14:30:22 - AstroAgent - INFO - ✅ MCP会话初始化成功，会话ID: 5334f7eac3b04dc28be8d205f05b7d17
2026-03-12 14:30:22 - AstroAgent - INFO - ✅ 成功注册 14 个天文工具
2026-03-12 14:30:22 - AstroAgent - INFO - ✅ 成功从外部文件读取prompt模板
2026-03-12 14:30:22 - AstroAgent - INFO - ✅ React Agent构建完成
2026-03-12 14:30:22 - AstroAgent - INFO - ✅ AstroAgent初始化完成，使用HTTP方式调用MCP服务器工具（完整会话管理）
2026-03-12 14:30:22 - AstroAgent - INFO - ✅ 向量检索已连接：./vector_db
2026-03-12 14:30:22 - AstroAgent - WARNING - ⚠️  BM25 检索初始化失败: No module named 'rank_bm25'，将使用纯向量检索
2026-03-12 14:30:22 - AstroAgent - INFO - ✅ 语言模型 qwen-max 初始化成功
2026-03-12 14:30:22 - AstroAgent - INFO - 正在建立SSE连接...
2026-03-12 14:30:22 - AstroAgent - INFO - ✅ 获取到session ID: 8b0d0bd6ba914379810b9f2397e2177a
2026-03-12 14:30:22 - AstroAgent - INFO - 发送初始化请求...
2026-03-12 14:30:22 - AstroAgent - DEBUG - 初始化成功，服务器信息: {'name': 'Astronomy Server', 'version': '3.1.0'}
2026-03-12 14:30:22 - AstroAgent - INFO - 发送initialized通知...
2026-03-12 14:30:22 - AstroAgent - INFO - 获取工具列表...
2026-03-12 14:30:22 - AstroAgent - INFO - ✅ 从服务器获取到 12 个工具
2026-03-12 14:30:22 - AstroAgent - INFO - ✅ MCP会话初始化成功，会话ID: 8b0d0bd6ba914379810b9f2397e2177a
2026-03-12 14:30:22 - AstroAgent - INFO - ✅ 成功注册 14 个天文工具
2026-03-12 14:30:22 - AstroAgent - INFO - ✅ 成功从外部文件读取prompt模板
2026-03-12 14:30:22 - AstroAgent - INFO - ✅ React Agent构建完成
2026-03-12 14:30:22 - AstroAgent - INFO - ✅ AstroAgent初始化完成，使用HTTP方式调用MCP服务器工具（完整会话管理）
2026-03-12 14:46:17 - AstroAgent - INFO - ✅ 向量检索已连接：./vector_db
2026-03-12 14:46:17 - AstroAgent - WARNING - ⚠️  BM25 索引文件不存在: ./vector_db/bm25_index.pkl
2026-03-12 14:46:17 - AstroAgent - INFO - 📝 需要先构建 BM25 索引，运行: python -m rag.build_bm25_index
2026-03-12 14:46:17 - AstroAgent - WARNING - ⚠️  BM25 索引未加载，将使用纯向量检索
2026-03-12 14:46:17 - AstroAgent - INFO - ✅ 语言模型 qwen-max 初始化成功
2026-03-12 14:46:17 - AstroAgent - INFO - 正在建立SSE连接...
2026-03-12 14:46:17 - AstroAgent - INFO - ✅ 获取到session ID: 2a6c9d967fbb47008b8b388afa4aa498
2026-03-12 14:46:17 - AstroAgent - INFO - 发送初始化请求...
2026-03-12 14:46:17 - AstroAgent - DEBUG - 初始化成功，服务器信息: {'name': 'Astronomy Server', 'version': '3.1.0'}
2026-03-12 14:46:17 - AstroAgent - INFO - 发送initialized通知...
2026-03-12 14:46:17 - AstroAgent - INFO - 获取工具列表...
2026-03-12 14:46:17 - AstroAgent - INFO - ✅ 从服务器获取到 12 个工具
2026-03-12 14:46:17 - AstroAgent - INFO - ✅ MCP会话初始化成功，会话ID: 2a6c9d967fbb47008b8b388afa4aa498
2026-03-12 14:46:17 - AstroAgent - INFO - ✅ 成功注册 14 个天文工具
2026-03-12 14:46:17 - AstroAgent - INFO - ✅ 成功从外部文件读取prompt模板
2026-03-12 14:46:17 - AstroAgent - INFO - ✅ React Agent构建完成
2026-03-12 14:46:17 - AstroAgent - INFO - ✅ AstroAgent初始化完成，使用HTTP方式调用MCP服务器工具（完整会话管理）
2026-03-12 14:46:17 - AstroAgent - INFO - ✅ 向量检索已连接：./vector_db
2026-03-12 14:46:17 - AstroAgent - WARNING - ⚠️  BM25 索引文件不存在: ./vector_db/bm25_index.pkl
2026-03-12 14:46:17 - AstroAgent - INFO - 📝 需要先构建 BM25 索引，运行: python -m rag.build_bm25_index
2026-03-12 14:46:17 - AstroAgent - WARNING - ⚠️  BM25 索引未加载，将使用纯向量检索
2026-03-12 14:46:17 - AstroAgent - INFO - ✅ 语言模型 qwen-max 初始化成功
2026-03-12 14:46:17 - AstroAgent - INFO - 正在建立SSE连接...
2026-03-12 14:46:17 - AstroAgent - INFO - ✅ 获取到session ID: ba78e564f5fc4e51818f0e19050d5122
2026-03-12 14:46:17 - AstroAgent - INFO - 发送初始化请求...
2026-03-12 14:46:17 - AstroAgent - DEBUG - 初始化成功，服务器信息: {'name': 'Astronomy Server', 'version': '3.1.0'}
2026-03-12 14:46:17 - AstroAgent - INFO - 发送initialized通知...
2026-03-12 14:46:17 - AstroAgent - INFO - 获取工具列表...
2026-03-12 14:46:17 - AstroAgent - INFO - ✅ 从服务器获取到 12 个工具
2026-03-12 14:46:17 - AstroAgent - INFO - ✅ MCP会话初始化成功，会话ID: ba78e564f5fc4e51818f0e19050d5122
2026-03-12 14:46:17 - AstroAgent - INFO - ✅ 成功注册 14 个天文工具
2026-03-12 14:46:17 - AstroAgent - INFO - ✅ 成功从外部文件读取prompt模板
2026-03-12 14:46:17 - AstroAgent - INFO - ✅ React Agent构建完成
2026-03-12 14:46:17 - AstroAgent - INFO - ✅ AstroAgent初始化完成，使用HTTP方式调用MCP服务器工具（完整会话管理）
2026-03-12 14:52:56 - AstroAgent - WARNING - ⚠️  BM25 索引文件不存在: /tmp/tmp7v487voq/test_bm25.pkl
2026-03-12 14:52:56 - AstroAgent - INFO - 📝 需要先构建 BM25 索引，运行: python -m rag.build_bm25_index
2026-03-12 14:52:56 - AstroAgent - INFO - ✅ BM25 索引已构建并保存: 7 个文档
2026-03-12 14:52:56 - AstroAgent - INFO - 📄 BM25 检索返回 2 个结果
2026-03-12 14:52:56 - AstroAgent - INFO - 📄 BM25 检索返回 2 个结果
2026-03-12 14:52:56 - AstroAgent - INFO - 📄 BM25 检索返回 1 个结果
2026-03-12 14:52:56 - AstroAgent - INFO - 📄 BM25 检索返回 2 个结果
2026-03-12 22:33:28 - AstroAgent - INFO - ✅ 向量检索已连接：./vector_db
2026-03-12 22:33:28 - AstroAgent - WARNING - ⚠️  BM25 索引文件不存在: ./vector_db/bm25_index.pkl
2026-03-12 22:33:28 - AstroAgent - INFO - 📝 需要先构建 BM25 索引，运行: python -m rag.build_bm25_index
2026-03-12 22:33:28 - AstroAgent - WARNING - ⚠️  BM25 索引未加载，将使用纯向量检索
2026-03-12 22:33:28 - AstroAgent - INFO - ✅ 语言模型 qwen-max 初始化成功
2026-03-12 22:33:28 - AstroAgent - INFO - 正在建立SSE连接...
2026-03-12 22:33:28 - AstroAgent - INFO - ✅ 获取到session ID: 2721c3fbf67a4fabbd16eea9c713ad80
2026-03-12 22:33:28 - AstroAgent - INFO - 发送初始化请求...
2026-03-12 22:33:28 - AstroAgent - DEBUG - 初始化成功，服务器信息: {'name': 'Astronomy Server', 'version': '3.1.0'}
2026-03-12 22:33:28 - AstroAgent - INFO - 发送initialized通知...
2026-03-12 22:33:28 - AstroAgent - INFO - 获取工具列表...
2026-03-12 22:33:28 - AstroAgent - INFO - ✅ 从服务器获取到 13 个工具
2026-03-12 22:33:28 - AstroAgent - INFO - ✅ MCP会话初始化成功，会话ID: 2721c3fbf67a4fabbd16eea9c713ad80
2026-03-12 22:33:28 - AstroAgent - INFO - ✅ 成功注册 14 个天文工具
2026-03-12 22:33:28 - AstroAgent - INFO - ✅ 成功从外部文件读取prompt模板
2026-03-12 22:33:28 - AstroAgent - INFO - ✅ React Agent构建完成
2026-03-12 22:33:28 - AstroAgent - INFO - ✅ AstroAgent初始化完成，使用HTTP方式调用MCP服务器工具（完整会话管理）
2026-03-12 22:33:28 - AstroAgent - INFO - ✅ 向量检索已连接：./vector_db
2026-03-12 22:33:28 - AstroAgent - WARNING - ⚠️  BM25 索引文件不存在: ./vector_db/bm25_index.pkl
2026-03-12 22:33:28 - AstroAgent - INFO - 📝 需要先构建 BM25 索引，运行: python -m rag.build_bm25_index
2026-03-12 22:33:28 - AstroAgent - WARNING - ⚠️  BM25 索引未加载，将使用纯向量检索
2026-03-12 22:33:28 - AstroAgent - INFO - ✅ 语言模型 qwen-max 初始化成功
2026-03-12 22:33:28 - AstroAgent - INFO - 正在建立SSE连接...
2026-03-12 22:33:28 - AstroAgent - INFO - ✅ 获取到session ID: c2e4664fa270412c849930c4a688000f
2026-03-12 22:33:28 - AstroAgent - INFO - 发送初始化请求...
2026-03-12 22:33:28 - AstroAgent - DEBUG - 初始化成功，服务器信息: {'name': 'Astronomy Server', 'version': '3.1.0'}
2026-03-12 22:33:28 - AstroAgent - INFO - 发送initialized通知...
2026-03-12 22:33:28 - AstroAgent - INFO - 获取工具列表...
2026-03-12 22:33:28 - AstroAgent - INFO - ✅ 从服务器获取到 13 个工具
2026-03-12 22:33:28 - AstroAgent - INFO - ✅ MCP会话初始化成功，会话ID: c2e4664fa270412c849930c4a688000f
2026-03-12 22:33:28 - AstroAgent - INFO - ✅ 成功注册 14 个天文工具
2026-03-12 22:33:28 - AstroAgent - INFO - ✅ 成功从外部文件读取prompt模板
2026-03-12 22:33:28 - AstroAgent - INFO - ✅ React Agent构建完成
2026-03-12 22:33:28 - AstroAgent - INFO - ✅ AstroAgent初始化完成，使用HTTP方式调用MCP服务器工具（完整会话管理）
2026-03-12 22:33:43 - AstroAgent - INFO - ✅ 向量检索已连接：./vector_db
2026-03-12 22:33:43 - AstroAgent - WARNING - ⚠️  BM25 索引文件不存在: ./vector_db/bm25_index.pkl
2026-03-12 22:33:43 - AstroAgent - INFO - 📝 需要先构建 BM25 索引，运行: python -m rag.build_bm25_index
2026-03-12 22:33:43 - AstroAgent - WARNING - ⚠️  BM25 索引未加载，将使用纯向量检索
2026-03-12 22:33:43 - AstroAgent - INFO - ✅ 语言模型 qwen-max 初始化成功
2026-03-12 22:33:43 - AstroAgent - INFO - 正在建立SSE连接...
2026-03-12 22:33:43 - AstroAgent - INFO - ✅ 获取到session ID: 9c18b60bf1c746439d039a75d3b65e58
2026-03-12 22:33:43 - AstroAgent - INFO - 发送初始化请求...
2026-03-12 22:33:43 - AstroAgent - DEBUG - 初始化成功，服务器信息: {'name': 'Astronomy Server', 'version': '3.1.0'}
2026-03-12 22:33:43 - AstroAgent - INFO - 发送initialized通知...
2026-03-12 22:33:43 - AstroAgent - INFO - 获取工具列表...
2026-03-12 22:33:43 - AstroAgent - INFO - ✅ 从服务器获取到 13 个工具
2026-03-12 22:33:43 - AstroAgent - INFO - ✅ MCP会话初始化成功，会话ID: 9c18b60bf1c746439d039a75d3b65e58
2026-03-12 22:33:43 - AstroAgent - INFO - ✅ 成功注册 14 个天文工具
2026-03-12 22:33:43 - AstroAgent - INFO - ✅ 成功从外部文件读取prompt模板
2026-03-12 22:33:43 - AstroAgent - INFO - ✅ React Agent构建完成
2026-03-12 22:33:43 - AstroAgent - INFO - ✅ AstroAgent初始化完成，使用HTTP方式调用MCP服务器工具（完整会话管理）
2026-03-12 22:33:43 - AstroAgent - INFO - ✅ 向量检索已连接：./vector_db
2026-03-12 22:33:43 - AstroAgent - WARNING - ⚠️  BM25 索引文件不存在: ./vector_db/bm25_index.pkl
2026-03-12 22:33:43 - AstroAgent - INFO - 📝 需要先构建 BM25 索引，运行: python -m rag.build_bm25_index
2026-03-12 22:33:43 - AstroAgent - WARNING - ⚠️  BM25 索引未加载，将使用纯向量检索
2026-03-12 22:33:43 - AstroAgent - INFO - ✅ 语言模型 qwen-max 初始化成功
2026-03-12 22:33:43 - AstroAgent - INFO - 正在建立SSE连接...
2026-03-12 22:33:43 - AstroAgent - INFO - ✅ 获取到session ID: 677d7be420c540308ccf12737913be51
2026-03-12 22:33:43 - AstroAgent - INFO - 发送初始化请求...
2026-03-12 22:33:43 - AstroAgent - DEBUG - 初始化成功，服务器信息: {'name': 'Astronomy Server', 'version': '3.1.0'}
2026-03-12 22:33:43 - AstroAgent - INFO - 发送initialized通知...
2026-03-12 22:33:43 - AstroAgent - INFO - 获取工具列表...
2026-03-12 22:33:43 - AstroAgent - INFO - ✅ 从服务器获取到 13 个工具
2026-03-12 22:33:43 - AstroAgent - INFO - ✅ MCP会话初始化成功，会话ID: 677d7be420c540308ccf12737913be51
2026-03-12 22:33:43 - AstroAgent - INFO - ✅ 成功注册 14 个天文工具
2026-03-12 22:33:43 - AstroAgent - INFO - ✅ 成功从外部文件读取prompt模板
2026-03-12 22:33:43 - AstroAgent - INFO - ✅ React Agent构建完成
2026-03-12 22:33:43 - AstroAgent - INFO - ✅ AstroAgent初始化完成，使用HTTP方式调用MCP服务器工具（完整会话管理）
2026-03-12 22:34:48 - AstroAgent - INFO - ✅ 向量检索已连接：./vector_db
2026-03-12 22:34:48 - AstroAgent - WARNING - ⚠️  BM25 索引文件不存在: ./vector_db/bm25_index.pkl
2026-03-12 22:34:48 - AstroAgent - INFO - 📝 需要先构建 BM25 索引，运行: python -m rag.build_bm25_index
2026-03-12 22:34:48 - AstroAgent - WARNING - ⚠️  BM25 索引未加载，将使用纯向量检索
2026-03-12 22:34:48 - AstroAgent - INFO - ✅ 语言模型 qwen-max 初始化成功
2026-03-12 22:34:48 - AstroAgent - INFO - 正在建立SSE连接...
2026-03-12 22:34:48 - AstroAgent - INFO - ✅ 获取到session ID: d9b6755fde844577bb776821ba8a41c0
2026-03-12 22:34:48 - AstroAgent - INFO - 发送初始化请求...
2026-03-12 22:34:48 - AstroAgent - DEBUG - 初始化成功，服务器信息: {'name': 'Astronomy Server', 'version': '3.1.0'}
2026-03-12 22:34:48 - AstroAgent - INFO - 发送initialized通知...
2026-03-12 22:34:48 - AstroAgent - INFO - 获取工具列表...
2026-03-12 22:34:48 - AstroAgent - INFO - ✅ 从服务器获取到 13 个工具
2026-03-12 22:34:48 - AstroAgent - INFO - ✅ MCP会话初始化成功，会话ID: d9b6755fde844577bb776821ba8a41c0
2026-03-12 22:34:48 - AstroAgent - INFO - ✅ 成功注册 14 个天文工具
2026-03-12 22:34:48 - AstroAgent - INFO - ✅ 成功从外部文件读取prompt模板
2026-03-12 22:34:48 - AstroAgent - INFO - ✅ React Agent构建完成
2026-03-12 22:34:48 - AstroAgent - INFO - ✅ AstroAgent初始化完成，使用HTTP方式调用MCP服务器工具（完整会话管理）
2026-03-12 22:34:48 - AstroAgent - INFO - 
=== 处理用户查询：请告诉我今晚最佳观测目标 ===
2026-03-12 22:34:52 - AstroAgent - DEBUG - 调用工具 get_tonight_best，处理后的参数: {}
2026-03-12 22:34:52 - AstroAgent - DEBUG - 工具响应: {"jsonrpc": "2.0", "id": 1773326092000, "result": {"content": [{"type": "text", "text": "🌙 **今晚（2026-03-12）观测指南**\n\n【月相】🌗 下弦月\n  后半夜可见\n\n【可见行星】今晚无明显可见行星\n\n【时间信息】\n  • 日落：10:17\n  • 日出：22:29\n"}], "
2026-03-12 22:35:01 - AstroAgent - WARNING - 检测到工具调用可能未返回有效结果，尝试联网搜索...
2026-03-12 22:35:01 - AstroAgent - WARNING - 检测到工具调用可能失败，尝试使用联网搜索...
2026-03-12 22:35:01 - AstroAgent - DEBUG - 调用工具 web_search，处理后的参数: {'query': '请告诉我今晚最佳观测目标', 'max_results': 5}
2026-03-12 22:35:04 - AstroAgent - DEBUG - 工具响应: {"jsonrpc": "2.0", "id": 1773326101041, "result": {"content": [{"type": "text", "text": "{\"query\": \"请告诉我今晚最佳观测目标\", \"answer\": \"Tonight's best observation target is the Moon, as it will be at its
2026-03-12 22:35:04 - AstroAgent - INFO - 联网搜索降级方案执行成功
2026-03-12 22:35:06 - AstroAgent - INFO - ✅ 使用联网搜索降级 | 助手响应长度：1000 字符
2026-03-12 22:35:06 - AstroAgent - INFO - 
=== 处理用户查询：请告诉我未来一周的天象 ===
2026-03-12 22:35:08 - AstroAgent - DEBUG - 调用工具 get_weekly_events，处理后的参数: {'start_date': '{}'}
2026-03-12 22:35:08 - AstroAgent - DEBUG - 工具响应: {"jsonrpc": "2.0", "id": 1773326108948, "result": {"content": [{"type": "text", "text": "🌌 **2026-03-12 至 2026-03-18 一周天象预报**\n\n本周没有特殊天象。\n但你可以关注日常可见的行星和月相变化。\n\n🌙 **本周月相变化**\n• 2026-03-12: 🌗 下弦月\n• 
2026-03-12 22:35:15 - AstroAgent - WARNING - 检测到工具调用可能未返回有效结果，尝试联网搜索...
2026-03-12 22:35:15 - AstroAgent - WARNING - 检测到工具调用可能失败，尝试使用联网搜索...
2026-03-12 22:35:15 - AstroAgent - DEBUG - 调用工具 web_search，处理后的参数: {'query': '请告诉我未来一周的天象', 'max_results': 5}
2026-03-12 22:35:19 - AstroAgent - DEBUG - 工具响应: {"jsonrpc": "2.0", "id": 1773326115733, "result": {"content": [{"type": "text", "text": "{\"query\": \"请告诉我未来一周的天象\", \"answer\": \"本周天象包括月面光影变化和木星冲日。夜晚观测月球，然后寻找白羊座亮星。\", \"results\": [{\"title\": \"未
2026-03-12 22:35:19 - AstroAgent - INFO - 联网搜索降级方案执行成功
2026-03-12 22:35:20 - AstroAgent - INFO - ✅ 使用联网搜索降级 | 助手响应长度：614 字符
2026-03-12 22:35:20 - AstroAgent - INFO - 
=== 处理用户查询：请告诉我本月的天象 ===
2026-03-12 22:35:23 - AstroAgent - DEBUG - 调用工具 get_monthly_events，处理后的参数: {'year': '{}'}
2026-03-12 22:35:23 - AstroAgent - DEBUG - 工具响应: {"jsonrpc": "2.0", "id": 1773326123561, "result": {"content": [{"type": "text", "text": "🔭 **2026年4月天象预报**\n\n✨ **本月特殊天象**\n• **2026-04-22** 天琴座流星雨极大\n  每小时约18颗，无月光干扰\n🪐 **本月行星可见性**\n• 土星：整夜可见，是本月最佳观测
2026-03-12 22:35:36 - AstroAgent - INFO - ✅ 对话已存入记忆 | 助手响应长度：268 字符
2026-03-12 22:35:36 - AstroAgent - INFO - 
=== 处理用户查询：请告诉我2026年8月的天象 ===
2026-03-12 22:35:40 - AstroAgent - DEBUG - 调用工具 get_monthly_events，处理后的参数: {'year': '{"year": 2026, "month": 8}'}
2026-03-12 22:35:40 - AstroAgent - DEBUG - 工具响应: {"jsonrpc": "2.0", "id": 1773326140685, "result": {"content": [{"type": "text", "text": "🔭 **2026年8月天象预报**\n\n✨ **本月特殊天象**\n• **2026-08-12** 英仙座流星雨极大\n  每小时约100颗，年度最佳流星雨！\n• **2026-08-12** 日偏食\n  北京时间
2026-03-12 22:35:53 - AstroAgent - INFO - ✅ 对话已存入记忆 | 助手响应长度：333 字符
2026-03-12 22:35:54 - AstroAgent - INFO - ✅ HTTP客户端已关闭
2026-03-12 22:44:37 - AstroAgent - INFO - ✅ 向量检索已连接：./vector_db
2026-03-12 22:44:37 - AstroAgent - WARNING - ⚠️  BM25 索引文件不存在: ./vector_db/bm25_index.pkl
2026-03-12 22:44:37 - AstroAgent - INFO - 📝 需要先构建 BM25 索引，运行: python -m rag.build_bm25_index
2026-03-12 22:44:37 - AstroAgent - WARNING - ⚠️  BM25 索引未加载，将使用纯向量检索
2026-03-12 22:44:37 - AstroAgent - INFO - ✅ 语言模型 qwen-max 初始化成功
2026-03-12 22:44:37 - AstroAgent - INFO - 正在建立SSE连接...
2026-03-12 22:44:37 - AstroAgent - INFO - ✅ 获取到session ID: fbf17842ef9a45e9a132a3cb28fb8ef2
2026-03-12 22:44:37 - AstroAgent - INFO - 发送初始化请求...
2026-03-12 22:44:37 - AstroAgent - DEBUG - 初始化成功，服务器信息: {'name': 'Astronomy Server', 'version': '3.1.0'}
2026-03-12 22:44:37 - AstroAgent - INFO - 发送initialized通知...
2026-03-12 22:44:37 - AstroAgent - INFO - 获取工具列表...
2026-03-12 22:44:37 - AstroAgent - INFO - ✅ 从服务器获取到 13 个工具
2026-03-12 22:44:37 - AstroAgent - INFO - ✅ MCP会话初始化成功，会话ID: fbf17842ef9a45e9a132a3cb28fb8ef2
2026-03-12 22:44:37 - AstroAgent - INFO - ✅ 成功注册 13 个天文工具
2026-03-12 22:44:37 - AstroAgent - INFO - ✅ 成功从外部文件读取prompt模板
2026-03-12 22:44:37 - AstroAgent - INFO - ✅ React Agent构建完成
2026-03-12 22:44:37 - AstroAgent - INFO - ✅ AstroAgent初始化完成，使用HTTP方式调用MCP服务器工具（完整会话管理）
2026-03-12 22:44:38 - AstroAgent - INFO - ✅ 向量检索已连接：./vector_db
2026-03-12 22:44:38 - AstroAgent - WARNING - ⚠️  BM25 索引文件不存在: ./vector_db/bm25_index.pkl
2026-03-12 22:44:38 - AstroAgent - INFO - 📝 需要先构建 BM25 索引，运行: python -m rag.build_bm25_index
2026-03-12 22:44:38 - AstroAgent - WARNING - ⚠️  BM25 索引未加载，将使用纯向量检索
2026-03-12 22:44:38 - AstroAgent - INFO - ✅ 语言模型 qwen-max 初始化成功
2026-03-12 22:44:38 - AstroAgent - INFO - 正在建立SSE连接...
2026-03-12 22:44:38 - AstroAgent - INFO - ✅ 获取到session ID: 24d5b6d36efd401089387e4444507c40
2026-03-12 22:44:38 - AstroAgent - INFO - 发送初始化请求...
2026-03-12 22:44:38 - AstroAgent - DEBUG - 初始化成功，服务器信息: {'name': 'Astronomy Server', 'version': '3.1.0'}
2026-03-12 22:44:38 - AstroAgent - INFO - 发送initialized通知...
2026-03-12 22:44:38 - AstroAgent - INFO - 获取工具列表...
2026-03-12 22:44:38 - AstroAgent - INFO - ✅ 从服务器获取到 13 个工具
2026-03-12 22:44:38 - AstroAgent - INFO - ✅ MCP会话初始化成功，会话ID: 24d5b6d36efd401089387e4444507c40
2026-03-12 22:44:38 - AstroAgent - INFO - ✅ 成功注册 13 个天文工具
2026-03-12 22:44:38 - AstroAgent - INFO - ✅ 成功从外部文件读取prompt模板
2026-03-12 22:44:38 - AstroAgent - INFO - ✅ React Agent构建完成
2026-03-12 22:44:38 - AstroAgent - INFO - ✅ AstroAgent初始化完成，使用HTTP方式调用MCP服务器工具（完整会话管理）
2026-03-13 11:51:18 - AstroAgent - INFO - ✅ 向量检索已连接：./vector_db
2026-03-13 11:51:18 - AstroAgent - WARNING - ⚠️  BM25 索引文件不存在: ./vector_db/bm25_index.pkl
2026-03-13 11:51:18 - AstroAgent - INFO - 📝 需要先构建 BM25 索引，运行: python -m rag.build_bm25_index
2026-03-13 11:51:18 - AstroAgent - WARNING - ⚠️  BM25 索引未加载，将使用纯向量检索
2026-03-13 11:51:18 - AstroAgent - INFO - ✅ 语言模型 qwen-max 初始化成功
2026-03-13 11:51:18 - AstroAgent - INFO - 正在建立SSE连接...
2026-03-13 11:51:18 - AstroAgent - INFO - ✅ 获取到session ID: 90294350bc1047f48e032b6761fd50b5
2026-03-13 11:51:18 - AstroAgent - INFO - 发送初始化请求...
2026-03-13 11:51:18 - AstroAgent - DEBUG - 初始化成功，服务器信息: {'name': 'Astronomy Server', 'version': '3.1.0'}
2026-03-13 11:51:18 - AstroAgent - INFO - 发送initialized通知...
2026-03-13 11:51:18 - AstroAgent - INFO - 获取工具列表...
2026-03-13 11:51:18 - AstroAgent - INFO - ✅ 从服务器获取到 13 个工具
2026-03-13 11:51:18 - AstroAgent - INFO - ✅ MCP会话初始化成功，会话ID: 90294350bc1047f48e032b6761fd50b5
2026-03-13 11:51:18 - AstroAgent - INFO - ✅ 成功注册 7 个高层技能工具（含RAG）
2026-03-13 11:51:18 - AstroAgent - INFO - ✅ 成功从外部文件读取prompt模板
2026-03-13 11:51:18 - AstroAgent - INFO - ✅ React Agent构建完成
2026-03-13 11:51:18 - AstroAgent - INFO - ✅ AstroAgent初始化完成，使用HTTP方式调用MCP服务器工具（完整会话管理）
2026-03-13 11:51:19 - AstroAgent - INFO - ✅ 向量检索已连接：./vector_db
2026-03-13 11:51:19 - AstroAgent - WARNING - ⚠️  BM25 索引文件不存在: ./vector_db/bm25_index.pkl
2026-03-13 11:51:19 - AstroAgent - INFO - 📝 需要先构建 BM25 索引，运行: python -m rag.build_bm25_index
2026-03-13 11:51:19 - AstroAgent - WARNING - ⚠️  BM25 索引未加载，将使用纯向量检索
2026-03-13 11:51:19 - AstroAgent - INFO - ✅ 语言模型 qwen-max 初始化成功
2026-03-13 11:51:19 - AstroAgent - INFO - 正在建立SSE连接...
2026-03-13 11:51:19 - AstroAgent - INFO - ✅ 获取到session ID: 29969b0131b24a07a6effee1a8e9c739
2026-03-13 11:51:19 - AstroAgent - INFO - 发送初始化请求...
2026-03-13 11:51:19 - AstroAgent - DEBUG - 初始化成功，服务器信息: {'name': 'Astronomy Server', 'version': '3.1.0'}
2026-03-13 11:51:19 - AstroAgent - INFO - 发送initialized通知...
2026-03-13 11:51:19 - AstroAgent - INFO - 获取工具列表...
2026-03-13 11:51:19 - AstroAgent - INFO - ✅ 从服务器获取到 13 个工具
2026-03-13 11:51:19 - AstroAgent - INFO - ✅ MCP会话初始化成功，会话ID: 29969b0131b24a07a6effee1a8e9c739
2026-03-13 11:51:19 - AstroAgent - INFO - ✅ 成功注册 7 个高层技能工具（含RAG）
2026-03-13 11:51:19 - AstroAgent - INFO - ✅ 成功从外部文件读取prompt模板
2026-03-13 11:51:19 - AstroAgent - INFO - ✅ React Agent构建完成
2026-03-13 11:51:19 - AstroAgent - INFO - ✅ AstroAgent初始化完成，使用HTTP方式调用MCP服务器工具（完整会话管理）
2026-03-13 11:51:20 - AstroAgent - INFO - ✅ 向量检索已连接：./vector_db
2026-03-13 11:51:20 - AstroAgent - WARNING - ⚠️  BM25 索引文件不存在: ./vector_db/bm25_index.pkl
2026-03-13 11:51:20 - AstroAgent - INFO - 📝 需要先构建 BM25 索引，运行: python -m rag.build_bm25_index
2026-03-13 11:51:20 - AstroAgent - WARNING - ⚠️  BM25 索引未加载，将使用纯向量检索
2026-03-13 11:51:20 - AstroAgent - INFO - ✅ 语言模型 qwen-max 初始化成功
2026-03-13 11:51:20 - AstroAgent - INFO - 正在建立SSE连接...
2026-03-13 11:51:20 - AstroAgent - INFO - ✅ 获取到session ID: bbb8dd5454ee4a86a4e9bdda355417ff
2026-03-13 11:51:20 - AstroAgent - INFO - 发送初始化请求...
2026-03-13 11:51:20 - AstroAgent - DEBUG - 初始化成功，服务器信息: {'name': 'Astronomy Server', 'version': '3.1.0'}
2026-03-13 11:51:20 - AstroAgent - INFO - 发送initialized通知...
2026-03-13 11:51:20 - AstroAgent - INFO - 获取工具列表...
2026-03-13 11:51:20 - AstroAgent - INFO - ✅ 从服务器获取到 13 个工具
2026-03-13 11:51:20 - AstroAgent - INFO - ✅ MCP会话初始化成功，会话ID: bbb8dd5454ee4a86a4e9bdda355417ff
2026-03-13 11:51:20 - AstroAgent - INFO - ✅ 成功注册 7 个高层技能工具（含RAG）
2026-03-13 11:51:20 - AstroAgent - INFO - ✅ 成功从外部文件读取prompt模板
2026-03-13 11:51:20 - AstroAgent - INFO - ✅ React Agent构建完成
2026-03-13 11:51:20 - AstroAgent - INFO - ✅ AstroAgent初始化完成，使用HTTP方式调用MCP服务器工具（完整会话管理）
2026-03-13 11:52:00 - AstroAgent - INFO - ✅ 向量检索已连接：./vector_db
2026-03-13 11:52:00 - AstroAgent - WARNING - ⚠️  BM25 索引文件不存在: ./vector_db/bm25_index.pkl
2026-03-13 11:52:00 - AstroAgent - INFO - 📝 需要先构建 BM25 索引，运行: python -m rag.build_bm25_index
2026-03-13 11:52:00 - AstroAgent - WARNING - ⚠️  BM25 索引未加载，将使用纯向量检索
2026-03-13 11:52:00 - AstroAgent - INFO - ✅ 语言模型 qwen-max 初始化成功
2026-03-13 11:52:00 - AstroAgent - INFO - 正在建立SSE连接...
2026-03-13 11:52:00 - AstroAgent - INFO - ✅ 获取到session ID: 1b1f4ccb979f42fa8d0f8efa21c888d5
2026-03-13 11:52:00 - AstroAgent - INFO - 发送初始化请求...
2026-03-13 11:52:00 - AstroAgent - DEBUG - 初始化成功，服务器信息: {'name': 'Astronomy Server', 'version': '3.1.0'}
2026-03-13 11:52:00 - AstroAgent - INFO - 发送initialized通知...
2026-03-13 11:52:00 - AstroAgent - INFO - 获取工具列表...
2026-03-13 11:52:00 - AstroAgent - INFO - ✅ 从服务器获取到 13 个工具
2026-03-13 11:52:00 - AstroAgent - INFO - ✅ MCP会话初始化成功，会话ID: 1b1f4ccb979f42fa8d0f8efa21c888d5
2026-03-13 11:52:00 - AstroAgent - INFO - ✅ 成功注册 7 个高层技能工具（含RAG）
2026-03-13 11:52:00 - AstroAgent - INFO - ✅ 成功从外部文件读取prompt模板
2026-03-13 11:52:00 - AstroAgent - INFO - ✅ React Agent构建完成
2026-03-13 11:52:00 - AstroAgent - INFO - ✅ AstroAgent初始化完成，使用HTTP方式调用MCP服务器工具（完整会话管理）
2026-03-13 11:52:00 - AstroAgent - INFO - 
=== 处理用户查询：请告诉我今晚最佳观测目标 ===
2026-03-13 11:52:21 - AstroAgent - DEBUG - 调用工具 get_weekly_events，处理后的参数: {'start_date': '2026-03-13'}
2026-03-13 11:52:22 - AstroAgent - DEBUG - 工具响应: {"jsonrpc": "2.0", "id": 1773373941937, "result": {"content": [{"type": "text", "text": "🌌 **2026-03-13 至 2026-03-19 一周天象预报**\n\n本周没有特殊天象。\n但你可以关注日常可见的行星和月相变化。\n\n🌙 **本周月相变化**\n• 2026-03-13: 🌗 下弦月\n• 
2026-03-13 11:52:55 - AstroAgent - INFO - ✅ 对话已存入记忆 | 助手响应长度：163 字符
2026-03-13 11:52:55 - AstroAgent - INFO - 
=== 处理用户查询：请告诉我未来一周的天象 ===
2026-03-13 11:53:00 - AstroAgent - DEBUG - 调用工具 get_weekly_events，处理后的参数: {'start_date': '2026-03-13'}
2026-03-13 11:53:00 - AstroAgent - DEBUG - 工具响应: {"jsonrpc": "2.0", "id": 1773373980598, "result": {"content": [{"type": "text", "text": "🌌 **2026-03-13 至 2026-03-19 一周天象预报**\n\n本周没有特殊天象。\n但你可以关注日常可见的行星和月相变化。\n\n🌙 **本周月相变化**\n• 2026-03-13: 🌗 下弦月\n• 
2026-03-13 11:53:12 - AstroAgent - INFO - ✅ 对话已存入记忆 | 助手响应长度：293 字符
2026-03-13 11:53:12 - AstroAgent - INFO - 
=== 处理用户查询：请告诉我本月的天象 ===
2026-03-13 11:53:17 - AstroAgent - DEBUG - 调用工具 get_weekly_events，处理后的参数: {'start_date': '2026-03-13'}
2026-03-13 11:53:17 - AstroAgent - DEBUG - 工具响应: {"jsonrpc": "2.0", "id": 1773373997776, "result": {"content": [{"type": "text", "text": "🌌 **2026-03-13 至 2026-03-19 一周天象预报**\n\n本周没有特殊天象。\n但你可以关注日常可见的行星和月相变化。\n\n🌙 **本周月相变化**\n• 2026-03-13: 🌗 下弦月\n• 
2026-03-13 11:53:25 - AstroAgent - WARNING - 检测到工具调用可能未返回有效结果，尝试联网搜索...
2026-03-13 11:53:25 - AstroAgent - WARNING - 检测到工具调用可能失败，尝试使用联网搜索...
2026-03-13 11:53:25 - AstroAgent - DEBUG - 调用工具 web_search，处理后的参数: {'query': '请告诉我本月的天象', 'max_results': 5}
2026-03-13 11:53:29 - AstroAgent - DEBUG - 工具响应: {"jsonrpc": "2.0", "id": 1773374005754, "result": {"content": [{"type": "text", "text": "{\"query\": \"请告诉我本月的天象\", \"answer\": \"今天是3月13日，本月的主要天象是3月3日的月全食。月全食将在下午7时34分开始，结束于下午10时25分。月亮会呈现暗红色。\", \"re
2026-03-13 11:53:29 - AstroAgent - INFO - 联网搜索降级方案执行成功
2026-03-13 11:53:30 - AstroAgent - INFO - ✅ 使用联网搜索降级 | 助手响应长度：654 字符
2026-03-13 11:53:30 - AstroAgent - INFO - 
=== 处理用户查询：请告诉我2026年8月的天象 ===
2026-03-13 11:53:37 - AstroAgent - DEBUG - 调用工具 get_weekly_events，处理后的参数: {'start_date': '2026-03-13'}
2026-03-13 11:53:37 - AstroAgent - DEBUG - 工具响应: {"jsonrpc": "2.0", "id": 1773374017099, "result": {"content": [{"type": "text", "text": "🌌 **2026-03-13 至 2026-03-19 一周天象预报**\n\n本周没有特殊天象。\n但你可以关注日常可见的行星和月相变化。\n\n🌙 **本周月相变化**\n• 2026-03-13: 🌗 下弦月\n• 
2026-03-13 11:53:44 - AstroAgent - DEBUG - 调用工具 get_weekly_events，处理后的参数: {'start_date': '2026-03-13'}
2026-03-13 11:53:44 - AstroAgent - DEBUG - 工具响应: {"jsonrpc": "2.0", "id": 1773374024097, "result": {"content": [{"type": "text", "text": "🌌 **2026-03-13 至 2026-03-19 一周天象预报**\n\n本周没有特殊天象。\n但你可以关注日常可见的行星和月相变化。\n\n🌙 **本周月相变化**\n• 2026-03-13: 🌗 下弦月\n• 
2026-03-13 11:54:12 - AstroAgent - INFO - ✅ 对话已存入记忆 | 助手响应长度：333 字符
2026-03-13 11:54:13 - AstroAgent - INFO - ✅ HTTP客户端已关闭
2026-03-13 12:01:30 - AstroAgent - INFO - ✅ 向量检索已连接：./vector_db
2026-03-13 12:01:30 - AstroAgent - WARNING - ⚠️  BM25 索引文件不存在: ./vector_db/bm25_index.pkl
2026-03-13 12:01:30 - AstroAgent - INFO - 📝 需要先构建 BM25 索引，运行: python -m rag.build_bm25_index
2026-03-13 12:01:30 - AstroAgent - WARNING - ⚠️  BM25 索引未加载，将使用纯向量检索
2026-03-13 12:01:30 - AstroAgent - INFO - ✅ 语言模型 qwen-max 初始化成功
2026-03-13 12:01:30 - AstroAgent - INFO - 正在建立SSE连接...
2026-03-13 12:01:30 - AstroAgent - INFO - ✅ 获取到session ID: 22d5a60cfbe141978f3d2cbd8c268b97
2026-03-13 12:01:30 - AstroAgent - INFO - 发送初始化请求...
2026-03-13 12:01:30 - AstroAgent - DEBUG - 初始化成功，服务器信息: {'name': 'Astronomy Server', 'version': '3.1.0'}
2026-03-13 12:01:30 - AstroAgent - INFO - 发送initialized通知...
2026-03-13 12:01:30 - AstroAgent - INFO - 获取工具列表...
2026-03-13 12:01:30 - AstroAgent - INFO - ✅ 从服务器获取到 13 个工具
2026-03-13 12:01:30 - AstroAgent - INFO - ✅ MCP会话初始化成功，会话ID: 22d5a60cfbe141978f3d2cbd8c268b97
2026-03-13 12:01:30 - AstroAgent - INFO - ✅ 成功注册 7 个高层技能工具（含RAG）
2026-03-13 12:01:30 - AstroAgent - INFO - ✅ 成功从外部文件读取prompt模板
2026-03-13 12:01:30 - AstroAgent - INFO - ✅ React Agent构建完成
2026-03-13 12:01:30 - AstroAgent - INFO - ✅ AstroAgent初始化完成，使用HTTP方式调用MCP服务器工具（完整会话管理）
2026-03-13 12:01:30 - AstroAgent - INFO - ✅ 向量检索已连接：./vector_db
2026-03-13 12:01:30 - AstroAgent - WARNING - ⚠️  BM25 索引文件不存在: ./vector_db/bm25_index.pkl
2026-03-13 12:01:30 - AstroAgent - INFO - 📝 需要先构建 BM25 索引，运行: python -m rag.build_bm25_index
2026-03-13 12:01:30 - AstroAgent - WARNING - ⚠️  BM25 索引未加载，将使用纯向量检索
2026-03-13 12:01:30 - AstroAgent - INFO - ✅ 语言模型 qwen-max 初始化成功
2026-03-13 12:01:30 - AstroAgent - INFO - 正在建立SSE连接...
2026-03-13 12:01:30 - AstroAgent - INFO - ✅ 获取到session ID: 3e2ba83dfe2442ad84fdaf6abb197031
2026-03-13 12:01:30 - AstroAgent - INFO - 发送初始化请求...
2026-03-13 12:01:30 - AstroAgent - DEBUG - 初始化成功，服务器信息: {'name': 'Astronomy Server', 'version': '3.1.0'}
2026-03-13 12:01:30 - AstroAgent - INFO - 发送initialized通知...
2026-03-13 12:01:30 - AstroAgent - INFO - 获取工具列表...
2026-03-13 12:01:30 - AstroAgent - INFO - ✅ 从服务器获取到 13 个工具
2026-03-13 12:01:30 - AstroAgent - INFO - ✅ MCP会话初始化成功，会话ID: 3e2ba83dfe2442ad84fdaf6abb197031
2026-03-13 12:01:30 - AstroAgent - INFO - ✅ 成功注册 7 个高层技能工具（含RAG）
2026-03-13 12:01:30 - AstroAgent - INFO - ✅ 成功从外部文件读取prompt模板
2026-03-13 12:01:30 - AstroAgent - INFO - ✅ React Agent构建完成
2026-03-13 12:01:30 - AstroAgent - INFO - ✅ AstroAgent初始化完成，使用HTTP方式调用MCP服务器工具（完整会话管理）
2026-03-13 12:01:37 - AstroAgent - INFO - ✅ 向量检索已连接：./vector_db
2026-03-13 12:01:37 - AstroAgent - WARNING - ⚠️  BM25 索引文件不存在: ./vector_db/bm25_index.pkl
2026-03-13 12:01:37 - AstroAgent - INFO - 📝 需要先构建 BM25 索引，运行: python -m rag.build_bm25_index
2026-03-13 12:01:37 - AstroAgent - WARNING - ⚠️  BM25 索引未加载，将使用纯向量检索
2026-03-13 12:01:37 - AstroAgent - INFO - ✅ 语言模型 qwen-max 初始化成功
2026-03-13 12:01:37 - AstroAgent - INFO - 正在建立SSE连接...
2026-03-13 12:01:37 - AstroAgent - INFO - ✅ 获取到session ID: 09f6c71de8424072b2f881c60f51fe6a
2026-03-13 12:01:37 - AstroAgent - INFO - 发送初始化请求...
2026-03-13 12:01:37 - AstroAgent - DEBUG - 初始化成功，服务器信息: {'name': 'Astronomy Server', 'version': '3.1.0'}
2026-03-13 12:01:37 - AstroAgent - INFO - 发送initialized通知...
2026-03-13 12:01:37 - AstroAgent - INFO - 获取工具列表...
2026-03-13 12:01:37 - AstroAgent - INFO - ✅ 从服务器获取到 13 个工具
2026-03-13 12:01:37 - AstroAgent - INFO - ✅ MCP会话初始化成功，会话ID: 09f6c71de8424072b2f881c60f51fe6a
2026-03-13 12:01:37 - AstroAgent - INFO - ✅ 成功注册 7 个高层技能工具（含RAG）
2026-03-13 12:01:37 - AstroAgent - INFO - ✅ 成功从外部文件读取prompt模板
2026-03-13 12:01:37 - AstroAgent - INFO - ✅ React Agent构建完成
2026-03-13 12:01:37 - AstroAgent - INFO - ✅ AstroAgent初始化完成，使用HTTP方式调用MCP服务器工具（完整会话管理）
2026-03-13 12:01:37 - AstroAgent - INFO - ✅ 向量检索已连接：./vector_db
2026-03-13 12:01:37 - AstroAgent - WARNING - ⚠️  BM25 索引文件不存在: ./vector_db/bm25_index.pkl
2026-03-13 12:01:37 - AstroAgent - INFO - 📝 需要先构建 BM25 索引，运行: python -m rag.build_bm25_index
2026-03-13 12:01:37 - AstroAgent - WARNING - ⚠️  BM25 索引未加载，将使用纯向量检索
2026-03-13 12:01:37 - AstroAgent - INFO - ✅ 语言模型 qwen-max 初始化成功
2026-03-13 12:01:37 - AstroAgent - INFO - 正在建立SSE连接...
2026-03-13 12:01:37 - AstroAgent - INFO - ✅ 获取到session ID: c624b2038e9749b397da1a9bf8d41628
2026-03-13 12:01:37 - AstroAgent - INFO - 发送初始化请求...
2026-03-13 12:01:37 - AstroAgent - DEBUG - 初始化成功，服务器信息: {'name': 'Astronomy Server', 'version': '3.1.0'}
2026-03-13 12:01:37 - AstroAgent - INFO - 发送initialized通知...
2026-03-13 12:01:37 - AstroAgent - INFO - 获取工具列表...
2026-03-13 12:01:37 - AstroAgent - INFO - ✅ 从服务器获取到 13 个工具
2026-03-13 12:01:37 - AstroAgent - INFO - ✅ MCP会话初始化成功，会话ID: c624b2038e9749b397da1a9bf8d41628
2026-03-13 12:01:37 - AstroAgent - INFO - ✅ 成功注册 7 个高层技能工具（含RAG）
2026-03-13 12:01:37 - AstroAgent - INFO - ✅ 成功从外部文件读取prompt模板
2026-03-13 12:01:37 - AstroAgent - INFO - ✅ React Agent构建完成
2026-03-13 12:01:37 - AstroAgent - INFO - ✅ AstroAgent初始化完成，使用HTTP方式调用MCP服务器工具（完整会话管理）
2026-03-13 12:01:43 - AstroAgent - INFO - ✅ 向量检索已连接：./vector_db
2026-03-13 12:01:43 - AstroAgent - WARNING - ⚠️  BM25 索引文件不存在: ./vector_db/bm25_index.pkl
2026-03-13 12:01:43 - AstroAgent - INFO - 📝 需要先构建 BM25 索引，运行: python -m rag.build_bm25_index
2026-03-13 12:01:43 - AstroAgent - WARNING - ⚠️  BM25 索引未加载，将使用纯向量检索
2026-03-13 12:01:43 - AstroAgent - INFO - ✅ 语言模型 qwen-max 初始化成功
2026-03-13 12:01:43 - AstroAgent - INFO - 正在建立SSE连接...
2026-03-13 12:01:43 - AstroAgent - INFO - ✅ 获取到session ID: 0fee127fc67740d7a12e38c282272e9d
2026-03-13 12:01:43 - AstroAgent - INFO - 发送初始化请求...
2026-03-13 12:01:43 - AstroAgent - DEBUG - 初始化成功，服务器信息: {'name': 'Astronomy Server', 'version': '3.1.0'}
2026-03-13 12:01:43 - AstroAgent - INFO - 发送initialized通知...
2026-03-13 12:01:43 - AstroAgent - INFO - 获取工具列表...
2026-03-13 12:01:43 - AstroAgent - INFO - ✅ 从服务器获取到 13 个工具
2026-03-13 12:01:43 - AstroAgent - INFO - ✅ MCP会话初始化成功，会话ID: 0fee127fc67740d7a12e38c282272e9d
2026-03-13 12:01:43 - AstroAgent - INFO - ✅ 成功注册 7 个高层技能工具（含RAG）
2026-03-13 12:01:43 - AstroAgent - INFO - ✅ 成功从外部文件读取prompt模板
2026-03-13 12:01:43 - AstroAgent - INFO - ✅ React Agent构建完成
2026-03-13 12:01:43 - AstroAgent - INFO - ✅ AstroAgent初始化完成，使用HTTP方式调用MCP服务器工具（完整会话管理）
2026-03-13 12:01:43 - AstroAgent - INFO - ✅ 向量检索已连接：./vector_db
2026-03-13 12:01:43 - AstroAgent - WARNING - ⚠️  BM25 索引文件不存在: ./vector_db/bm25_index.pkl
2026-03-13 12:01:43 - AstroAgent - INFO - 📝 需要先构建 BM25 索引，运行: python -m rag.build_bm25_index
2026-03-13 12:01:43 - AstroAgent - WARNING - ⚠️  BM25 索引未加载，将使用纯向量检索
2026-03-13 12:01:43 - AstroAgent - INFO - ✅ 语言模型 qwen-max 初始化成功
2026-03-13 12:01:43 - AstroAgent - INFO - 正在建立SSE连接...
2026-03-13 12:01:43 - AstroAgent - INFO - ✅ 获取到session ID: f8d1c131ca1d41f088465145bd834f1a
2026-03-13 12:01:43 - AstroAgent - INFO - 发送初始化请求...
2026-03-13 12:01:43 - AstroAgent - DEBUG - 初始化成功，服务器信息: {'name': 'Astronomy Server', 'version': '3.1.0'}
2026-03-13 12:01:43 - AstroAgent - INFO - 发送initialized通知...
2026-03-13 12:01:43 - AstroAgent - INFO - 获取工具列表...
2026-03-13 12:01:43 - AstroAgent - INFO - ✅ 从服务器获取到 13 个工具
2026-03-13 12:01:43 - AstroAgent - INFO - ✅ MCP会话初始化成功，会话ID: f8d1c131ca1d41f088465145bd834f1a
2026-03-13 12:01:43 - AstroAgent - INFO - ✅ 成功注册 7 个高层技能工具（含RAG）
2026-03-13 12:01:43 - AstroAgent - INFO - ✅ 成功从外部文件读取prompt模板
2026-03-13 12:01:43 - AstroAgent - INFO - ✅ React Agent构建完成
2026-03-13 12:01:43 - AstroAgent - INFO - ✅ AstroAgent初始化完成，使用HTTP方式调用MCP服务器工具（完整会话管理）
2026-03-13 12:01:50 - AstroAgent - INFO - ✅ 向量检索已连接：./vector_db
2026-03-13 12:01:50 - AstroAgent - WARNING - ⚠️  BM25 索引文件不存在: ./vector_db/bm25_index.pkl
2026-03-13 12:01:50 - AstroAgent - INFO - 📝 需要先构建 BM25 索引，运行: python -m rag.build_bm25_index
2026-03-13 12:01:50 - AstroAgent - WARNING - ⚠️  BM25 索引未加载，将使用纯向量检索
2026-03-13 12:01:50 - AstroAgent - INFO - ✅ 语言模型 qwen-max 初始化成功
2026-03-13 12:01:50 - AstroAgent - INFO - 正在建立SSE连接...
2026-03-13 12:01:50 - AstroAgent - INFO - ✅ 获取到session ID: be23d078ff6e49b78f3fc0e14fa23c88
2026-03-13 12:01:50 - AstroAgent - INFO - 发送初始化请求...
2026-03-13 12:01:50 - AstroAgent - DEBUG - 初始化成功，服务器信息: {'name': 'Astronomy Server', 'version': '3.1.0'}
2026-03-13 12:01:50 - AstroAgent - INFO - 发送initialized通知...
2026-03-13 12:01:50 - AstroAgent - INFO - 获取工具列表...
2026-03-13 12:01:50 - AstroAgent - INFO - ✅ 从服务器获取到 13 个工具
2026-03-13 12:01:50 - AstroAgent - INFO - ✅ MCP会话初始化成功，会话ID: be23d078ff6e49b78f3fc0e14fa23c88
2026-03-13 12:01:50 - AstroAgent - INFO - ✅ 成功注册 7 个高层技能工具（含RAG）
2026-03-13 12:01:50 - AstroAgent - INFO - ✅ 成功从外部文件读取prompt模板
2026-03-13 12:01:50 - AstroAgent - INFO - ✅ React Agent构建完成
2026-03-13 12:01:50 - AstroAgent - INFO - ✅ AstroAgent初始化完成，使用HTTP方式调用MCP服务器工具（完整会话管理）
2026-03-13 12:01:50 - AstroAgent - INFO - ✅ 向量检索已连接：./vector_db
2026-03-13 12:01:50 - AstroAgent - WARNING - ⚠️  BM25 索引文件不存在: ./vector_db/bm25_index.pkl
2026-03-13 12:01:50 - AstroAgent - INFO - 📝 需要先构建 BM25 索引，运行: python -m rag.build_bm25_index
2026-03-13 12:01:50 - AstroAgent - WARNING - ⚠️  BM25 索引未加载，将使用纯向量检索
2026-03-13 12:01:50 - AstroAgent - INFO - ✅ 语言模型 qwen-max 初始化成功
2026-03-13 12:01:50 - AstroAgent - INFO - 正在建立SSE连接...
2026-03-13 12:01:50 - AstroAgent - INFO - ✅ 获取到session ID: fd7bb540769c497ba3753eba2ec4f689
2026-03-13 12:01:50 - AstroAgent - INFO - 发送初始化请求...
2026-03-13 12:01:50 - AstroAgent - DEBUG - 初始化成功，服务器信息: {'name': 'Astronomy Server', 'version': '3.1.0'}
2026-03-13 12:01:50 - AstroAgent - INFO - 发送initialized通知...
2026-03-13 12:01:50 - AstroAgent - INFO - 获取工具列表...
2026-03-13 12:01:50 - AstroAgent - INFO - ✅ 从服务器获取到 13 个工具
2026-03-13 12:01:50 - AstroAgent - INFO - ✅ MCP会话初始化成功，会话ID: fd7bb540769c497ba3753eba2ec4f689
2026-03-13 12:01:50 - AstroAgent - INFO - ✅ 成功注册 7 个高层技能工具（含RAG）
2026-03-13 12:01:50 - AstroAgent - INFO - ✅ 成功从外部文件读取prompt模板
2026-03-13 12:01:50 - AstroAgent - INFO - ✅ React Agent构建完成
2026-03-13 12:01:50 - AstroAgent - INFO - ✅ AstroAgent初始化完成，使用HTTP方式调用MCP服务器工具（完整会话管理）
2026-03-13 12:05:21 - AstroAgent - INFO - ✅ 向量检索已连接：./vector_db
2026-03-13 12:05:21 - AstroAgent - WARNING - ⚠️  BM25 索引文件不存在: ./vector_db/bm25_index.pkl
2026-03-13 12:05:21 - AstroAgent - INFO - 📝 需要先构建 BM25 索引，运行: python -m rag.build_bm25_index
2026-03-13 12:05:21 - AstroAgent - WARNING - ⚠️  BM25 索引未加载，将使用纯向量检索
2026-03-13 12:05:21 - AstroAgent - INFO - ✅ 语言模型 qwen-max 初始化成功
2026-03-13 12:05:21 - AstroAgent - INFO - 正在建立SSE连接...
2026-03-13 12:05:21 - AstroAgent - INFO - ✅ 获取到session ID: 3d7ffb0830d74e7a9f23c7a0ab621111
2026-03-13 12:05:21 - AstroAgent - INFO - 发送初始化请求...
2026-03-13 12:05:21 - AstroAgent - DEBUG - 初始化成功，服务器信息: {'name': 'Astronomy Server', 'version': '3.1.0'}
2026-03-13 12:05:21 - AstroAgent - INFO - 发送initialized通知...
2026-03-13 12:05:21 - AstroAgent - INFO - 获取工具列表...
2026-03-13 12:05:21 - AstroAgent - INFO - ✅ 从服务器获取到 13 个工具
2026-03-13 12:05:21 - AstroAgent - INFO - ✅ MCP会话初始化成功，会话ID: 3d7ffb0830d74e7a9f23c7a0ab621111
2026-03-13 12:05:21 - AstroAgent - INFO - ✅ 成功注册 7 个高层技能工具（含RAG）
2026-03-13 12:05:21 - AstroAgent - INFO - ✅ 成功从外部文件读取prompt模板
2026-03-13 12:05:21 - AstroAgent - INFO - ✅ React Agent构建完成
2026-03-13 12:05:21 - AstroAgent - INFO - ✅ AstroAgent初始化完成，使用HTTP方式调用MCP服务器工具（完整会话管理）
2026-03-13 12:05:21 - AstroAgent - INFO - 
=== 处理用户查询：请告诉我今晚最佳观测目标 ===
2026-03-13 12:05:28 - AstroAgent - DEBUG - 调用工具 get_weekly_events，处理后的参数: {'start_date': '2026-03-13'}
2026-03-13 12:05:28 - AstroAgent - DEBUG - 工具响应: {"jsonrpc": "2.0", "id": 1773374728859, "result": {"content": [{"type": "text", "text": "🌌 **2026-03-13 至 2026-03-19 一周天象预报**\n\n本周没有特殊天象。\n但你可以关注日常可见的行星和月相变化。\n\n🌙 **本周月相变化**\n• 2026-03-13: 🌗 下弦月\n• 
2026-03-13 12:05:28 - AstroAgent - DEBUG - 调用工具 get_tonight_best，处理后的参数: {}
2026-03-13 12:05:28 - AstroAgent - DEBUG - 工具响应: {"jsonrpc": "2.0", "id": 1773374728889, "result": {"content": [{"type": "text", "text": "🌙 **今晚（2026-03-13）观测指南**\n\n【月相】🌗 下弦月\n  后半夜可见\n\n【可见行星】今晚无明显可见行星\n\n【时间信息】\n  • 日落：10:18\n  • 日出：22:28\n"}], "
2026-03-13 12:05:36 - AstroAgent - DEBUG - 调用工具 get_weekly_events，处理后的参数: {'start_date': '2026-03-13'}
2026-03-13 12:05:36 - AstroAgent - DEBUG - 工具响应: {"jsonrpc": "2.0", "id": 1773374736015, "result": {"content": [{"type": "text", "text": "🌌 **2026-03-13 至 2026-03-19 一周天象预报**\n\n本周没有特殊天象。\n但你可以关注日常可见的行星和月相变化。\n\n🌙 **本周月相变化**\n• 2026-03-13: 🌗 下弦月\n• 
2026-03-13 12:05:50 - AstroAgent - INFO - ✅ 对话已存入记忆 | 助手响应长度：240 字符
2026-03-13 12:05:50 - AstroAgent - INFO - 
=== 处理用户查询：请告诉我未来一周的天象 ===
2026-03-13 12:05:58 - AstroAgent - DEBUG - 调用工具 get_weekly_events，处理后的参数: {'start_date': '2026-03-13'}
2026-03-13 12:05:58 - AstroAgent - DEBUG - 工具响应: {"jsonrpc": "2.0", "id": 1773374758468, "result": {"content": [{"type": "text", "text": "🌌 **2026-03-13 至 2026-03-19 一周天象预报**\n\n本周没有特殊天象。\n但你可以关注日常可见的行星和月相变化。\n\n🌙 **本周月相变化**\n• 2026-03-13: 🌗 下弦月\n• 
2026-03-13 12:06:10 - AstroAgent - INFO - ✅ 对话已存入记忆 | 助手响应长度：182 字符
2026-03-13 12:06:10 - AstroAgent - INFO - 
=== 处理用户查询：请告诉我本月的天象 ===
2026-03-13 12:06:13 - AstroAgent - DEBUG - 调用工具 get_weekly_events，处理后的参数: {'start_date': '2026-03-13'}
2026-03-13 12:06:13 - AstroAgent - DEBUG - 工具响应: {"jsonrpc": "2.0", "id": 1773374773116, "result": {"content": [{"type": "text", "text": "🌌 **2026-03-13 至 2026-03-19 一周天象预报**\n\n本周没有特殊天象。\n但你可以关注日常可见的行星和月相变化。\n\n🌙 **本周月相变化**\n• 2026-03-13: 🌗 下弦月\n• 
2026-03-13 12:06:22 - AstroAgent - INFO - ✅ 对话已存入记忆 | 助手响应长度：172 字符
2026-03-13 12:06:22 - AstroAgent - INFO - 
=== 处理用户查询：请告诉我2026年8月的天象 ===
2026-03-13 12:06:26 - AstroAgent - DEBUG - 调用工具 get_weekly_events，处理后的参数: {'start_date': '2026-08-01'}
2026-03-13 12:06:26 - AstroAgent - DEBUG - 工具响应: {"jsonrpc": "2.0", "id": 1773374786551, "result": {"content": [{"type": "text", "text": "🌌 **2026-08-01 至 2026-08-07 一周天象预报**\n\n本周没有特殊天象。\n但你可以关注日常可见的行星和月相变化。\n\n🌙 **本周月相变化**\n• 2026-08-01: 🌖 亏凸月\n• 
2026-03-13 12:06:36 - AstroAgent - INFO - ✅ 对话已存入记忆 | 助手响应长度：224 字符
2026-03-13 12:06:36 - AstroAgent - INFO - ✅ HTTP客户端已关闭
2026-03-13 12:10:06 - AstroAgent - INFO - ✅ 向量检索已连接：./vector_db
2026-03-13 12:10:06 - AstroAgent - WARNING - ⚠️  BM25 索引文件不存在: ./vector_db/bm25_index.pkl
2026-03-13 12:10:06 - AstroAgent - INFO - 📝 需要先构建 BM25 索引，运行: python -m rag.build_bm25_index
2026-03-13 12:10:06 - AstroAgent - WARNING - ⚠️  BM25 索引未加载，将使用纯向量检索
2026-03-13 12:10:06 - AstroAgent - INFO - ✅ 语言模型 qwen-max 初始化成功
2026-03-13 12:10:06 - AstroAgent - INFO - 正在建立SSE连接...
2026-03-13 12:10:06 - AstroAgent - INFO - ✅ 获取到session ID: 811d5c132b534b159ac6b623b2e6ad54
2026-03-13 12:10:06 - AstroAgent - INFO - 发送初始化请求...
2026-03-13 12:10:06 - AstroAgent - DEBUG - 初始化成功，服务器信息: {'name': 'Astronomy Server', 'version': '3.1.0'}
2026-03-13 12:10:06 - AstroAgent - INFO - 发送initialized通知...
2026-03-13 12:10:06 - AstroAgent - INFO - 获取工具列表...
2026-03-13 12:10:06 - AstroAgent - INFO - ✅ 从服务器获取到 13 个工具
2026-03-13 12:10:06 - AstroAgent - INFO - ✅ MCP会话初始化成功，会话ID: 811d5c132b534b159ac6b623b2e6ad54
2026-03-13 12:10:06 - AstroAgent - INFO - ✅ 成功注册 7 个高层技能工具（含RAG）
2026-03-13 12:10:06 - AstroAgent - INFO - ✅ 成功从外部文件读取prompt模板
2026-03-13 12:10:06 - AstroAgent - INFO - ✅ React Agent构建完成
2026-03-13 12:10:06 - AstroAgent - INFO - ✅ AstroAgent初始化完成，使用HTTP方式调用MCP服务器工具（完整会话管理）
2026-03-13 12:10:14 - AstroAgent - INFO - 
=== 处理用户查询：今天铁岭天气如何 ===
2026-03-13 12:10:19 - AstroAgent - DEBUG - 调用工具 get_weekly_events，处理后的参数: {'start_date': '2026-03-13'}
2026-03-13 12:10:19 - AstroAgent - DEBUG - 工具响应: {"jsonrpc": "2.0", "id": 1773375019329, "result": {"content": [{"type": "text", "text": "🌌 **2026-03-13 至 2026-03-19 一周天象预报**\n\n本周没有特殊天象。\n但你可以关注日常可见的行星和月相变化。\n\n🌙 **本周月相变化**\n• 2026-03-13: 🌗 下弦月\n• 
2026-03-13 12:10:19 - AstroAgent - DEBUG - 调用工具 get_tonight_best，处理后的参数: {}
2026-03-13 12:10:19 - AstroAgent - DEBUG - 工具响应: {"jsonrpc": "2.0", "id": 1773375019356, "result": {"content": [{"type": "text", "text": "🌙 **今晚（2026-03-13）观测指南**\n\n【月相】🌗 下弦月\n  后半夜可见\n\n【可见行星】今晚无明显可见行星\n\n【时间信息】\n  • 日落：10:18\n  • 日出：22:28\n"}], "
2026-03-13 12:10:38 - AstroAgent - INFO - ✅ 对话已存入记忆 | 助手响应长度：92 字符
2026-03-13 12:11:12 - AstroAgent - INFO - 
=== 处理用户查询：制定铁岭今晚的观测计划 ===
2026-03-13 12:11:16 - AstroAgent - DEBUG - 调用工具 get_weekly_events，处理后的参数: {'start_date': '2026-03-13'}
2026-03-13 12:11:16 - AstroAgent - DEBUG - 工具响应: {"jsonrpc": "2.0", "id": 1773375076559, "result": {"content": [{"type": "text", "text": "🌌 **2026-03-13 至 2026-03-19 一周天象预报**\n\n本周没有特殊天象。\n但你可以关注日常可见的行星和月相变化。\n\n🌙 **本周月相变化**\n• 2026-03-13: 🌗 下弦月\n• 
2026-03-13 12:11:16 - AstroAgent - DEBUG - 调用工具 get_tonight_best，处理后的参数: {}
2026-03-13 12:11:16 - AstroAgent - DEBUG - 工具响应: {"jsonrpc": "2.0", "id": 1773375076586, "result": {"content": [{"type": "text", "text": "🌙 **今晚（2026-03-13）观测指南**\n\n【月相】🌗 下弦月\n  后半夜可见\n\n【可见行星】今晚无明显可见行星\n\n【时间信息】\n  • 日落：10:18\n  • 日出：22:28\n"}], "
2026-03-13 12:11:42 - AstroAgent - INFO - ✅ 对话已存入记忆 | 助手响应长度：331 字符
2026-03-13 12:19:24 - AstroAgent - INFO - ✅ 向量检索已连接：./vector_db
2026-03-13 12:19:24 - AstroAgent - WARNING - ⚠️  BM25 索引文件不存在: ./vector_db/bm25_index.pkl
2026-03-13 12:19:24 - AstroAgent - INFO - 📝 需要先构建 BM25 索引，运行: python -m rag.build_bm25_index
2026-03-13 12:19:24 - AstroAgent - WARNING - ⚠️  BM25 索引未加载，将使用纯向量检索
2026-03-13 12:19:24 - AstroAgent - INFO - ✅ 语言模型 qwen-max 初始化成功
2026-03-13 12:19:24 - AstroAgent - INFO - 正在建立SSE连接...
2026-03-13 12:19:24 - AstroAgent - INFO - ✅ 获取到session ID: a9ac67adaf034e8887e70decd1b9a6f5
2026-03-13 12:19:24 - AstroAgent - INFO - 发送初始化请求...
2026-03-13 12:19:24 - AstroAgent - DEBUG - 初始化成功，服务器信息: {'name': 'Astronomy Server', 'version': '3.1.0'}
2026-03-13 12:19:24 - AstroAgent - INFO - 发送initialized通知...
2026-03-13 12:19:24 - AstroAgent - INFO - 获取工具列表...
2026-03-13 12:19:24 - AstroAgent - INFO - ✅ 从服务器获取到 13 个工具
2026-03-13 12:19:24 - AstroAgent - INFO - ✅ MCP会话初始化成功，会话ID: a9ac67adaf034e8887e70decd1b9a6f5
2026-03-13 12:19:24 - AstroAgent - INFO - ✅ 成功注册 7 个高层技能工具（含RAG）
2026-03-13 12:19:24 - AstroAgent - INFO - ✅ 成功从外部文件读取prompt模板
2026-03-13 12:19:24 - AstroAgent - INFO - ✅ React Agent构建完成
2026-03-13 12:19:24 - AstroAgent - INFO - ✅ AstroAgent初始化完成，使用HTTP方式调用MCP服务器工具（完整会话管理）
2026-03-13 12:19:24 - AstroAgent - INFO - ✅ 向量检索已连接：./vector_db
2026-03-13 12:19:24 - AstroAgent - WARNING - ⚠️  BM25 索引文件不存在: ./vector_db/bm25_index.pkl
2026-03-13 12:19:24 - AstroAgent - INFO - 📝 需要先构建 BM25 索引，运行: python -m rag.build_bm25_index
2026-03-13 12:19:24 - AstroAgent - WARNING - ⚠️  BM25 索引未加载，将使用纯向量检索
2026-03-13 12:19:24 - AstroAgent - INFO - ✅ 语言模型 qwen-max 初始化成功
2026-03-13 12:19:24 - AstroAgent - INFO - 正在建立SSE连接...
2026-03-13 12:19:24 - AstroAgent - INFO - ✅ 获取到session ID: c7c9346fbfcd4210b8ff73c036da17f4
2026-03-13 12:19:24 - AstroAgent - INFO - 发送初始化请求...
2026-03-13 12:19:24 - AstroAgent - DEBUG - 初始化成功，服务器信息: {'name': 'Astronomy Server', 'version': '3.1.0'}
2026-03-13 12:19:24 - AstroAgent - INFO - 发送initialized通知...
2026-03-13 12:19:24 - AstroAgent - INFO - 获取工具列表...
2026-03-13 12:19:24 - AstroAgent - INFO - ✅ 从服务器获取到 13 个工具
2026-03-13 12:19:24 - AstroAgent - INFO - ✅ MCP会话初始化成功，会话ID: c7c9346fbfcd4210b8ff73c036da17f4
2026-03-13 12:19:24 - AstroAgent - INFO - ✅ 成功注册 7 个高层技能工具（含RAG）
2026-03-13 12:19:24 - AstroAgent - INFO - ✅ 成功从外部文件读取prompt模板
2026-03-13 12:19:24 - AstroAgent - INFO - ✅ React Agent构建完成
2026-03-13 12:19:24 - AstroAgent - INFO - ✅ AstroAgent初始化完成，使用HTTP方式调用MCP服务器工具（完整会话管理）
2026-03-13 12:19:27 - AstroAgent - INFO - ✅ 向量检索已连接：./vector_db
2026-03-13 12:19:27 - AstroAgent - WARNING - ⚠️  BM25 索引文件不存在: ./vector_db/bm25_index.pkl
2026-03-13 12:19:27 - AstroAgent - INFO - 📝 需要先构建 BM25 索引，运行: python -m rag.build_bm25_index
2026-03-13 12:19:27 - AstroAgent - WARNING - ⚠️  BM25 索引未加载，将使用纯向量检索
2026-03-13 12:19:27 - AstroAgent - INFO - ✅ 语言模型 qwen-max 初始化成功
2026-03-13 12:19:27 - AstroAgent - INFO - 正在建立SSE连接...
2026-03-13 12:19:27 - AstroAgent - INFO - ✅ 获取到session ID: bc115227f04c4d209696eb7367504e33
2026-03-13 12:19:27 - AstroAgent - INFO - 发送初始化请求...
2026-03-13 12:19:27 - AstroAgent - DEBUG - 初始化成功，服务器信息: {'name': 'Astronomy Server', 'version': '3.1.0'}
2026-03-13 12:19:27 - AstroAgent - INFO - 发送initialized通知...
2026-03-13 12:19:27 - AstroAgent - INFO - 获取工具列表...
2026-03-13 12:19:27 - AstroAgent - INFO - ✅ 从服务器获取到 13 个工具
2026-03-13 12:19:27 - AstroAgent - INFO - ✅ MCP会话初始化成功，会话ID: bc115227f04c4d209696eb7367504e33
2026-03-13 12:19:27 - AstroAgent - INFO - ✅ 成功注册 7 个高层技能工具（含RAG）
2026-03-13 12:19:27 - AstroAgent - INFO - ✅ 成功从外部文件读取prompt模板
2026-03-13 12:19:27 - AstroAgent - INFO - ✅ React Agent构建完成
2026-03-13 12:19:27 - AstroAgent - INFO - ✅ AstroAgent初始化完成，使用HTTP方式调用MCP服务器工具（完整会话管理）
2026-03-13 12:19:28 - AstroAgent - INFO - ✅ 向量检索已连接：./vector_db
2026-03-13 12:19:28 - AstroAgent - WARNING - ⚠️  BM25 索引文件不存在: ./vector_db/bm25_index.pkl
2026-03-13 12:19:28 - AstroAgent - INFO - 📝 需要先构建 BM25 索引，运行: python -m rag.build_bm25_index
2026-03-13 12:19:28 - AstroAgent - WARNING - ⚠️  BM25 索引未加载，将使用纯向量检索
2026-03-13 12:19:28 - AstroAgent - INFO - ✅ 语言模型 qwen-max 初始化成功
2026-03-13 12:19:28 - AstroAgent - INFO - 正在建立SSE连接...
2026-03-13 12:19:28 - AstroAgent - INFO - ✅ 获取到session ID: 7865ca34ced8435f8f5c6f7c48121dc5
2026-03-13 12:19:28 - AstroAgent - INFO - 发送初始化请求...
2026-03-13 12:19:28 - AstroAgent - DEBUG - 初始化成功，服务器信息: {'name': 'Astronomy Server', 'version': '3.1.0'}
2026-03-13 12:19:28 - AstroAgent - INFO - 发送initialized通知...
2026-03-13 12:19:28 - AstroAgent - INFO - 获取工具列表...
2026-03-13 12:19:28 - AstroAgent - INFO - ✅ 从服务器获取到 13 个工具
2026-03-13 12:19:28 - AstroAgent - INFO - ✅ MCP会话初始化成功，会话ID: 7865ca34ced8435f8f5c6f7c48121dc5
2026-03-13 12:19:28 - AstroAgent - INFO - ✅ 成功注册 7 个高层技能工具（含RAG）
2026-03-13 12:19:28 - AstroAgent - INFO - ✅ 成功从外部文件读取prompt模板
2026-03-13 12:19:28 - AstroAgent - INFO - ✅ React Agent构建完成
2026-03-13 12:19:28 - AstroAgent - INFO - ✅ AstroAgent初始化完成，使用HTTP方式调用MCP服务器工具（完整会话管理）
2026-03-13 12:19:39 - AstroAgent - INFO - ✅ 向量检索已连接：./vector_db
2026-03-13 12:19:39 - AstroAgent - WARNING - ⚠️  BM25 索引文件不存在: ./vector_db/bm25_index.pkl
2026-03-13 12:19:39 - AstroAgent - INFO - 📝 需要先构建 BM25 索引，运行: python -m rag.build_bm25_index
2026-03-13 12:19:39 - AstroAgent - WARNING - ⚠️  BM25 索引未加载，将使用纯向量检索
2026-03-13 12:19:39 - AstroAgent - INFO - ✅ 语言模型 qwen-max 初始化成功
2026-03-13 12:19:40 - AstroAgent - INFO - 正在建立SSE连接...
2026-03-13 12:19:40 - AstroAgent - INFO - ✅ 获取到session ID: 9b1c3f495c214c6086ef1b9f35b64015
2026-03-13 12:19:40 - AstroAgent - INFO - 发送初始化请求...
2026-03-13 12:19:40 - AstroAgent - DEBUG - 初始化成功，服务器信息: {'name': 'Astronomy Server', 'version': '3.1.0'}
2026-03-13 12:19:40 - AstroAgent - INFO - 发送initialized通知...
2026-03-13 12:19:40 - AstroAgent - INFO - 获取工具列表...
2026-03-13 12:19:40 - AstroAgent - INFO - ✅ 从服务器获取到 13 个工具
2026-03-13 12:19:40 - AstroAgent - INFO - ✅ MCP会话初始化成功，会话ID: 9b1c3f495c214c6086ef1b9f35b64015
2026-03-13 12:19:40 - AstroAgent - INFO - ✅ 成功注册 7 个高层技能工具（含RAG）
2026-03-13 12:19:40 - AstroAgent - INFO - ✅ 成功从外部文件读取prompt模板
2026-03-13 12:19:40 - AstroAgent - INFO - ✅ React Agent构建完成
2026-03-13 12:19:40 - AstroAgent - INFO - ✅ AstroAgent初始化完成，使用HTTP方式调用MCP服务器工具（完整会话管理）
2026-03-13 12:19:40 - AstroAgent - INFO - ✅ 向量检索已连接：./vector_db
2026-03-13 12:19:40 - AstroAgent - WARNING - ⚠️  BM25 索引文件不存在: ./vector_db/bm25_index.pkl
2026-03-13 12:19:40 - AstroAgent - INFO - 📝 需要先构建 BM25 索引，运行: python -m rag.build_bm25_index
2026-03-13 12:19:40 - AstroAgent - WARNING - ⚠️  BM25 索引未加载，将使用纯向量检索
2026-03-13 12:19:40 - AstroAgent - INFO - ✅ 语言模型 qwen-max 初始化成功
2026-03-13 12:19:40 - AstroAgent - INFO - 正在建立SSE连接...
2026-03-13 12:19:40 - AstroAgent - INFO - ✅ 获取到session ID: fb55fb47502a4436b0342521f5948568
2026-03-13 12:19:40 - AstroAgent - INFO - 发送初始化请求...
2026-03-13 12:19:40 - AstroAgent - DEBUG - 初始化成功，服务器信息: {'name': 'Astronomy Server', 'version': '3.1.0'}
2026-03-13 12:19:40 - AstroAgent - INFO - 发送initialized通知...
2026-03-13 12:19:40 - AstroAgent - INFO - 获取工具列表...
2026-03-13 12:19:40 - AstroAgent - INFO - ✅ 从服务器获取到 13 个工具
2026-03-13 12:19:40 - AstroAgent - INFO - ✅ MCP会话初始化成功，会话ID: fb55fb47502a4436b0342521f5948568
2026-03-13 12:19:40 - AstroAgent - INFO - ✅ 成功注册 7 个高层技能工具（含RAG）
2026-03-13 12:19:40 - AstroAgent - INFO - ✅ 成功从外部文件读取prompt模板
2026-03-13 12:19:40 - AstroAgent - INFO - ✅ React Agent构建完成
2026-03-13 12:19:40 - AstroAgent - INFO - ✅ AstroAgent初始化完成，使用HTTP方式调用MCP服务器工具（完整会话管理）
2026-03-13 12:21:51 - AstroAgent - INFO - 
=== 处理用户查询： ===
2026-03-13 12:21:54 - AstroAgent - INFO - ✅ HTTP客户端已关闭
2026-03-13 12:22:00 - AstroAgent - INFO - ✅ 向量检索已连接：./vector_db
2026-03-13 12:22:00 - AstroAgent - WARNING - ⚠️  BM25 索引文件不存在: ./vector_db/bm25_index.pkl
2026-03-13 12:22:00 - AstroAgent - INFO - 📝 需要先构建 BM25 索引，运行: python -m rag.build_bm25_index
2026-03-13 12:22:00 - AstroAgent - WARNING - ⚠️  BM25 索引未加载，将使用纯向量检索
2026-03-13 12:22:00 - AstroAgent - INFO - ✅ 语言模型 qwen-max 初始化成功
2026-03-13 12:22:00 - AstroAgent - INFO - 正在建立SSE连接...
2026-03-13 12:22:00 - AstroAgent - INFO - ✅ 获取到session ID: 1af9b4b1297d4e869b4e01551e47b921
2026-03-13 12:22:00 - AstroAgent - INFO - 发送初始化请求...
2026-03-13 12:22:00 - AstroAgent - DEBUG - 初始化成功，服务器信息: {'name': 'Astronomy Server', 'version': '3.1.0'}
2026-03-13 12:22:00 - AstroAgent - INFO - 发送initialized通知...
2026-03-13 12:22:00 - AstroAgent - INFO - 获取工具列表...
2026-03-13 12:22:00 - AstroAgent - INFO - ✅ 从服务器获取到 13 个工具
2026-03-13 12:22:00 - AstroAgent - INFO - ✅ MCP会话初始化成功，会话ID: 1af9b4b1297d4e869b4e01551e47b921
2026-03-13 12:22:00 - AstroAgent - INFO - ✅ 成功注册 7 个高层技能工具（含RAG）
2026-03-13 12:22:00 - AstroAgent - INFO - ✅ 成功从外部文件读取prompt模板
2026-03-13 12:22:00 - AstroAgent - INFO - ✅ React Agent构建完成
2026-03-13 12:22:00 - AstroAgent - INFO - ✅ AstroAgent初始化完成，使用HTTP方式调用MCP服务器工具（完整会话管理）
2026-03-13 12:22:04 - AstroAgent - INFO - 
=== 处理用户查询：铁岭天气怎么样 ===
2026-03-13 12:22:15 - AstroAgent - INFO - ✅ 对话已存入记忆 | 助手响应长度：106 字符
2026-03-13 12:22:33 - AstroAgent - INFO - 
=== 处理用户查询：铁岭今晚的观星指南 ===
2026-03-13 12:22:36 - AstroAgent - DEBUG - 调用工具 get_weather，处理后的参数: {'city': '{"location": "铁岭"}', 'extensions': 'all'}
2026-03-13 12:22:36 - AstroAgent - DEBUG - 工具响应: {"jsonrpc": "2.0", "id": 1773375756376, "result": {"content": [{"type": "text", "text": "{\"query_city\": \"北京\", \"extensions\": \"all\", \"raw\": {\"status\": \"1\", \"count\": \"1\", \"info\": \"OK
2026-03-13 12:22:36 - AstroAgent - DEBUG - 调用工具 get_weekly_events，处理后的参数: {'start_date': '2026-03-13'}
2026-03-13 12:22:36 - AstroAgent - DEBUG - 工具响应: {"jsonrpc": "2.0", "id": 1773375756444, "result": {"content": [{"type": "text", "text": "🌌 **2026-03-13 至 2026-03-19 一周天象预报**\n\n本周没有特殊天象。\n但你可以关注日常可见的行星和月相变化。\n\n🌙 **本周月相变化**\n• 2026-03-13: 🌗 下弦月\n• 
2026-03-13 12:22:36 - AstroAgent - DEBUG - 调用工具 get_tonight_best，处理后的参数: {}
2026-03-13 12:22:36 - AstroAgent - DEBUG - 工具响应: {"jsonrpc": "2.0", "id": 1773375756471, "result": {"content": [{"type": "text", "text": "🌙 **今晚（2026-03-13）观测指南**\n\n【月相】🌗 下弦月\n  后半夜可见\n\n【可见行星】今晚无明显可见行星\n\n【时间信息】\n  • 日落：10:18\n  • 日出：22:28\n"}], "
2026-03-13 12:23:04 - AstroAgent - INFO - ✅ 对话已存入记忆 | 助手响应长度：393 字符
2026-03-13 12:23:22 - AstroAgent - INFO - 
=== 处理用户查询：e2xit ===
2026-03-13 12:23:25 - AstroAgent - INFO - ✅ HTTP客户端已关闭
2026-03-13 12:25:42 - AstroAgent - INFO - ✅ 向量检索已连接：./vector_db
2026-03-13 12:25:42 - AstroAgent - WARNING - ⚠️  BM25 索引文件不存在: ./vector_db/bm25_index.pkl
2026-03-13 12:25:42 - AstroAgent - INFO - 📝 需要先构建 BM25 索引，运行: python -m rag.build_bm25_index
2026-03-13 12:25:42 - AstroAgent - WARNING - ⚠️  BM25 索引未加载，将使用纯向量检索
2026-03-13 12:25:42 - AstroAgent - INFO - ✅ 语言模型 qwen-max 初始化成功
2026-03-13 12:25:42 - AstroAgent - INFO - 正在建立SSE连接...
2026-03-13 12:25:42 - AstroAgent - INFO - ✅ 获取到session ID: baa1fd3305654adba6fe80e9296cfd9b
2026-03-13 12:25:42 - AstroAgent - INFO - 发送初始化请求...
2026-03-13 12:25:42 - AstroAgent - DEBUG - 初始化成功，服务器信息: {'name': 'Astronomy Server', 'version': '3.1.0'}
2026-03-13 12:25:42 - AstroAgent - INFO - 发送initialized通知...
2026-03-13 12:25:42 - AstroAgent - INFO - 获取工具列表...
2026-03-13 12:25:42 - AstroAgent - INFO - ✅ 从服务器获取到 13 个工具
2026-03-13 12:25:42 - AstroAgent - INFO - ✅ MCP会话初始化成功，会话ID: baa1fd3305654adba6fe80e9296cfd9b
2026-03-13 12:25:42 - AstroAgent - INFO - ✅ 成功注册 7 个高层技能工具（含RAG）
2026-03-13 12:25:42 - AstroAgent - INFO - ✅ 成功从外部文件读取prompt模板
2026-03-13 12:25:42 - AstroAgent - INFO - ✅ React Agent构建完成
2026-03-13 12:25:42 - AstroAgent - INFO - ✅ AstroAgent初始化完成，使用HTTP方式调用MCP服务器工具（完整会话管理）
2026-03-13 12:25:42 - AstroAgent - INFO - ✅ 向量检索已连接：./vector_db
2026-03-13 12:25:42 - AstroAgent - WARNING - ⚠️  BM25 索引文件不存在: ./vector_db/bm25_index.pkl
2026-03-13 12:25:42 - AstroAgent - INFO - 📝 需要先构建 BM25 索引，运行: python -m rag.build_bm25_index
2026-03-13 12:25:42 - AstroAgent - WARNING - ⚠️  BM25 索引未加载，将使用纯向量检索
2026-03-13 12:25:42 - AstroAgent - INFO - ✅ 语言模型 qwen-max 初始化成功
2026-03-13 12:25:42 - AstroAgent - INFO - 正在建立SSE连接...
2026-03-13 12:25:42 - AstroAgent - INFO - ✅ 获取到session ID: c833a37c6f2344a38588d7af32f876df
2026-03-13 12:25:42 - AstroAgent - INFO - 发送初始化请求...
2026-03-13 12:25:42 - AstroAgent - DEBUG - 初始化成功，服务器信息: {'name': 'Astronomy Server', 'version': '3.1.0'}
2026-03-13 12:25:42 - AstroAgent - INFO - 发送initialized通知...
2026-03-13 12:25:42 - AstroAgent - INFO - 获取工具列表...
2026-03-13 12:25:42 - AstroAgent - INFO - ✅ 从服务器获取到 13 个工具
2026-03-13 12:25:42 - AstroAgent - INFO - ✅ MCP会话初始化成功，会话ID: c833a37c6f2344a38588d7af32f876df
2026-03-13 12:25:42 - AstroAgent - INFO - ✅ 成功注册 7 个高层技能工具（含RAG）
2026-03-13 12:25:42 - AstroAgent - INFO - ✅ 成功从外部文件读取prompt模板
2026-03-13 12:25:42 - AstroAgent - INFO - ✅ React Agent构建完成
2026-03-13 12:25:42 - AstroAgent - INFO - ✅ AstroAgent初始化完成，使用HTTP方式调用MCP服务器工具（完整会话管理）
2026-03-13 12:25:47 - AstroAgent - INFO - ✅ 向量检索已连接：./vector_db
2026-03-13 12:25:47 - AstroAgent - WARNING - ⚠️  BM25 索引文件不存在: ./vector_db/bm25_index.pkl
2026-03-13 12:25:47 - AstroAgent - INFO - 📝 需要先构建 BM25 索引，运行: python -m rag.build_bm25_index
2026-03-13 12:25:47 - AstroAgent - WARNING - ⚠️  BM25 索引未加载，将使用纯向量检索
2026-03-13 12:25:47 - AstroAgent - INFO - ✅ 语言模型 qwen-max 初始化成功
2026-03-13 12:25:47 - AstroAgent - INFO - 正在建立SSE连接...
2026-03-13 12:25:47 - AstroAgent - INFO - ✅ 获取到session ID: 3fc1ef358e0248d8b58f2afad1adda3c
2026-03-13 12:25:47 - AstroAgent - INFO - 发送初始化请求...
2026-03-13 12:25:47 - AstroAgent - DEBUG - 初始化成功，服务器信息: {'name': 'Astronomy Server', 'version': '3.1.0'}
2026-03-13 12:25:47 - AstroAgent - INFO - 发送initialized通知...
2026-03-13 12:25:47 - AstroAgent - INFO - 获取工具列表...
2026-03-13 12:25:47 - AstroAgent - INFO - ✅ 从服务器获取到 13 个工具
2026-03-13 12:25:47 - AstroAgent - INFO - ✅ MCP会话初始化成功，会话ID: 3fc1ef358e0248d8b58f2afad1adda3c
2026-03-13 12:25:47 - AstroAgent - INFO - ✅ 成功注册 7 个高层技能工具（含RAG）
2026-03-13 12:25:47 - AstroAgent - INFO - ✅ 成功从外部文件读取prompt模板
2026-03-13 12:25:47 - AstroAgent - INFO - ✅ React Agent构建完成
2026-03-13 12:25:47 - AstroAgent - INFO - ✅ AstroAgent初始化完成，使用HTTP方式调用MCP服务器工具（完整会话管理）
2026-03-13 12:25:47 - AstroAgent - INFO - ✅ 向量检索已连接：./vector_db
2026-03-13 12:25:47 - AstroAgent - WARNING - ⚠️  BM25 索引文件不存在: ./vector_db/bm25_index.pkl
2026-03-13 12:25:47 - AstroAgent - INFO - 📝 需要先构建 BM25 索引，运行: python -m rag.build_bm25_index
2026-03-13 12:25:47 - AstroAgent - WARNING - ⚠️  BM25 索引未加载，将使用纯向量检索
2026-03-13 12:25:47 - AstroAgent - INFO - ✅ 语言模型 qwen-max 初始化成功
2026-03-13 12:25:47 - AstroAgent - INFO - 正在建立SSE连接...
2026-03-13 12:25:47 - AstroAgent - INFO - ✅ 获取到session ID: 535cbbfc122b408e9f028a5dc8983d42
2026-03-13 12:25:47 - AstroAgent - INFO - 发送初始化请求...
2026-03-13 12:25:47 - AstroAgent - DEBUG - 初始化成功，服务器信息: {'name': 'Astronomy Server', 'version': '3.1.0'}
2026-03-13 12:25:47 - AstroAgent - INFO - 发送initialized通知...
2026-03-13 12:25:47 - AstroAgent - INFO - 获取工具列表...
2026-03-13 12:25:47 - AstroAgent - INFO - ✅ 从服务器获取到 13 个工具
2026-03-13 12:25:47 - AstroAgent - INFO - ✅ MCP会话初始化成功，会话ID: 535cbbfc122b408e9f028a5dc8983d42
2026-03-13 12:25:47 - AstroAgent - INFO - ✅ 成功注册 7 个高层技能工具（含RAG）
2026-03-13 12:25:47 - AstroAgent - INFO - ✅ 成功从外部文件读取prompt模板
2026-03-13 12:25:47 - AstroAgent - INFO - ✅ React Agent构建完成
2026-03-13 12:25:47 - AstroAgent - INFO - ✅ AstroAgent初始化完成，使用HTTP方式调用MCP服务器工具（完整会话管理）
2026-03-13 12:25:52 - AstroAgent - INFO - ✅ 向量检索已连接：./vector_db
2026-03-13 12:25:52 - AstroAgent - WARNING - ⚠️  BM25 索引文件不存在: ./vector_db/bm25_index.pkl
2026-03-13 12:25:52 - AstroAgent - INFO - 📝 需要先构建 BM25 索引，运行: python -m rag.build_bm25_index
2026-03-13 12:25:52 - AstroAgent - WARNING - ⚠️  BM25 索引未加载，将使用纯向量检索
2026-03-13 12:25:52 - AstroAgent - INFO - ✅ 语言模型 qwen-max 初始化成功
2026-03-13 12:25:52 - AstroAgent - INFO - 正在建立SSE连接...
2026-03-13 12:25:52 - AstroAgent - INFO - ✅ 获取到session ID: b816ae4238044fe8af584829ada85665
2026-03-13 12:25:52 - AstroAgent - INFO - 发送初始化请求...
2026-03-13 12:25:52 - AstroAgent - DEBUG - 初始化成功，服务器信息: {'name': 'Astronomy Server', 'version': '3.1.0'}
2026-03-13 12:25:52 - AstroAgent - INFO - 发送initialized通知...
2026-03-13 12:25:52 - AstroAgent - INFO - 获取工具列表...
2026-03-13 12:25:52 - AstroAgent - INFO - ✅ 从服务器获取到 13 个工具
2026-03-13 12:25:52 - AstroAgent - INFO - ✅ MCP会话初始化成功，会话ID: b816ae4238044fe8af584829ada85665
2026-03-13 12:25:52 - AstroAgent - INFO - ✅ 成功注册 8 个高层技能工具（含RAG）
2026-03-13 12:25:52 - AstroAgent - INFO - ✅ 成功从外部文件读取prompt模板
2026-03-13 12:25:52 - AstroAgent - INFO - ✅ React Agent构建完成
2026-03-13 12:25:52 - AstroAgent - INFO - ✅ AstroAgent初始化完成，使用HTTP方式调用MCP服务器工具（完整会话管理）
2026-03-13 12:25:52 - AstroAgent - INFO - ✅ 向量检索已连接：./vector_db
2026-03-13 12:25:52 - AstroAgent - WARNING - ⚠️  BM25 索引文件不存在: ./vector_db/bm25_index.pkl
2026-03-13 12:25:52 - AstroAgent - INFO - 📝 需要先构建 BM25 索引，运行: python -m rag.build_bm25_index
2026-03-13 12:25:52 - AstroAgent - WARNING - ⚠️  BM25 索引未加载，将使用纯向量检索
2026-03-13 12:25:52 - AstroAgent - INFO - ✅ 语言模型 qwen-max 初始化成功
2026-03-13 12:25:52 - AstroAgent - INFO - 正在建立SSE连接...
2026-03-13 12:25:52 - AstroAgent - INFO - ✅ 获取到session ID: 3f82546aa63c40d1b3cba4d91fb1331d
2026-03-13 12:25:52 - AstroAgent - INFO - 发送初始化请求...
2026-03-13 12:25:52 - AstroAgent - DEBUG - 初始化成功，服务器信息: {'name': 'Astronomy Server', 'version': '3.1.0'}
2026-03-13 12:25:52 - AstroAgent - INFO - 发送initialized通知...
2026-03-13 12:25:52 - AstroAgent - INFO - 获取工具列表...
2026-03-13 12:25:52 - AstroAgent - INFO - ✅ 从服务器获取到 13 个工具
2026-03-13 12:25:52 - AstroAgent - INFO - ✅ MCP会话初始化成功，会话ID: 3f82546aa63c40d1b3cba4d91fb1331d
2026-03-13 12:25:52 - AstroAgent - INFO - ✅ 成功注册 8 个高层技能工具（含RAG）
2026-03-13 12:25:52 - AstroAgent - INFO - ✅ 成功从外部文件读取prompt模板
2026-03-13 12:25:52 - AstroAgent - INFO - ✅ React Agent构建完成
2026-03-13 12:25:52 - AstroAgent - INFO - ✅ AstroAgent初始化完成，使用HTTP方式调用MCP服务器工具（完整会话管理）
2026-03-13 12:26:34 - AstroAgent - INFO - ✅ 向量检索已连接：./vector_db
2026-03-13 12:26:34 - AstroAgent - WARNING - ⚠️  BM25 索引文件不存在: ./vector_db/bm25_index.pkl
2026-03-13 12:26:34 - AstroAgent - INFO - 📝 需要先构建 BM25 索引，运行: python -m rag.build_bm25_index
2026-03-13 12:26:34 - AstroAgent - WARNING - ⚠️  BM25 索引未加载，将使用纯向量检索
2026-03-13 12:26:34 - AstroAgent - INFO - ✅ 语言模型 qwen-max 初始化成功
2026-03-13 12:26:35 - AstroAgent - INFO - 正在建立SSE连接...
2026-03-13 12:26:35 - AstroAgent - INFO - ✅ 获取到session ID: 30f938aa0935483d9052d88f2d5ac101
2026-03-13 12:26:35 - AstroAgent - INFO - 发送初始化请求...
2026-03-13 12:26:35 - AstroAgent - DEBUG - 初始化成功，服务器信息: {'name': 'Astronomy Server', 'version': '3.1.0'}
2026-03-13 12:26:35 - AstroAgent - INFO - 发送initialized通知...
2026-03-13 12:26:35 - AstroAgent - INFO - 获取工具列表...
2026-03-13 12:26:35 - AstroAgent - INFO - ✅ 从服务器获取到 13 个工具
2026-03-13 12:26:35 - AstroAgent - INFO - ✅ MCP会话初始化成功，会话ID: 30f938aa0935483d9052d88f2d5ac101
2026-03-13 12:26:35 - AstroAgent - INFO - ✅ 成功注册 8 个高层技能工具（含RAG）
2026-03-13 12:26:35 - AstroAgent - INFO - ✅ 成功从外部文件读取prompt模板
2026-03-13 12:26:35 - AstroAgent - INFO - ✅ React Agent构建完成
2026-03-13 12:26:35 - AstroAgent - INFO - ✅ AstroAgent初始化完成，使用HTTP方式调用MCP服务器工具（完整会话管理）
2026-03-13 12:26:40 - AstroAgent - INFO - 
=== 处理用户查询：铁岭的天气怎么样 ===
2026-03-13 12:26:43 - AstroAgent - DEBUG - 调用工具 get_weather，处理后的参数: {'city': '{"city": "铁岭"}', 'extensions': 'all'}
2026-03-13 12:26:43 - AstroAgent - DEBUG - 工具响应: {"jsonrpc": "2.0", "id": 1773376003456, "result": {"content": [{"type": "text", "text": "{\"query_city\": \"铁岭\", \"extensions\": \"all\", \"raw\": {\"status\": \"1\", \"count\": \"2\", \"info\": \"OK
2026-03-13 12:26:54 - AstroAgent - INFO - ✅ 对话已存入记忆 | 助手响应长度：169 字符
2026-03-13 12:26:59 - AstroAgent - INFO - 
=== 处理用户查询：苏州呢 ===
2026-03-13 12:27:06 - AstroAgent - INFO - ✅ 对话已存入记忆 | 助手响应长度：61 字符
2026-03-13 12:27:38 - AstroAgent - INFO - 
=== 处理用户查询：苏未来一周观星指南 ===
2026-03-13 12:27:45 - AstroAgent - DEBUG - 调用工具 get_weather，处理后的参数: {'city': '苏州', 'extensions': 'all'}
2026-03-13 12:27:45 - AstroAgent - DEBUG - 工具响应: {"jsonrpc": "2.0", "id": 1773376065045, "result": {"content": [{"type": "text", "text": "{\"query_city\": \"苏州\", \"extensions\": \"all\", \"raw\": {\"status\": \"1\", \"count\": \"1\", \"info\": \"OK
2026-03-13 12:27:45 - AstroAgent - DEBUG - 调用工具 get_weekly_events，处理后的参数: {'start_date': '2026-03-13'}
2026-03-13 12:27:45 - AstroAgent - DEBUG - 工具响应: {"jsonrpc": "2.0", "id": 1773376065105, "result": {"content": [{"type": "text", "text": "🌌 **2026-03-13 至 2026-03-19 一周天象预报**\n\n本周没有特殊天象。\n但你可以关注日常可见的行星和月相变化。\n\n🌙 **本周月相变化**\n• 2026-03-13: 🌗 下弦月\n• 
2026-03-13 12:27:45 - AstroAgent - DEBUG - 调用工具 get_tonight_best，处理后的参数: {}
2026-03-13 12:27:45 - AstroAgent - DEBUG - 工具响应: {"jsonrpc": "2.0", "id": 1773376065131, "result": {"content": [{"type": "text", "text": "🌙 **今晚（2026-03-13）观测指南**\n\n【月相】🌗 下弦月\n  后半夜可见\n\n【可见行星】今晚无明显可见行星\n\n【时间信息】\n  • 日落：10:18\n  • 日出：22:28\n"}], "
2026-03-13 12:27:50 - AstroAgent - DEBUG - 调用工具 get_weekly_events，处理后的参数: {'start_date': '2026-03-13'}
2026-03-13 12:27:50 - AstroAgent - DEBUG - 工具响应: {"jsonrpc": "2.0", "id": 1773376070359, "result": {"content": [{"type": "text", "text": "🌌 **2026-03-13 至 2026-03-19 一周天象预报**\n\n本周没有特殊天象。\n但你可以关注日常可见的行星和月相变化。\n\n🌙 **本周月相变化**\n• 2026-03-13: 🌗 下弦月\n• 
2026-03-13 12:28:14 - AstroAgent - INFO - ✅ 对话已存入记忆 | 助手响应长度：458 字符
2026-03-13 12:28:50 - AstroAgent - INFO - 
=== 处理用户查询：铁岭呢 ===
2026-03-13 12:29:02 - AstroAgent - DEBUG - 调用工具 get_weather，处理后的参数: {'city': '铁岭', 'extensions': 'all'}
2026-03-13 12:29:02 - AstroAgent - DEBUG - 工具响应: {"jsonrpc": "2.0", "id": 1773376142020, "result": {"content": [{"type": "text", "text": "{\"query_city\": \"铁岭\", \"extensions\": \"all\", \"raw\": {\"status\": \"1\", \"count\": \"2\", \"info\": \"OK
2026-03-13 12:29:02 - AstroAgent - DEBUG - 调用工具 get_weekly_events，处理后的参数: {'start_date': '2026-03-13'}
2026-03-13 12:29:02 - AstroAgent - DEBUG - 工具响应: {"jsonrpc": "2.0", "id": 1773376142080, "result": {"content": [{"type": "text", "text": "🌌 **2026-03-13 至 2026-03-19 一周天象预报**\n\n本周没有特殊天象。\n但你可以关注日常可见的行星和月相变化。\n\n🌙 **本周月相变化**\n• 2026-03-13: 🌗 下弦月\n• 
2026-03-13 12:29:02 - AstroAgent - DEBUG - 调用工具 get_tonight_best，处理后的参数: {}
2026-03-13 12:29:02 - AstroAgent - DEBUG - 工具响应: {"jsonrpc": "2.0", "id": 1773376142108, "result": {"content": [{"type": "text", "text": "🌙 **今晚（2026-03-13）观测指南**\n\n【月相】🌗 下弦月\n  后半夜可见\n\n【可见行星】今晚无明显可见行星\n\n【时间信息】\n  • 日落：10:18\n  • 日出：22:28\n"}], "
2026-03-13 12:29:12 - AstroAgent - INFO - ✅ 对话已存入记忆 | 助手响应长度：128 字符
2026-03-13 12:30:08 - AstroAgent - INFO - ✅ HTTP客户端已关闭
2026-03-13 12:34:41 - AstroAgent - INFO - ✅ HTTP客户端已关闭
2026-03-13 12:35:22 - AstroAgent - INFO - ✅ 向量检索已连接：./vector_db
2026-03-13 12:35:22 - AstroAgent - WARNING - ⚠️  BM25 索引文件不存在: ./vector_db/bm25_index.pkl
2026-03-13 12:35:22 - AstroAgent - INFO - 📝 需要先构建 BM25 索引，运行: python -m rag.build_bm25_index
2026-03-13 12:35:22 - AstroAgent - WARNING - ⚠️  BM25 索引未加载，将使用纯向量检索
2026-03-13 12:35:22 - AstroAgent - INFO - ✅ 语言模型 qwen-max 初始化成功
2026-03-13 12:35:22 - AstroAgent - INFO - 正在建立SSE连接...
2026-03-13 12:35:22 - AstroAgent - INFO - ✅ 获取到session ID: 8ba496d0dd4f42d1b539310566e30837
2026-03-13 12:35:22 - AstroAgent - INFO - 发送初始化请求...
2026-03-13 12:35:22 - AstroAgent - DEBUG - 初始化成功，服务器信息: {'name': 'Astronomy Server', 'version': '3.1.0'}
2026-03-13 12:35:22 - AstroAgent - INFO - 发送initialized通知...
2026-03-13 12:35:22 - AstroAgent - INFO - 获取工具列表...
2026-03-13 12:35:22 - AstroAgent - INFO - ✅ 从服务器获取到 13 个工具
2026-03-13 12:35:22 - AstroAgent - INFO - ✅ MCP会话初始化成功，会话ID: 8ba496d0dd4f42d1b539310566e30837
2026-03-13 12:35:22 - AstroAgent - INFO - ✅ 成功注册 8 个高层技能工具（含RAG）
2026-03-13 12:35:22 - AstroAgent - INFO - ✅ 成功从外部文件读取prompt模板
2026-03-13 12:35:22 - AstroAgent - INFO - ✅ React Agent构建完成
2026-03-13 12:35:22 - AstroAgent - INFO - ✅ AstroAgent初始化完成，使用HTTP方式调用MCP服务器工具（完整会话管理）
2026-03-13 12:35:24 - AstroAgent - INFO - ✅ 向量检索已连接：./vector_db
2026-03-13 12:35:24 - AstroAgent - WARNING - ⚠️  BM25 索引文件不存在: ./vector_db/bm25_index.pkl
2026-03-13 12:35:24 - AstroAgent - INFO - 📝 需要先构建 BM25 索引，运行: python -m rag.build_bm25_index
2026-03-13 12:35:24 - AstroAgent - WARNING - ⚠️  BM25 索引未加载，将使用纯向量检索
2026-03-13 12:35:24 - AstroAgent - INFO - ✅ 语言模型 qwen-max 初始化成功
2026-03-13 12:35:24 - AstroAgent - INFO - 正在建立SSE连接...
2026-03-13 12:35:24 - AstroAgent - INFO - ✅ 获取到session ID: c7f3130b1e6e4ceda5be67153a3f67aa
2026-03-13 12:35:24 - AstroAgent - INFO - 发送初始化请求...
2026-03-13 12:35:24 - AstroAgent - DEBUG - 初始化成功，服务器信息: {'name': 'Astronomy Server', 'version': '3.1.0'}
2026-03-13 12:35:24 - AstroAgent - INFO - 发送initialized通知...
2026-03-13 12:35:24 - AstroAgent - INFO - 获取工具列表...
2026-03-13 12:35:24 - AstroAgent - INFO - ✅ 从服务器获取到 13 个工具
2026-03-13 12:35:24 - AstroAgent - INFO - ✅ MCP会话初始化成功，会话ID: c7f3130b1e6e4ceda5be67153a3f67aa
2026-03-13 12:35:24 - AstroAgent - INFO - ✅ 成功注册 8 个高层技能工具（含RAG）
2026-03-13 12:35:24 - AstroAgent - INFO - ✅ 成功从外部文件读取prompt模板
2026-03-13 12:35:24 - AstroAgent - INFO - ✅ React Agent构建完成
2026-03-13 12:35:24 - AstroAgent - INFO - ✅ AstroAgent初始化完成，使用HTTP方式调用MCP服务器工具（完整会话管理）
2026-03-13 12:35:24 - AstroAgent - INFO - ✅ 向量检索已连接：./vector_db
2026-03-13 12:35:24 - AstroAgent - WARNING - ⚠️  BM25 索引文件不存在: ./vector_db/bm25_index.pkl
2026-03-13 12:35:24 - AstroAgent - INFO - 📝 需要先构建 BM25 索引，运行: python -m rag.build_bm25_index
2026-03-13 12:35:24 - AstroAgent - WARNING - ⚠️  BM25 索引未加载，将使用纯向量检索
2026-03-13 12:35:24 - AstroAgent - INFO - ✅ 语言模型 qwen-max 初始化成功
2026-03-13 12:35:24 - AstroAgent - INFO - 正在建立SSE连接...
2026-03-13 12:35:24 - AstroAgent - INFO - ✅ 获取到session ID: 97c0c2127ea84d8392997097bddc7e11
2026-03-13 12:35:24 - AstroAgent - INFO - 发送初始化请求...
2026-03-13 12:35:24 - AstroAgent - DEBUG - 初始化成功，服务器信息: {'name': 'Astronomy Server', 'version': '3.1.0'}
2026-03-13 12:35:24 - AstroAgent - INFO - 发送initialized通知...
2026-03-13 12:35:24 - AstroAgent - INFO - 获取工具列表...
2026-03-13 12:35:24 - AstroAgent - INFO - ✅ 从服务器获取到 13 个工具
2026-03-13 12:35:24 - AstroAgent - INFO - ✅ MCP会话初始化成功，会话ID: 97c0c2127ea84d8392997097bddc7e11
2026-03-13 12:35:24 - AstroAgent - INFO - ✅ 成功注册 8 个高层技能工具（含RAG）
2026-03-13 12:35:24 - AstroAgent - INFO - ✅ 成功从外部文件读取prompt模板
2026-03-13 12:35:24 - AstroAgent - INFO - ✅ React Agent构建完成
2026-03-13 12:35:24 - AstroAgent - INFO - ✅ AstroAgent初始化完成，使用HTTP方式调用MCP服务器工具（完整会话管理）
2026-03-13 12:35:27 - AstroAgent - INFO - ✅ 向量检索已连接：./vector_db
2026-03-13 12:35:27 - AstroAgent - WARNING - ⚠️  BM25 索引文件不存在: ./vector_db/bm25_index.pkl
2026-03-13 12:35:27 - AstroAgent - INFO - 📝 需要先构建 BM25 索引，运行: python -m rag.build_bm25_index
2026-03-13 12:35:27 - AstroAgent - WARNING - ⚠️  BM25 索引未加载，将使用纯向量检索
2026-03-13 12:35:27 - AstroAgent - INFO - ✅ 语言模型 qwen-max 初始化成功
2026-03-13 12:35:27 - AstroAgent - INFO - 正在建立SSE连接...
2026-03-13 12:35:27 - AstroAgent - INFO - ✅ 获取到session ID: e0bce890728b4d1eb21126c2bcc6ff99
2026-03-13 12:35:27 - AstroAgent - INFO - 发送初始化请求...
2026-03-13 12:35:27 - AstroAgent - DEBUG - 初始化成功，服务器信息: {'name': 'Astronomy Server', 'version': '3.1.0'}
2026-03-13 12:35:27 - AstroAgent - INFO - 发送initialized通知...
2026-03-13 12:35:27 - AstroAgent - INFO - 获取工具列表...
2026-03-13 12:35:27 - AstroAgent - INFO - ✅ 从服务器获取到 13 个工具
2026-03-13 12:35:27 - AstroAgent - INFO - ✅ MCP会话初始化成功，会话ID: e0bce890728b4d1eb21126c2bcc6ff99
2026-03-13 12:35:27 - AstroAgent - INFO - ✅ 成功注册 8 个高层技能工具（含RAG）
2026-03-13 12:35:27 - AstroAgent - INFO - ✅ 成功从外部文件读取prompt模板
2026-03-13 12:35:27 - AstroAgent - INFO - ✅ React Agent构建完成
2026-03-13 12:35:27 - AstroAgent - INFO - ✅ AstroAgent初始化完成，使用HTTP方式调用MCP服务器工具（完整会话管理）
2026-03-13 12:36:04 - AstroAgent - INFO - 
=== 处理用户查询：铁岭的天气如何 ===
2026-03-13 12:36:06 - AstroAgent - DEBUG - 调用工具 get_weather，处理后的参数: {'city': '{"city": "铁岭"}', 'extensions': 'all'}
2026-03-13 12:36:07 - AstroAgent - DEBUG - 工具响应: {"jsonrpc": "2.0", "id": 1773376566929, "result": {"content": [{"type": "text", "text": "{\"query_city\": \"铁岭\", \"extensions\": \"all\", \"raw\": {\"status\": \"1\", \"count\": \"2\", \"info\": \"OK
2026-03-13 12:36:15 - AstroAgent - INFO - ✅ 对话已存入记忆 | 助手响应长度：101 字符
2026-03-13 12:36:28 - AstroAgent - INFO - 
=== 处理用户查询：铁岭的观星指南 ===
2026-03-13 12:36:37 - AstroAgent - DEBUG - 调用工具 get_weather，处理后的参数: {'city': '铁岭', 'extensions': 'all'}
2026-03-13 12:36:37 - AstroAgent - DEBUG - 工具响应: {"jsonrpc": "2.0", "id": 1773376597004, "result": {"content": [{"type": "text", "text": "{\"query_city\": \"铁岭\", \"extensions\": \"all\", \"raw\": {\"status\": \"1\", \"count\": \"2\", \"info\": \"OK
2026-03-13 12:36:37 - AstroAgent - DEBUG - 调用工具 get_weekly_events，处理后的参数: {'start_date': '2026-03-13'}
2026-03-13 12:36:37 - AstroAgent - DEBUG - 工具响应: {"jsonrpc": "2.0", "id": 1773376597071, "result": {"content": [{"type": "text", "text": "🌌 **2026-03-13 至 2026-03-19 一周天象预报**\n\n本周没有特殊天象。\n但你可以关注日常可见的行星和月相变化。\n\n🌙 **本周月相变化**\n• 2026-03-13: 🌗 下弦月\n• 
2026-03-13 12:36:37 - AstroAgent - DEBUG - 调用工具 get_tonight_best，处理后的参数: {}
2026-03-13 12:36:37 - AstroAgent - DEBUG - 工具响应: {"jsonrpc": "2.0", "id": 1773376597112, "result": {"content": [{"type": "text", "text": "🌙 **今晚（2026-03-13）观测指南**\n\n【月相】🌗 下弦月\n  后半夜可见\n\n【可见行星】今晚无明显可见行星\n\n【时间信息】\n  • 日落：10:18\n  • 日出：22:28\n"}], "
2026-03-13 12:37:00 - AstroAgent - INFO - ✅ 对话已存入记忆 | 助手响应长度：557 字符
2026-03-13 12:37:24 - AstroAgent - INFO - ✅ HTTP客户端已关闭
2026-03-13 12:37:46 - AstroAgent - INFO - ✅ HTTP客户端已关闭
2026-03-13 13:18:34 - AstroAgent - INFO - ✅ 向量检索已连接：./vector_db
2026-03-13 13:18:34 - AstroAgent - WARNING - ⚠️  BM25 索引文件不存在: ./vector_db/bm25_index.pkl
2026-03-13 13:18:34 - AstroAgent - INFO - 📝 需要先构建 BM25 索引，运行: python -m rag.build_bm25_index
2026-03-13 13:18:34 - AstroAgent - WARNING - ⚠️  BM25 索引未加载，将使用纯向量检索
2026-03-13 13:18:34 - AstroAgent - INFO - ✅ 语言模型 qwen-max 初始化成功
2026-03-13 13:18:34 - AstroAgent - INFO - 正在建立SSE连接...
2026-03-13 13:18:34 - AstroAgent - INFO - ✅ 获取到session ID: 3d7148d01cbb4eecb77eb97858de501d
2026-03-13 13:18:34 - AstroAgent - INFO - 发送初始化请求...
2026-03-13 13:18:34 - AstroAgent - DEBUG - 初始化成功，服务器信息: {'name': 'Astronomy Server', 'version': '3.1.0'}
2026-03-13 13:18:34 - AstroAgent - INFO - 发送initialized通知...
2026-03-13 13:18:34 - AstroAgent - INFO - 获取工具列表...
2026-03-13 13:18:34 - AstroAgent - INFO - ✅ 从服务器获取到 13 个工具
2026-03-13 13:18:34 - AstroAgent - INFO - ✅ MCP会话初始化成功，会话ID: 3d7148d01cbb4eecb77eb97858de501d
2026-03-13 13:18:34 - AstroAgent - INFO - ✅ 成功注册 8 个高层技能工具（含RAG）
2026-03-13 13:18:34 - AstroAgent - INFO - ✅ 成功从外部文件读取prompt模板
2026-03-13 13:18:34 - AstroAgent - INFO - ✅ React Agent构建完成
2026-03-13 13:18:34 - AstroAgent - INFO - ✅ AstroAgent初始化完成，使用HTTP方式调用MCP服务器工具（完整会话管理）
2026-03-13 13:18:36 - AstroAgent - INFO - ✅ 向量检索已连接：./vector_db
2026-03-13 13:18:36 - AstroAgent - WARNING - ⚠️  BM25 索引文件不存在: ./vector_db/bm25_index.pkl
2026-03-13 13:18:36 - AstroAgent - INFO - 📝 需要先构建 BM25 索引，运行: python -m rag.build_bm25_index
2026-03-13 13:18:36 - AstroAgent - WARNING - ⚠️  BM25 索引未加载，将使用纯向量检索
2026-03-13 13:18:36 - AstroAgent - INFO - ✅ 语言模型 qwen-max 初始化成功
2026-03-13 13:18:36 - AstroAgent - INFO - 正在建立SSE连接...
2026-03-13 13:18:36 - AstroAgent - INFO - ✅ 获取到session ID: 5983e64ab8054cec8b889f459d5a80c6
2026-03-13 13:18:36 - AstroAgent - INFO - 发送初始化请求...
2026-03-13 13:18:36 - AstroAgent - DEBUG - 初始化成功，服务器信息: {'name': 'Astronomy Server', 'version': '3.1.0'}
2026-03-13 13:18:36 - AstroAgent - INFO - 发送initialized通知...
2026-03-13 13:18:36 - AstroAgent - INFO - 获取工具列表...
2026-03-13 13:18:36 - AstroAgent - INFO - ✅ 从服务器获取到 13 个工具
2026-03-13 13:18:36 - AstroAgent - INFO - ✅ MCP会话初始化成功，会话ID: 5983e64ab8054cec8b889f459d5a80c6
2026-03-13 13:18:36 - AstroAgent - INFO - ✅ 成功注册 8 个高层技能工具（含RAG）
2026-03-13 13:18:36 - AstroAgent - INFO - ✅ 成功从外部文件读取prompt模板
2026-03-13 13:18:36 - AstroAgent - INFO - ✅ React Agent构建完成
2026-03-13 13:18:36 - AstroAgent - INFO - ✅ AstroAgent初始化完成，使用HTTP方式调用MCP服务器工具（完整会话管理）
2026-03-13 13:18:36 - AstroAgent - INFO - ✅ 向量检索已连接：./vector_db
2026-03-13 13:18:36 - AstroAgent - WARNING - ⚠️  BM25 索引文件不存在: ./vector_db/bm25_index.pkl
2026-03-13 13:18:36 - AstroAgent - INFO - 📝 需要先构建 BM25 索引，运行: python -m rag.build_bm25_index
2026-03-13 13:18:36 - AstroAgent - WARNING - ⚠️  BM25 索引未加载，将使用纯向量检索
2026-03-13 13:18:36 - AstroAgent - INFO - ✅ 语言模型 qwen-max 初始化成功
2026-03-13 13:18:36 - AstroAgent - INFO - 正在建立SSE连接...
2026-03-13 13:18:36 - AstroAgent - INFO - ✅ 获取到session ID: d362f350d63e4facbda41dd787ce8c31
2026-03-13 13:18:36 - AstroAgent - INFO - 发送初始化请求...
2026-03-13 13:18:36 - AstroAgent - DEBUG - 初始化成功，服务器信息: {'name': 'Astronomy Server', 'version': '3.1.0'}
2026-03-13 13:18:36 - AstroAgent - INFO - 发送initialized通知...
2026-03-13 13:18:36 - AstroAgent - INFO - 获取工具列表...
2026-03-13 13:18:36 - AstroAgent - INFO - ✅ 从服务器获取到 13 个工具
2026-03-13 13:18:36 - AstroAgent - INFO - ✅ MCP会话初始化成功，会话ID: d362f350d63e4facbda41dd787ce8c31
2026-03-13 13:18:36 - AstroAgent - INFO - ✅ 成功注册 8 个高层技能工具（含RAG）
2026-03-13 13:18:36 - AstroAgent - INFO - ✅ 成功从外部文件读取prompt模板
2026-03-13 13:18:36 - AstroAgent - INFO - ✅ React Agent构建完成
2026-03-13 13:18:36 - AstroAgent - INFO - ✅ AstroAgent初始化完成，使用HTTP方式调用MCP服务器工具（完整会话管理）
2026-03-13 13:18:48 - AstroAgent - INFO - ✅ 向量检索已连接：./vector_db
2026-03-13 13:18:48 - AstroAgent - WARNING - ⚠️  BM25 索引文件不存在: ./vector_db/bm25_index.pkl
2026-03-13 13:18:48 - AstroAgent - INFO - 📝 需要先构建 BM25 索引，运行: python -m rag.build_bm25_index
2026-03-13 13:18:48 - AstroAgent - WARNING - ⚠️  BM25 索引未加载，将使用纯向量检索
2026-03-13 13:18:48 - AstroAgent - INFO - ✅ 语言模型 qwen-max 初始化成功
2026-03-13 13:18:48 - AstroAgent - INFO - 正在建立SSE连接...
2026-03-13 13:18:48 - AstroAgent - INFO - ✅ 获取到session ID: dd4757d1a8654dd28b020682834afd08
2026-03-13 13:18:48 - AstroAgent - INFO - 发送初始化请求...
2026-03-13 13:18:48 - AstroAgent - DEBUG - 初始化成功，服务器信息: {'name': 'Astronomy Server', 'version': '3.1.0'}
2026-03-13 13:18:48 - AstroAgent - INFO - 发送initialized通知...
2026-03-13 13:18:48 - AstroAgent - INFO - 获取工具列表...
2026-03-13 13:18:48 - AstroAgent - INFO - ✅ 从服务器获取到 13 个工具
2026-03-13 13:18:48 - AstroAgent - INFO - ✅ MCP会话初始化成功，会话ID: dd4757d1a8654dd28b020682834afd08
2026-03-13 13:18:48 - AstroAgent - INFO - ✅ 成功注册 8 个高层技能工具（含RAG）
2026-03-13 13:18:48 - AstroAgent - INFO - ✅ 成功从外部文件读取prompt模板
2026-03-13 13:18:48 - AstroAgent - INFO - ✅ React Agent构建完成
2026-03-13 13:18:48 - AstroAgent - INFO - ✅ AstroAgent初始化完成，使用HTTP方式调用MCP服务器工具（完整会话管理）
2026-03-13 13:18:48 - AstroAgent - INFO - 
=== 处理用户查询：请告诉我今晚最佳观测目标 ===
2026-03-13 13:18:59 - AstroAgent - INFO - ✅ HTTP客户端已关闭
2026-03-13 13:22:17 - AstroAgent - INFO - ============================================================
2026-03-13 13:22:17 - AstroAgent - INFO - 开始构建 BM25 索引...
2026-03-13 13:22:17 - AstroAgent - INFO - ============================================================
2026-03-13 13:22:18 - AstroAgent - INFO - 从 Chroma 获取到 678 个文档
2026-03-13 13:22:18 - AstroAgent - WARNING - ⚠️  BM25 索引文件不存在: ./vector_db/bm25_index.pkl
2026-03-13 13:22:18 - AstroAgent - INFO - 📝 需要先构建 BM25 索引，运行: python -m rag.build_bm25_index
2026-03-13 13:22:18 - AstroAgent - INFO - ✅ BM25 索引已构建并保存: 678 个文档
2026-03-13 13:22:18 - AstroAgent - INFO - ============================================================
2026-03-13 13:22:18 - AstroAgent - INFO - ✅ BM25 索引构建成功: 678 个文档
2026-03-13 13:22:18 - AstroAgent - INFO - 📁 索引保存位置: ./vector_db/bm25_index.pkl
2026-03-13 13:22:18 - AstroAgent - INFO - ============================================================
2026-03-13 13:24:11 - AstroAgent - INFO - ✅ 向量检索已连接：./vector_db
2026-03-13 13:24:11 - AstroAgent - INFO - ✅ BM25 索引已加载: 678 个文档
2026-03-13 13:24:11 - AstroAgent - INFO - ✅ BM25 检索已加载
2026-03-13 13:24:11 - AstroAgent - INFO - ✅ 语言模型 qwen-max 初始化成功
2026-03-13 13:24:11 - AstroAgent - INFO - 正在建立SSE连接...
2026-03-13 13:24:11 - AstroAgent - INFO - ✅ 获取到session ID: 3da65855b264451da0c2f8dbc2fef7f3
2026-03-13 13:24:11 - AstroAgent - INFO - 发送初始化请求...
2026-03-13 13:24:11 - AstroAgent - DEBUG - 初始化成功，服务器信息: {'name': 'Astronomy Server', 'version': '3.1.0'}
2026-03-13 13:24:11 - AstroAgent - INFO - 发送initialized通知...
2026-03-13 13:24:11 - AstroAgent - INFO - 获取工具列表...
2026-03-13 13:24:11 - AstroAgent - INFO - ✅ 从服务器获取到 13 个工具
2026-03-13 13:24:11 - AstroAgent - INFO - ✅ MCP会话初始化成功，会话ID: 3da65855b264451da0c2f8dbc2fef7f3
2026-03-13 13:24:11 - AstroAgent - INFO - ✅ 成功注册 8 个高层技能工具（含RAG）
2026-03-13 13:24:11 - AstroAgent - INFO - ✅ 成功从外部文件读取prompt模板
2026-03-13 13:24:11 - AstroAgent - INFO - ✅ React Agent构建完成
2026-03-13 13:24:11 - AstroAgent - INFO - ✅ AstroAgent初始化完成，使用HTTP方式调用MCP服务器工具（完整会话管理）
2026-03-13 13:24:11 - AstroAgent - INFO - 
=== 处理用户查询：请告诉我今晚最佳观测目标 ===
2026-03-13 13:24:17 - AstroAgent - DEBUG - 调用工具 get_weather，处理后的参数: {'city': '39.9,116.4', 'extensions': 'all'}
2026-03-13 13:24:17 - AstroAgent - DEBUG - 工具响应: {"jsonrpc": "2.0", "id": 1773379457773, "result": {"content": [{"type": "text", "text": "{\"query_city\": \"39.9,116.4\", \"extensions\": \"all\", \"raw\": {\"status\": \"1\", \"count\": \"0\", \"info
2026-03-13 13:24:17 - AstroAgent - DEBUG - 调用工具 get_weekly_events，处理后的参数: {'start_date': '2026-03-13'}
2026-03-13 13:24:17 - AstroAgent - DEBUG - 工具响应: {"jsonrpc": "2.0", "id": 1773379457857, "result": {"content": [{"type": "text", "text": "🌌 **2026-03-13 至 2026-03-19 一周天象预报**\n\n本周没有特殊天象。\n但你可以关注日常可见的行星和月相变化。\n\n🌙 **本周月相变化**\n• 2026-03-13: 🌗 下弦月\n• 
2026-03-13 13:24:17 - AstroAgent - DEBUG - 调用工具 get_tonight_best，处理后的参数: {}
2026-03-13 13:24:17 - AstroAgent - DEBUG - 工具响应: {"jsonrpc": "2.0", "id": 1773379457928, "result": {"content": [{"type": "text", "text": "🌙 **今晚（2026-03-13）观测指南**\n\n【月相】🌗 下弦月\n  后半夜可见\n\n【可见行星】今晚无明显可见行星\n\n【时间信息】\n  • 日落：10:18\n  • 日出：22:28\n"}], "
2026-03-13 13:24:36 - AstroAgent - INFO - ✅ 对话已存入记忆 | 助手响应长度：81 字符
2026-03-13 13:24:36 - AstroAgent - INFO - 
=== 处理用户查询：请告诉我未来一周的天象 ===
2026-03-13 13:24:42 - AstroAgent - DEBUG - 调用工具 get_weekly_events，处理后的参数: {'start_date': '2026-03-13'}
2026-03-13 13:24:42 - AstroAgent - DEBUG - 工具响应: {"jsonrpc": "2.0", "id": 1773379482488, "result": {"content": [{"type": "text", "text": "🌌 **2026-03-13 至 2026-03-19 一周天象预报**\n\n本周没有特殊天象。\n但你可以关注日常可见的行星和月相变化。\n\n🌙 **本周月相变化**\n• 2026-03-13: 🌗 下弦月\n• 
2026-03-13 13:24:59 - AstroAgent - INFO - ✅ 对话已存入记忆 | 助手响应长度：287 字符
2026-03-13 13:24:59 - AstroAgent - INFO - 
=== 处理用户查询：请告诉我本月的天象 ===
2026-03-13 13:25:05 - AstroAgent - DEBUG - 调用工具 get_weekly_events，处理后的参数: {'start_date': '2026-03-13'}
2026-03-13 13:25:05 - AstroAgent - DEBUG - 工具响应: {"jsonrpc": "2.0", "id": 1773379505403, "result": {"content": [{"type": "text", "text": "🌌 **2026-03-13 至 2026-03-19 一周天象预报**\n\n本周没有特殊天象。\n但你可以关注日常可见的行星和月相变化。\n\n🌙 **本周月相变化**\n• 2026-03-13: 🌗 下弦月\n• 
2026-03-13 13:25:23 - AstroAgent - INFO - ✅ 对话已存入记忆 | 助手响应长度：198 字符
2026-03-13 13:25:23 - AstroAgent - INFO - 
=== 处理用户查询：请告诉我2026年8月的天象 ===
2026-03-13 13:25:38 - AstroAgent - DEBUG - 调用工具 get_weekly_events，处理后的参数: {'start_date': '2026-08-01'}
2026-03-13 13:25:38 - AstroAgent - DEBUG - 工具响应: {"jsonrpc": "2.0", "id": 1773379538875, "result": {"content": [{"type": "text", "text": "🌌 **2026-08-01 至 2026-08-07 一周天象预报**\n\n本周没有特殊天象。\n但你可以关注日常可见的行星和月相变化。\n\n🌙 **本周月相变化**\n• 2026-08-01: 🌖 亏凸月\n• 
2026-03-13 13:25:43 - AstroAgent - DEBUG - 调用工具 get_weekly_events，处理后的参数: {'start_date': '2026-08-01'}
2026-03-13 13:25:43 - AstroAgent - DEBUG - 工具响应: {"jsonrpc": "2.0", "id": 1773379543635, "result": {"content": [{"type": "text", "text": "🌌 **2026-08-01 至 2026-08-07 一周天象预报**\n\n本周没有特殊天象。\n但你可以关注日常可见的行星和月相变化。\n\n🌙 **本周月相变化**\n• 2026-08-01: 🌖 亏凸月\n• 
2026-03-13 13:26:05 - AstroAgent - INFO - ✅ 对话已存入记忆 | 助手响应长度：265 字符
2026-03-13 13:26:05 - AstroAgent - INFO - ✅ HTTP客户端已关闭
2026-03-13 13:32:07 - AstroAgent - INFO - ✅ 向量检索已连接：./vector_db
2026-03-13 13:32:07 - AstroAgent - INFO - ✅ BM25 索引已加载: 678 个文档
2026-03-13 13:32:07 - AstroAgent - INFO - ✅ BM25 检索已加载
2026-03-13 13:32:07 - AstroAgent - INFO - ✅ 语言模型 qwen-max 初始化成功
2026-03-13 13:32:07 - AstroAgent - INFO - 正在建立SSE连接...
2026-03-13 13:32:07 - AstroAgent - INFO - ✅ 获取到session ID: fb8cf39efa6c4d57969ad3f3880ccc45
2026-03-13 13:32:07 - AstroAgent - INFO - 发送初始化请求...
2026-03-13 13:32:07 - AstroAgent - DEBUG - 初始化成功，服务器信息: {'name': 'Astronomy Server', 'version': '3.1.0'}
2026-03-13 13:32:07 - AstroAgent - INFO - 发送initialized通知...
2026-03-13 13:32:07 - AstroAgent - INFO - 获取工具列表...
2026-03-13 13:32:07 - AstroAgent - INFO - ✅ 从服务器获取到 13 个工具
2026-03-13 13:32:07 - AstroAgent - INFO - ✅ MCP会话初始化成功，会话ID: fb8cf39efa6c4d57969ad3f3880ccc45
2026-03-13 13:32:07 - AstroAgent - INFO - ✅ 成功注册 8 个高层技能工具（含RAG）
2026-03-13 13:32:07 - AstroAgent - INFO - ✅ 成功从外部文件读取prompt模板
2026-03-13 13:32:07 - AstroAgent - INFO - ✅ React Agent构建完成
2026-03-13 13:32:07 - AstroAgent - INFO - ✅ AstroAgent初始化完成，使用HTTP方式调用MCP服务器工具（完整会话管理）
2026-03-13 13:32:07 - AstroAgent - INFO - ✅ 向量检索已连接：./vector_db
2026-03-13 13:32:07 - AstroAgent - INFO - ✅ BM25 索引已加载: 678 个文档
2026-03-13 13:32:07 - AstroAgent - INFO - ✅ BM25 检索已加载
2026-03-13 13:32:07 - AstroAgent - INFO - ✅ 语言模型 qwen-max 初始化成功
2026-03-13 13:32:07 - AstroAgent - INFO - 正在建立SSE连接...
2026-03-13 13:32:07 - AstroAgent - INFO - ✅ 获取到session ID: 8067f2475835457b9f3e7ae69f89a9ad
2026-03-13 13:32:07 - AstroAgent - INFO - 发送初始化请求...
2026-03-13 13:32:07 - AstroAgent - DEBUG - 初始化成功，服务器信息: {'name': 'Astronomy Server', 'version': '3.1.0'}
2026-03-13 13:32:07 - AstroAgent - INFO - 发送initialized通知...
2026-03-13 13:32:07 - AstroAgent - INFO - 获取工具列表...
2026-03-13 13:32:07 - AstroAgent - INFO - ✅ 从服务器获取到 13 个工具
2026-03-13 13:32:07 - AstroAgent - INFO - ✅ MCP会话初始化成功，会话ID: 8067f2475835457b9f3e7ae69f89a9ad
2026-03-13 13:32:07 - AstroAgent - INFO - ✅ 成功注册 8 个高层技能工具（含RAG）
2026-03-13 13:32:07 - AstroAgent - INFO - ✅ 成功从外部文件读取prompt模板
2026-03-13 13:32:07 - AstroAgent - INFO - ✅ React Agent构建完成
2026-03-13 13:32:07 - AstroAgent - INFO - ✅ AstroAgent初始化完成，使用HTTP方式调用MCP服务器工具（完整会话管理）
2026-03-13 13:32:33 - AstroAgent - INFO - ✅ 向量检索已连接：./vector_db
2026-03-13 13:32:33 - AstroAgent - INFO - ✅ BM25 索引已加载: 678 个文档
2026-03-13 13:32:33 - AstroAgent - INFO - ✅ BM25 检索已加载
2026-03-13 13:32:33 - AstroAgent - INFO - ✅ 语言模型 qwen-max 初始化成功
2026-03-13 13:32:33 - AstroAgent - INFO - 正在建立SSE连接...
2026-03-13 13:32:33 - AstroAgent - INFO - ✅ 获取到session ID: 6406728834834deb937f5b10f3880acc
2026-03-13 13:32:33 - AstroAgent - INFO - 发送初始化请求...
2026-03-13 13:32:33 - AstroAgent - DEBUG - 初始化成功，服务器信息: {'name': 'Astronomy Server', 'version': '3.1.0'}
2026-03-13 13:32:33 - AstroAgent - INFO - 发送initialized通知...
2026-03-13 13:32:33 - AstroAgent - INFO - 获取工具列表...
2026-03-13 13:32:33 - AstroAgent - INFO - ✅ 从服务器获取到 13 个工具
2026-03-13 13:32:33 - AstroAgent - INFO - ✅ MCP会话初始化成功，会话ID: 6406728834834deb937f5b10f3880acc
2026-03-13 13:32:33 - AstroAgent - INFO - ✅ 成功注册 8 个高层技能工具（含RAG）
2026-03-13 13:32:33 - AstroAgent - INFO - ✅ 成功从外部文件读取prompt模板
2026-03-13 13:32:33 - AstroAgent - INFO - ✅ React Agent构建完成
2026-03-13 13:32:33 - AstroAgent - INFO - ✅ AstroAgent初始化完成，使用HTTP方式调用MCP服务器工具（完整会话管理）
2026-03-13 13:32:34 - AstroAgent - INFO - ✅ 向量检索已连接：./vector_db
2026-03-13 13:32:34 - AstroAgent - INFO - ✅ BM25 索引已加载: 678 个文档
2026-03-13 13:32:34 - AstroAgent - INFO - ✅ BM25 检索已加载
2026-03-13 13:32:34 - AstroAgent - INFO - ✅ 语言模型 qwen-max 初始化成功
2026-03-13 13:32:34 - AstroAgent - INFO - 正在建立SSE连接...
2026-03-13 13:32:34 - AstroAgent - INFO - ✅ 获取到session ID: 186e414d34184f3ba5d702b88cfa4562
2026-03-13 13:32:34 - AstroAgent - INFO - 发送初始化请求...
2026-03-13 13:32:34 - AstroAgent - DEBUG - 初始化成功，服务器信息: {'name': 'Astronomy Server', 'version': '3.1.0'}
2026-03-13 13:32:34 - AstroAgent - INFO - 发送initialized通知...
2026-03-13 13:32:34 - AstroAgent - INFO - 获取工具列表...
2026-03-13 13:32:34 - AstroAgent - INFO - ✅ 从服务器获取到 13 个工具
2026-03-13 13:32:34 - AstroAgent - INFO - ✅ MCP会话初始化成功，会话ID: 186e414d34184f3ba5d702b88cfa4562
2026-03-13 13:32:34 - AstroAgent - INFO - ✅ 成功注册 8 个高层技能工具（含RAG）
2026-03-13 13:32:34 - AstroAgent - INFO - ✅ 成功从外部文件读取prompt模板
2026-03-13 13:32:34 - AstroAgent - INFO - ✅ React Agent构建完成
2026-03-13 13:32:34 - AstroAgent - INFO - ✅ AstroAgent初始化完成，使用HTTP方式调用MCP服务器工具（完整会话管理）
2026-03-13 13:36:00 - AstroAgent - INFO - ✅ 向量检索已连接：./vector_db
2026-03-13 13:36:01 - AstroAgent - INFO - ✅ BM25 索引已加载: 678 个文档
2026-03-13 13:36:01 - AstroAgent - INFO - ✅ BM25 检索已加载
2026-03-13 13:36:01 - AstroAgent - INFO - ✅ 语言模型 qwen-max 初始化成功
2026-03-13 13:36:01 - AstroAgent - INFO - 正在建立SSE连接...
2026-03-13 13:36:01 - AstroAgent - INFO - ✅ 获取到session ID: 904b620a8afa4aef9bed37513de2b29b
2026-03-13 13:36:01 - AstroAgent - INFO - 发送初始化请求...
2026-03-13 13:36:01 - AstroAgent - DEBUG - 初始化成功，服务器信息: {'name': 'Astronomy Server', 'version': '3.1.0'}
2026-03-13 13:36:01 - AstroAgent - INFO - 发送initialized通知...
2026-03-13 13:36:01 - AstroAgent - INFO - 获取工具列表...
2026-03-13 13:36:01 - AstroAgent - INFO - ✅ 从服务器获取到 13 个工具
2026-03-13 13:36:01 - AstroAgent - INFO - ✅ MCP会话初始化成功，会话ID: 904b620a8afa4aef9bed37513de2b29b
2026-03-13 13:36:01 - AstroAgent - INFO - ✅ 成功注册 8 个高层技能工具（含RAG）
2026-03-13 13:36:01 - AstroAgent - INFO - ✅ 成功从外部文件读取prompt模板
2026-03-13 13:36:01 - AstroAgent - INFO - ✅ React Agent构建完成
2026-03-13 13:36:01 - AstroAgent - INFO - ✅ AstroAgent初始化完成，使用HTTP方式调用MCP服务器工具（完整会话管理）
2026-03-13 13:36:01 - AstroAgent - INFO - ✅ 向量检索已连接：./vector_db
2026-03-13 13:36:01 - AstroAgent - INFO - ✅ BM25 索引已加载: 678 个文档
2026-03-13 13:36:01 - AstroAgent - INFO - ✅ BM25 检索已加载
2026-03-13 13:36:01 - AstroAgent - INFO - ✅ 语言模型 qwen-max 初始化成功
2026-03-13 13:36:01 - AstroAgent - INFO - 正在建立SSE连接...
2026-03-13 13:36:01 - AstroAgent - INFO - ✅ 获取到session ID: fd92904946c546628325a22e74be0327
2026-03-13 13:36:01 - AstroAgent - INFO - 发送初始化请求...
2026-03-13 13:36:01 - AstroAgent - DEBUG - 初始化成功，服务器信息: {'name': 'Astronomy Server', 'version': '3.1.0'}
2026-03-13 13:36:01 - AstroAgent - INFO - 发送initialized通知...
2026-03-13 13:36:01 - AstroAgent - INFO - 获取工具列表...
2026-03-13 13:36:01 - AstroAgent - INFO - ✅ 从服务器获取到 13 个工具
2026-03-13 13:36:01 - AstroAgent - INFO - ✅ MCP会话初始化成功，会话ID: fd92904946c546628325a22e74be0327
2026-03-13 13:36:01 - AstroAgent - INFO - ✅ 成功注册 8 个高层技能工具（含RAG）
2026-03-13 13:36:01 - AstroAgent - INFO - ✅ 成功从外部文件读取prompt模板
2026-03-13 13:36:01 - AstroAgent - INFO - ✅ React Agent构建完成
2026-03-13 13:36:01 - AstroAgent - INFO - ✅ AstroAgent初始化完成，使用HTTP方式调用MCP服务器工具（完整会话管理）
2026-03-13 13:37:46 - AstroAgent - INFO - ✅ 向量检索已连接：./vector_db
2026-03-13 13:37:46 - AstroAgent - INFO - ✅ BM25 索引已加载: 678 个文档
2026-03-13 13:37:46 - AstroAgent - INFO - ✅ BM25 检索已加载
2026-03-13 13:37:46 - AstroAgent - INFO - ✅ 语言模型 qwen-max 初始化成功
2026-03-13 13:37:46 - AstroAgent - INFO - 正在建立SSE连接...
2026-03-13 13:37:46 - AstroAgent - INFO - ✅ 获取到session ID: 18cdeacd7b674f2a8f2a40f14d6ec60e
2026-03-13 13:37:46 - AstroAgent - INFO - 发送初始化请求...
2026-03-13 13:37:46 - AstroAgent - DEBUG - 初始化成功，服务器信息: {'name': 'Astronomy Server', 'version': '3.1.0'}
2026-03-13 13:37:46 - AstroAgent - INFO - 发送initialized通知...
2026-03-13 13:37:46 - AstroAgent - INFO - 获取工具列表...
2026-03-13 13:37:46 - AstroAgent - INFO - ✅ 从服务器获取到 13 个工具
2026-03-13 13:37:46 - AstroAgent - INFO - ✅ MCP会话初始化成功，会话ID: 18cdeacd7b674f2a8f2a40f14d6ec60e
2026-03-13 13:37:46 - AstroAgent - INFO - ✅ 成功注册 8 个高层技能工具（含RAG）
2026-03-13 13:37:46 - AstroAgent - INFO - ✅ 成功从外部文件读取prompt模板
2026-03-13 13:37:46 - AstroAgent - INFO - ✅ React Agent构建完成
2026-03-13 13:37:46 - AstroAgent - INFO - ✅ AstroAgent初始化完成，使用HTTP方式调用MCP服务器工具（完整会话管理）
2026-03-13 13:37:46 - AstroAgent - INFO - ✅ 向量检索已连接：./vector_db
2026-03-13 13:37:46 - AstroAgent - INFO - ✅ BM25 索引已加载: 678 个文档
2026-03-13 13:37:46 - AstroAgent - INFO - ✅ BM25 检索已加载
2026-03-13 13:37:46 - AstroAgent - INFO - ✅ 语言模型 qwen-max 初始化成功
2026-03-13 13:37:46 - AstroAgent - INFO - 正在建立SSE连接...
2026-03-13 13:37:46 - AstroAgent - INFO - ✅ 获取到session ID: 607664540ef94627968c30f097ed88da
2026-03-13 13:37:46 - AstroAgent - INFO - 发送初始化请求...
2026-03-13 13:37:46 - AstroAgent - DEBUG - 初始化成功，服务器信息: {'name': 'Astronomy Server', 'version': '3.1.0'}
2026-03-13 13:37:46 - AstroAgent - INFO - 发送initialized通知...
2026-03-13 13:37:46 - AstroAgent - INFO - 获取工具列表...
2026-03-13 13:37:46 - AstroAgent - INFO - ✅ 从服务器获取到 13 个工具
2026-03-13 13:37:46 - AstroAgent - INFO - ✅ MCP会话初始化成功，会话ID: 607664540ef94627968c30f097ed88da
2026-03-13 13:37:46 - AstroAgent - INFO - ✅ 成功注册 8 个高层技能工具（含RAG）
2026-03-13 13:37:46 - AstroAgent - INFO - ✅ 成功从外部文件读取prompt模板
2026-03-13 13:37:46 - AstroAgent - INFO - ✅ React Agent构建完成
2026-03-13 13:37:46 - AstroAgent - INFO - ✅ AstroAgent初始化完成，使用HTTP方式调用MCP服务器工具（完整会话管理）
2026-03-13 13:38:45 - AstroAgent - INFO - ✅ 向量检索已连接：./vector_db
2026-03-13 13:38:45 - AstroAgent - INFO - ✅ BM25 索引已加载: 678 个文档
2026-03-13 13:38:45 - AstroAgent - INFO - ✅ BM25 检索已加载
2026-03-13 13:38:45 - AstroAgent - INFO - ✅ 语言模型 qwen-max 初始化成功
2026-03-13 13:38:45 - AstroAgent - INFO - 正在建立SSE连接...
2026-03-13 13:38:45 - AstroAgent - INFO - ✅ 获取到session ID: c3d9300fd1bc40e5882c74ba4d996267
2026-03-13 13:38:45 - AstroAgent - INFO - 发送初始化请求...
2026-03-13 13:38:45 - AstroAgent - DEBUG - 初始化成功，服务器信息: {'name': 'Astronomy Server', 'version': '3.1.0'}
2026-03-13 13:38:45 - AstroAgent - INFO - 发送initialized通知...
2026-03-13 13:38:45 - AstroAgent - INFO - 获取工具列表...
2026-03-13 13:38:45 - AstroAgent - INFO - ✅ 从服务器获取到 13 个工具
2026-03-13 13:38:45 - AstroAgent - INFO - ✅ MCP会话初始化成功，会话ID: c3d9300fd1bc40e5882c74ba4d996267
2026-03-13 13:38:45 - AstroAgent - INFO - ✅ 成功注册 8 个高层技能工具（含RAG）
2026-03-13 13:38:45 - AstroAgent - INFO - ✅ 成功从外部文件读取prompt模板
2026-03-13 13:38:45 - AstroAgent - INFO - ✅ React Agent构建完成
2026-03-13 13:38:45 - AstroAgent - INFO - ✅ AstroAgent初始化完成，使用HTTP方式调用MCP服务器工具（完整会话管理）
2026-03-13 13:38:45 - AstroAgent - INFO - ✅ 向量检索已连接：./vector_db
2026-03-13 13:38:45 - AstroAgent - INFO - ✅ BM25 索引已加载: 678 个文档
2026-03-13 13:38:45 - AstroAgent - INFO - ✅ BM25 检索已加载
2026-03-13 13:38:45 - AstroAgent - INFO - ✅ 语言模型 qwen-max 初始化成功
2026-03-13 13:38:45 - AstroAgent - INFO - 正在建立SSE连接...
2026-03-13 13:38:45 - AstroAgent - INFO - ✅ 获取到session ID: 45cd0cf9008849939b774c3c8882d14e
2026-03-13 13:38:45 - AstroAgent - INFO - 发送初始化请求...
2026-03-13 13:38:45 - AstroAgent - DEBUG - 初始化成功，服务器信息: {'name': 'Astronomy Server', 'version': '3.1.0'}
2026-03-13 13:38:45 - AstroAgent - INFO - 发送initialized通知...
2026-03-13 13:38:45 - AstroAgent - INFO - 获取工具列表...
2026-03-13 13:38:45 - AstroAgent - INFO - ✅ 从服务器获取到 13 个工具
2026-03-13 13:38:45 - AstroAgent - INFO - ✅ MCP会话初始化成功，会话ID: 45cd0cf9008849939b774c3c8882d14e
2026-03-13 13:38:45 - AstroAgent - INFO - ✅ 成功注册 8 个高层技能工具（含RAG）
2026-03-13 13:38:45 - AstroAgent - INFO - ✅ 成功从外部文件读取prompt模板
2026-03-13 13:38:45 - AstroAgent - INFO - ✅ React Agent构建完成
2026-03-13 13:38:45 - AstroAgent - INFO - ✅ AstroAgent初始化完成，使用HTTP方式调用MCP服务器工具（完整会话管理）
2026-03-13 13:54:21 - AstroAgent - INFO - ✅ 向量检索已连接：./vector_db
2026-03-13 13:54:21 - AstroAgent - INFO - ✅ BM25 索引已加载: 678 个文档
2026-03-13 13:54:21 - AstroAgent - INFO - ✅ BM25 检索已加载
2026-03-13 13:54:21 - AstroAgent - INFO - ✅ 语言模型 qwen-max 初始化成功
2026-03-13 13:54:21 - AstroAgent - INFO - 正在建立SSE连接...
2026-03-13 13:54:21 - AstroAgent - INFO - ✅ 获取到session ID: 23da0463088b42bca22b77f922f38d65
2026-03-13 13:54:21 - AstroAgent - INFO - 发送初始化请求...
2026-03-13 13:54:21 - AstroAgent - DEBUG - 初始化成功，服务器信息: {'name': 'Astronomy Server', 'version': '3.1.0'}
2026-03-13 13:54:21 - AstroAgent - INFO - 发送initialized通知...
2026-03-13 13:54:21 - AstroAgent - INFO - 获取工具列表...
2026-03-13 13:54:21 - AstroAgent - INFO - ✅ 从服务器获取到 13 个工具
2026-03-13 13:54:21 - AstroAgent - INFO - ✅ MCP会话初始化成功，会话ID: 23da0463088b42bca22b77f922f38d65
2026-03-13 13:54:21 - AstroAgent - INFO - ✅ 成功注册 8 个高层技能工具（含RAG）
2026-03-13 13:54:21 - AstroAgent - INFO - ✅ 成功从外部文件读取prompt模板
2026-03-13 13:54:21 - AstroAgent - INFO - ✅ React Agent构建完成
2026-03-13 13:54:21 - AstroAgent - INFO - ✅ AstroAgent初始化完成，使用HTTP方式调用MCP服务器工具（完整会话管理）
2026-03-13 13:54:23 - AstroAgent - INFO - ✅ 向量检索已连接：./vector_db
2026-03-13 13:54:23 - AstroAgent - INFO - ✅ BM25 索引已加载: 678 个文档
2026-03-13 13:54:23 - AstroAgent - INFO - ✅ BM25 检索已加载
2026-03-13 13:54:23 - AstroAgent - INFO - ✅ 语言模型 qwen-max 初始化成功
2026-03-13 13:54:23 - AstroAgent - INFO - 正在建立SSE连接...
2026-03-13 13:54:23 - AstroAgent - INFO - ✅ 获取到session ID: 5db08d3b27d24e2e95954f268bb8965d
2026-03-13 13:54:23 - AstroAgent - INFO - 发送初始化请求...
2026-03-13 13:54:23 - AstroAgent - DEBUG - 初始化成功，服务器信息: {'name': 'Astronomy Server', 'version': '3.1.0'}
2026-03-13 13:54:23 - AstroAgent - INFO - 发送initialized通知...
2026-03-13 13:54:23 - AstroAgent - INFO - 获取工具列表...
2026-03-13 13:54:23 - AstroAgent - INFO - ✅ 从服务器获取到 13 个工具
2026-03-13 13:54:23 - AstroAgent - INFO - ✅ MCP会话初始化成功，会话ID: 5db08d3b27d24e2e95954f268bb8965d
2026-03-13 13:54:23 - AstroAgent - INFO - ✅ 成功注册 8 个高层技能工具（含RAG）
2026-03-13 13:54:23 - AstroAgent - INFO - ✅ 成功从外部文件读取prompt模板
2026-03-13 13:54:23 - AstroAgent - INFO - ✅ React Agent构建完成
2026-03-13 13:54:23 - AstroAgent - INFO - ✅ AstroAgent初始化完成，使用HTTP方式调用MCP服务器工具（完整会话管理）
2026-03-13 13:54:23 - AstroAgent - INFO - ✅ 向量检索已连接：./vector_db
2026-03-13 13:54:23 - AstroAgent - INFO - ✅ BM25 索引已加载: 678 个文档
2026-03-13 13:54:23 - AstroAgent - INFO - ✅ BM25 检索已加载
2026-03-13 13:54:23 - AstroAgent - INFO - ✅ 语言模型 qwen-max 初始化成功
2026-03-13 13:54:23 - AstroAgent - INFO - 正在建立SSE连接...
2026-03-13 13:54:23 - AstroAgent - INFO - ✅ 获取到session ID: c116cc0f6ba84903ad823f7271089bc8
2026-03-13 13:54:23 - AstroAgent - INFO - 发送初始化请求...
2026-03-13 13:54:23 - AstroAgent - DEBUG - 初始化成功，服务器信息: {'name': 'Astronomy Server', 'version': '3.1.0'}
2026-03-13 13:54:23 - AstroAgent - INFO - 发送initialized通知...
2026-03-13 13:54:23 - AstroAgent - INFO - 获取工具列表...
2026-03-13 13:54:23 - AstroAgent - INFO - ✅ 从服务器获取到 13 个工具
2026-03-13 13:54:23 - AstroAgent - INFO - ✅ MCP会话初始化成功，会话ID: c116cc0f6ba84903ad823f7271089bc8
2026-03-13 13:54:23 - AstroAgent - INFO - ✅ 成功注册 8 个高层技能工具（含RAG）
2026-03-13 13:54:23 - AstroAgent - INFO - ✅ 成功从外部文件读取prompt模板
2026-03-13 13:54:23 - AstroAgent - INFO - ✅ React Agent构建完成
2026-03-13 13:54:23 - AstroAgent - INFO - ✅ AstroAgent初始化完成，使用HTTP方式调用MCP服务器工具（完整会话管理）
2026-03-13 13:54:33 - AstroAgent - INFO - ✅ 向量检索已连接：./vector_db
2026-03-13 13:54:33 - AstroAgent - INFO - ✅ BM25 索引已加载: 678 个文档
2026-03-13 13:54:33 - AstroAgent - INFO - ✅ BM25 检索已加载
2026-03-13 13:54:33 - AstroAgent - INFO - ✅ 语言模型 qwen-max 初始化成功
2026-03-13 13:54:33 - AstroAgent - INFO - 正在建立SSE连接...
2026-03-13 13:54:33 - AstroAgent - INFO - ✅ 获取到session ID: a707eb0fea4447a9b4f2193edbbe4f6a
2026-03-13 13:54:33 - AstroAgent - INFO - 发送初始化请求...
2026-03-13 13:54:33 - AstroAgent - DEBUG - 初始化成功，服务器信息: {'name': 'Astronomy Server', 'version': '3.1.0'}
2026-03-13 13:54:33 - AstroAgent - INFO - 发送initialized通知...
2026-03-13 13:54:33 - AstroAgent - INFO - 获取工具列表...
2026-03-13 13:54:33 - AstroAgent - INFO - ✅ 从服务器获取到 13 个工具
2026-03-13 13:54:33 - AstroAgent - INFO - ✅ MCP会话初始化成功，会话ID: a707eb0fea4447a9b4f2193edbbe4f6a
2026-03-13 13:54:33 - AstroAgent - INFO - ✅ 成功注册 8 个高层技能工具（含RAG）
2026-03-13 13:54:33 - AstroAgent - INFO - ✅ 成功从外部文件读取prompt模板
2026-03-13 13:54:33 - AstroAgent - INFO - ✅ React Agent构建完成
2026-03-13 13:54:33 - AstroAgent - INFO - ✅ AstroAgent初始化完成，使用HTTP方式调用MCP服务器工具（完整会话管理）
2026-03-13 13:54:33 - AstroAgent - INFO - 
=== 处理用户查询：请告诉我今晚最佳观测目标 ===
2026-03-13 13:54:50 - AstroAgent - DEBUG - 调用工具 get_weather，处理后的参数: {'city': '39.9,116.4', 'extensions': 'all'}
2026-03-13 13:54:50 - AstroAgent - DEBUG - 工具响应: {"jsonrpc": "2.0", "id": 1773381290345, "result": {"content": [{"type": "text", "text": "{\"query_city\": \"北京市\", \"extensions\": \"all\", \"raw\": {\"status\": \"1\", \"count\": \"1\", \"info\": \"O
2026-03-13 13:54:50 - AstroAgent - DEBUG - 调用工具 get_weekly_events，处理后的参数: {'start_date': '2026-03-13'}
2026-03-13 13:54:50 - AstroAgent - DEBUG - 工具响应: {"jsonrpc": "2.0", "id": 1773381290481, "result": {"content": [{"type": "text", "text": "🌌 **2026-03-13 至 2026-03-19 一周天象预报**\n\n本周没有特殊天象。\n但你可以关注日常可见的行星和月相变化。\n\n🌙 **本周月相变化**\n• 2026-03-13: 🌗 下弦月\n• 
2026-03-13 13:54:50 - AstroAgent - DEBUG - 调用工具 get_tonight_best，处理后的参数: {}
2026-03-13 13:54:50 - AstroAgent - DEBUG - 工具响应: {"jsonrpc": "2.0", "id": 1773381290510, "result": {"content": [{"type": "text", "text": "🌙 **今晚（2026-03-13）观测指南**\n\n【月相】🌗 下弦月\n  后半夜可见\n\n【可见行星】今晚无明显可见行星\n\n【时间信息】\n  • 日落：10:18\n  • 日出：22:28\n"}], "
2026-03-13 13:55:01 - AstroAgent - ERROR - ❌ 生成响应失败：AstroAgent._init_tools.<locals>.celestial_position_calculator_skill() missing 2 required positional arguments: 'datetime' and 'location'
2026-03-13 13:55:01 - AstroAgent - WARNING - 检测到异常，尝试使用联网搜索降级...
2026-03-13 13:55:01 - AstroAgent - WARNING - 检测到工具调用可能失败，尝试使用联网搜索...
2026-03-13 13:55:01 - AstroAgent - DEBUG - 调用工具 web_search，处理后的参数: {'query': '请告诉我今晚最佳观测目标', 'max_results': 5}
2026-03-13 13:55:07 - AstroAgent - DEBUG - 工具响应: {"jsonrpc": "2.0", "id": 1773381301814, "result": {"content": [{"type": "text", "text": "{\"query\": \"请告诉我今晚最佳观测目标\", \"answer\": \"Tonight's best observation target is the \\\"ONE巅峰系列赛41\\\" MMA eve
2026-03-13 13:55:07 - AstroAgent - INFO - 联网搜索降级方案执行成功
2026-03-13 13:55:09 - AstroAgent - INFO - ✅ 降级搜索成功 | 助手响应长度：754 字符
2026-03-13 13:55:09 - AstroAgent - INFO - 
=== 处理用户查询：请告诉我未来一周的天象 ===
2026-03-13 13:55:17 - AstroAgent - DEBUG - 调用工具 get_weekly_events，处理后的参数: {'start_date': '2026-03-13'}
2026-03-13 13:55:17 - AstroAgent - DEBUG - 工具响应: {"jsonrpc": "2.0", "id": 1773381317776, "result": {"content": [{"type": "text", "text": "🌌 **2026-03-13 至 2026-03-19 一周天象预报**\n\n本周没有特殊天象。\n但你可以关注日常可见的行星和月相变化。\n\n🌙 **本周月相变化**\n• 2026-03-13: 🌗 下弦月\n• 
2026-03-13 13:55:38 - AstroAgent - INFO - ✅ 对话已存入记忆 | 助手响应长度：131 字符
2026-03-13 13:55:38 - AstroAgent - INFO - 
=== 处理用户查询：请告诉我本月的天象 ===
2026-03-13 13:55:47 - AstroAgent - DEBUG - 调用工具 get_weekly_events，处理后的参数: {'start_date': '2026-03-13'}
2026-03-13 13:55:47 - AstroAgent - DEBUG - 工具响应: {"jsonrpc": "2.0", "id": 1773381347767, "result": {"content": [{"type": "text", "text": "🌌 **2026-03-13 至 2026-03-19 一周天象预报**\n\n本周没有特殊天象。\n但你可以关注日常可见的行星和月相变化。\n\n🌙 **本周月相变化**\n• 2026-03-13: 🌗 下弦月\n• 
2026-03-13 13:56:09 - AstroAgent - INFO - ✅ 对话已存入记忆 | 助手响应长度：185 字符
2026-03-13 13:56:09 - AstroAgent - INFO - 
=== 处理用户查询：请告诉我2026年8月的天象 ===
2026-03-13 13:56:17 - AstroAgent - DEBUG - 调用工具 get_weekly_events，处理后的参数: {'start_date': '2026-08-01'}
2026-03-13 13:56:17 - AstroAgent - DEBUG - 工具响应: {"jsonrpc": "2.0", "id": 1773381377940, "result": {"content": [{"type": "text", "text": "🌌 **2026-08-01 至 2026-08-07 一周天象预报**\n\n本周没有特殊天象。\n但你可以关注日常可见的行星和月相变化。\n\n🌙 **本周月相变化**\n• 2026-08-01: 🌖 亏凸月\n• 
2026-03-13 13:56:30 - AstroAgent - DEBUG - 调用工具 get_weekly_events，处理后的参数: {'start_date': '2026-08-01'}
2026-03-13 13:56:30 - AstroAgent - DEBUG - 工具响应: {"jsonrpc": "2.0", "id": 1773381390246, "result": {"content": [{"type": "text", "text": "🌌 **2026-08-01 至 2026-08-07 一周天象预报**\n\n本周没有特殊天象。\n但你可以关注日常可见的行星和月相变化。\n\n🌙 **本周月相变化**\n• 2026-08-01: 🌖 亏凸月\n• 
2026-03-13 13:57:25 - AstroAgent - INFO - ✅ 对话已存入记忆 | 助手响应长度：217 字符
2026-03-13 13:57:25 - AstroAgent - INFO - ✅ HTTP客户端已关闭
2026-03-13 14:00:30 - AstroAgent - INFO - ✅ HTTP客户端已关闭
2026-03-13 14:00:49 - AstroAgent - INFO - ✅ 向量检索已连接：./vector_db
2026-03-13 14:00:49 - AstroAgent - INFO - ✅ BM25 索引已加载: 678 个文档
2026-03-13 14:00:49 - AstroAgent - INFO - ✅ BM25 检索已加载
2026-03-13 14:00:49 - AstroAgent - INFO - ✅ 语言模型 qwen-max 初始化成功
2026-03-13 14:00:49 - AstroAgent - INFO - 正在建立SSE连接...
2026-03-13 14:00:49 - AstroAgent - INFO - ✅ 获取到session ID: c58fc51ac3bd4ceeb7b14e950e0b34a0
2026-03-13 14:00:49 - AstroAgent - INFO - 发送初始化请求...
2026-03-13 14:00:49 - AstroAgent - DEBUG - 初始化成功，服务器信息: {'name': 'Astronomy Server', 'version': '3.1.0'}
2026-03-13 14:00:49 - AstroAgent - INFO - 发送initialized通知...
2026-03-13 14:00:49 - AstroAgent - INFO - 获取工具列表...
2026-03-13 14:00:49 - AstroAgent - INFO - ✅ 从服务器获取到 13 个工具
2026-03-13 14:00:49 - AstroAgent - INFO - ✅ MCP会话初始化成功，会话ID: c58fc51ac3bd4ceeb7b14e950e0b34a0
2026-03-13 14:00:49 - AstroAgent - INFO - ✅ 成功注册 8 个高层技能工具（含RAG）
2026-03-13 14:00:49 - AstroAgent - INFO - ✅ 成功从外部文件读取prompt模板
2026-03-13 14:00:49 - AstroAgent - INFO - ✅ React Agent构建完成
2026-03-13 14:00:49 - AstroAgent - INFO - ✅ AstroAgent初始化完成，使用HTTP方式调用MCP服务器工具（完整会话管理）
2026-03-13 14:00:51 - AstroAgent - INFO - ✅ 向量检索已连接：./vector_db
2026-03-13 14:00:51 - AstroAgent - INFO - ✅ BM25 索引已加载: 678 个文档
2026-03-13 14:00:51 - AstroAgent - INFO - ✅ BM25 检索已加载
2026-03-13 14:00:51 - AstroAgent - INFO - ✅ 语言模型 qwen-max 初始化成功
2026-03-13 14:00:51 - AstroAgent - INFO - 正在建立SSE连接...
2026-03-13 14:00:51 - AstroAgent - INFO - ✅ 获取到session ID: 17252743166e4f0fb5e0ecec0b6761c1
2026-03-13 14:00:51 - AstroAgent - INFO - 发送初始化请求...
2026-03-13 14:00:52 - AstroAgent - DEBUG - 初始化成功，服务器信息: {'name': 'Astronomy Server', 'version': '3.1.0'}
2026-03-13 14:00:52 - AstroAgent - INFO - 发送initialized通知...
2026-03-13 14:00:52 - AstroAgent - INFO - 获取工具列表...
2026-03-13 14:00:52 - AstroAgent - INFO - ✅ 从服务器获取到 13 个工具
2026-03-13 14:00:52 - AstroAgent - INFO - ✅ MCP会话初始化成功，会话ID: 17252743166e4f0fb5e0ecec0b6761c1
2026-03-13 14:00:52 - AstroAgent - INFO - ✅ 成功注册 8 个高层技能工具（含RAG）
2026-03-13 14:00:52 - AstroAgent - INFO - ✅ 成功从外部文件读取prompt模板
2026-03-13 14:00:52 - AstroAgent - INFO - ✅ React Agent构建完成
2026-03-13 14:00:52 - AstroAgent - INFO - ✅ AstroAgent初始化完成，使用HTTP方式调用MCP服务器工具（完整会话管理）
2026-03-13 14:00:52 - AstroAgent - INFO - ✅ 向量检索已连接：./vector_db
2026-03-13 14:00:52 - AstroAgent - INFO - ✅ BM25 索引已加载: 678 个文档
2026-03-13 14:00:52 - AstroAgent - INFO - ✅ BM25 检索已加载
2026-03-13 14:00:52 - AstroAgent - INFO - ✅ 语言模型 qwen-max 初始化成功
2026-03-13 14:00:52 - AstroAgent - INFO - 正在建立SSE连接...
2026-03-13 14:00:52 - AstroAgent - INFO - ✅ 获取到session ID: 61b9916c246f4556a5a3f35431e904b8
2026-03-13 14:00:52 - AstroAgent - INFO - 发送初始化请求...
2026-03-13 14:00:52 - AstroAgent - DEBUG - 初始化成功，服务器信息: {'name': 'Astronomy Server', 'version': '3.1.0'}
2026-03-13 14:00:52 - AstroAgent - INFO - 发送initialized通知...
2026-03-13 14:00:52 - AstroAgent - INFO - 获取工具列表...
2026-03-13 14:00:52 - AstroAgent - INFO - ✅ 从服务器获取到 13 个工具
2026-03-13 14:00:52 - AstroAgent - INFO - ✅ MCP会话初始化成功，会话ID: 61b9916c246f4556a5a3f35431e904b8
2026-03-13 14:00:52 - AstroAgent - INFO - ✅ 成功注册 8 个高层技能工具（含RAG）
2026-03-13 14:00:52 - AstroAgent - INFO - ✅ 成功从外部文件读取prompt模板
2026-03-13 14:00:52 - AstroAgent - INFO - ✅ React Agent构建完成
2026-03-13 14:00:52 - AstroAgent - INFO - ✅ AstroAgent初始化完成，使用HTTP方式调用MCP服务器工具（完整会话管理）
2026-03-13 14:01:00 - AstroAgent - INFO - ✅ 向量检索已连接：./vector_db
2026-03-13 14:01:00 - AstroAgent - INFO - ✅ BM25 索引已加载: 678 个文档
2026-03-13 14:01:00 - AstroAgent - INFO - ✅ BM25 检索已加载
2026-03-13 14:01:00 - AstroAgent - INFO - ✅ 语言模型 qwen-max 初始化成功
2026-03-13 14:01:00 - AstroAgent - INFO - 正在建立SSE连接...
2026-03-13 14:01:00 - AstroAgent - INFO - ✅ 获取到session ID: f11710ae09674bbf86cfcf447473b007
2026-03-13 14:01:00 - AstroAgent - INFO - 发送初始化请求...
2026-03-13 14:01:00 - AstroAgent - DEBUG - 初始化成功，服务器信息: {'name': 'Astronomy Server', 'version': '3.1.0'}
2026-03-13 14:01:00 - AstroAgent - INFO - 发送initialized通知...
2026-03-13 14:01:00 - AstroAgent - INFO - 获取工具列表...
2026-03-13 14:01:00 - AstroAgent - INFO - ✅ 从服务器获取到 13 个工具
2026-03-13 14:01:00 - AstroAgent - INFO - ✅ MCP会话初始化成功，会话ID: f11710ae09674bbf86cfcf447473b007
2026-03-13 14:01:00 - AstroAgent - INFO - ✅ 成功注册 8 个高层技能工具（含RAG）
2026-03-13 14:01:00 - AstroAgent - INFO - ✅ 成功从外部文件读取prompt模板
2026-03-13 14:01:00 - AstroAgent - INFO - ✅ React Agent构建完成
2026-03-13 14:01:00 - AstroAgent - INFO - ✅ AstroAgent初始化完成，使用HTTP方式调用MCP服务器工具（完整会话管理）
2026-03-13 14:01:05 - AstroAgent - INFO - 
=== 处理用户查询：铁岭天气如何 ===
2026-03-13 14:01:11 - AstroAgent - DEBUG - 调用工具 get_weather，处理后的参数: {'city': '铁岭', 'extensions': 'all'}
2026-03-13 14:01:11 - AstroAgent - DEBUG - 工具响应: {"jsonrpc": "2.0", "id": 1773381671047, "result": {"content": [{"type": "text", "text": "{\"query_city\": \"铁岭\", \"extensions\": \"all\", \"raw\": {\"status\": \"1\", \"count\": \"2\", \"info\": \"OK
2026-03-13 14:01:11 - AstroAgent - DEBUG - 调用工具 get_weekly_events，处理后的参数: {'start_date': '2026-03-13'}
2026-03-13 14:01:11 - AstroAgent - DEBUG - 工具响应: {"jsonrpc": "2.0", "id": 1773381671120, "result": {"content": [{"type": "text", "text": "🌌 **2026-03-13 至 2026-03-19 一周天象预报**\n\n本周没有特殊天象。\n但你可以关注日常可见的行星和月相变化。\n\n🌙 **本周月相变化**\n• 2026-03-13: 🌗 下弦月\n• 
2026-03-13 14:01:11 - AstroAgent - DEBUG - 调用工具 get_tonight_best，处理后的参数: {}
2026-03-13 14:01:11 - AstroAgent - DEBUG - 工具响应: {"jsonrpc": "2.0", "id": 1773381671154, "result": {"content": [{"type": "text", "text": "🌙 **今晚（2026-03-13）观测指南**\n\n【月相】🌗 下弦月\n  后半夜可见\n\n【可见行星】今晚无明显可见行星\n\n【时间信息】\n  • 日落：10:18\n  • 日出：22:28\n"}], "
2026-03-13 14:01:36 - AstroAgent - INFO - ✅ 对话已存入记忆 | 助手响应长度：184 字符
2026-03-13 14:02:10 - AstroAgent - INFO - ✅ HTTP客户端已关闭
2026-03-13 14:05:18 - AstroAgent - INFO - ✅ 向量检索已连接：./vector_db
2026-03-13 14:05:18 - AstroAgent - INFO - ✅ BM25 索引已加载: 678 个文档
2026-03-13 14:05:18 - AstroAgent - INFO - ✅ BM25 检索已加载
2026-03-13 14:05:18 - AstroAgent - INFO - ✅ 语言模型 qwen-max 初始化成功
2026-03-13 14:05:18 - AstroAgent - INFO - 正在建立SSE连接...
2026-03-13 14:05:18 - AstroAgent - INFO - ✅ 获取到session ID: 2b1369e38f544c04b590da31c7f25b00
2026-03-13 14:05:18 - AstroAgent - INFO - 发送初始化请求...
2026-03-13 14:05:18 - AstroAgent - DEBUG - 初始化成功，服务器信息: {'name': 'Astronomy Server', 'version': '3.1.0'}
2026-03-13 14:05:18 - AstroAgent - INFO - 发送initialized通知...
2026-03-13 14:05:18 - AstroAgent - INFO - 获取工具列表...
2026-03-13 14:05:18 - AstroAgent - INFO - ✅ 从服务器获取到 13 个工具
2026-03-13 14:05:18 - AstroAgent - INFO - ✅ MCP会话初始化成功，会话ID: 2b1369e38f544c04b590da31c7f25b00
2026-03-13 14:05:18 - AstroAgent - INFO - ✅ 成功注册 8 个高层技能工具（含RAG）
2026-03-13 14:05:18 - AstroAgent - INFO - ✅ 成功从外部文件读取prompt模板
2026-03-13 14:05:18 - AstroAgent - INFO - ✅ React Agent构建完成
2026-03-13 14:05:18 - AstroAgent - INFO - ✅ AstroAgent初始化完成，使用HTTP方式调用MCP服务器工具（完整会话管理）
2026-03-13 14:05:18 - AstroAgent - INFO - ✅ 向量检索已连接：./vector_db
2026-03-13 14:05:18 - AstroAgent - INFO - ✅ BM25 索引已加载: 678 个文档
2026-03-13 14:05:18 - AstroAgent - INFO - ✅ BM25 检索已加载
2026-03-13 14:05:18 - AstroAgent - INFO - ✅ 语言模型 qwen-max 初始化成功
2026-03-13 14:05:18 - AstroAgent - INFO - 正在建立SSE连接...
2026-03-13 14:05:18 - AstroAgent - INFO - ✅ 获取到session ID: 08b163efd3b94445a03cd0e649284e55
2026-03-13 14:05:18 - AstroAgent - INFO - 发送初始化请求...
2026-03-13 14:05:18 - AstroAgent - DEBUG - 初始化成功，服务器信息: {'name': 'Astronomy Server', 'version': '3.1.0'}
2026-03-13 14:05:18 - AstroAgent - INFO - 发送initialized通知...
2026-03-13 14:05:18 - AstroAgent - INFO - 获取工具列表...
2026-03-13 14:05:18 - AstroAgent - INFO - ✅ 从服务器获取到 13 个工具
2026-03-13 14:05:18 - AstroAgent - INFO - ✅ MCP会话初始化成功，会话ID: 08b163efd3b94445a03cd0e649284e55
2026-03-13 14:05:18 - AstroAgent - INFO - ✅ 成功注册 8 个高层技能工具（含RAG）
2026-03-13 14:05:18 - AstroAgent - INFO - ✅ 成功从外部文件读取prompt模板
2026-03-13 14:05:18 - AstroAgent - INFO - ✅ React Agent构建完成
2026-03-13 14:05:18 - AstroAgent - INFO - ✅ AstroAgent初始化完成，使用HTTP方式调用MCP服务器工具（完整会话管理）
2026-03-13 14:12:00 - AstroAgent - INFO - ✅ 向量检索已连接：./vector_db
2026-03-13 14:12:00 - AstroAgent - INFO - ✅ BM25 索引已加载: 678 个文档
2026-03-13 14:12:00 - AstroAgent - INFO - ✅ BM25 检索已加载
2026-03-13 14:12:00 - AstroAgent - INFO - ✅ 语言模型 qwen-max 初始化成功
2026-03-13 14:12:00 - AstroAgent - INFO - 正在建立SSE连接...
2026-03-13 14:12:00 - AstroAgent - INFO - ✅ 获取到session ID: 06ca9c9cea4146cdade01428b96a35e9
2026-03-13 14:12:00 - AstroAgent - INFO - 发送初始化请求...
2026-03-13 14:12:00 - AstroAgent - DEBUG - 初始化成功，服务器信息: {'name': 'Astronomy Server', 'version': '3.1.0'}
2026-03-13 14:12:00 - AstroAgent - INFO - 发送initialized通知...
2026-03-13 14:12:00 - AstroAgent - INFO - 获取工具列表...
2026-03-13 14:12:00 - AstroAgent - INFO - ✅ 从服务器获取到 13 个工具
2026-03-13 14:12:00 - AstroAgent - INFO - ✅ MCP会话初始化成功，会话ID: 06ca9c9cea4146cdade01428b96a35e9
2026-03-13 14:12:00 - AstroAgent - INFO - ✅ 成功注册 8 个高层技能工具（含RAG）
2026-03-13 14:12:00 - AstroAgent - INFO - ✅ 成功从外部文件读取prompt模板
2026-03-13 14:12:00 - AstroAgent - INFO - ✅ React Agent构建完成
2026-03-13 14:12:00 - AstroAgent - INFO - ✅ AstroAgent初始化完成，使用HTTP方式调用MCP服务器工具（完整会话管理）
2026-03-13 14:12:03 - AstroAgent - INFO - 
=== 处理用户查询：铁岭天气如何 ===
2026-03-13 14:12:09 - AstroAgent - DEBUG - 调用工具 get_weather，处理后的参数: {'city': '{"city": "铁岭"}', 'extensions': 'all'}
2026-03-13 14:12:09 - AstroAgent - DEBUG - 工具响应: {"jsonrpc": "2.0", "id": 1773382329343, "result": {"content": [{"type": "text", "text": "{\"query_city\": \"铁岭\", \"extensions\": \"all\", \"raw\": {\"status\": \"1\", \"count\": \"2\", \"info\": \"OK
2026-03-13 14:12:29 - AstroAgent - INFO - ✅ 对话已存入记忆 | 助手响应长度：122 字符
2026-03-13 14:13:35 - AstroAgent - INFO - 
=== 处理用户查询：铁岭今晚观星指南 ===
2026-03-13 14:13:44 - AstroAgent - DEBUG - 调用工具 get_weather，处理后的参数: {'city': '铁岭', 'extensions': 'all'}
2026-03-13 14:13:44 - AstroAgent - DEBUG - 工具响应: {"jsonrpc": "2.0", "id": 1773382424793, "result": {"content": [{"type": "text", "text": "{\"query_city\": \"铁岭\", \"extensions\": \"all\", \"raw\": {\"status\": \"1\", \"count\": \"2\", \"info\": \"OK
2026-03-13 14:13:44 - AstroAgent - DEBUG - 调用工具 get_weekly_events，处理后的参数: {'start_date': '2026-03-13'}
2026-03-13 14:13:44 - AstroAgent - DEBUG - 工具响应: {"jsonrpc": "2.0", "id": 1773382424861, "result": {"content": [{"type": "text", "text": "🌌 **2026-03-13 至 2026-03-19 一周天象预报**\n\n本周没有特殊天象。\n但你可以关注日常可见的行星和月相变化。\n\n🌙 **本周月相变化**\n• 2026-03-13: 🌗 下弦月\n• 
2026-03-13 14:13:44 - AstroAgent - DEBUG - 调用工具 get_tonight_best，处理后的参数: {}
2026-03-13 14:13:44 - AstroAgent - DEBUG - 工具响应: {"jsonrpc": "2.0", "id": 1773382424899, "result": {"content": [{"type": "text", "text": "🌙 **今晚（2026-03-13）观测指南**\n\n【月相】🌗 下弦月\n  后半夜可见\n\n【可见行星】今晚无明显可见行星\n\n【时间信息】\n  • 日落：10:18\n  • 日出：22:28\n"}], "
2026-03-13 14:14:15 - AstroAgent - INFO - ✅ 对话已存入记忆 | 助手响应长度：496 字符
2026-03-13 14:20:05 - AstroAgent - INFO - ✅ HTTP客户端已关闭
2026-03-13 14:21:40 - AstroAgent - INFO - ✅ 向量检索已连接：./vector_db
2026-03-13 14:21:40 - AstroAgent - INFO - ✅ BM25 索引已加载: 678 个文档
2026-03-13 14:21:40 - AstroAgent - INFO - ✅ BM25 检索已加载
2026-03-13 14:21:40 - AstroAgent - INFO - ✅ 语言模型 qwen-max 初始化成功
2026-03-13 14:21:40 - AstroAgent - INFO - 正在建立SSE连接...
2026-03-13 14:21:40 - AstroAgent - INFO - ✅ 获取到session ID: acccf3f0b0c14829a6f41619b88a9e67
2026-03-13 14:21:40 - AstroAgent - INFO - 发送初始化请求...
2026-03-13 14:21:40 - AstroAgent - DEBUG - 初始化成功，服务器信息: {'name': 'Astronomy Server', 'version': '3.1.0'}
2026-03-13 14:21:40 - AstroAgent - INFO - 发送initialized通知...
2026-03-13 14:21:40 - AstroAgent - INFO - 获取工具列表...
2026-03-13 14:21:40 - AstroAgent - INFO - ✅ 从服务器获取到 13 个工具
2026-03-13 14:21:40 - AstroAgent - INFO - ✅ MCP会话初始化成功，会话ID: acccf3f0b0c14829a6f41619b88a9e67
2026-03-13 14:21:40 - AstroAgent - INFO - ✅ 成功注册 8 个高层技能工具（含RAG）
2026-03-13 14:21:40 - AstroAgent - INFO - ✅ 成功从外部文件读取prompt模板
2026-03-13 14:21:40 - AstroAgent - INFO - ✅ React Agent构建完成
2026-03-13 14:21:40 - AstroAgent - INFO - ✅ AstroAgent初始化完成，使用HTTP方式调用MCP服务器工具（完整会话管理）
2026-03-13 14:21:40 - AstroAgent - INFO - ✅ 向量检索已连接：./vector_db
2026-03-13 14:21:40 - AstroAgent - INFO - ✅ BM25 索引已加载: 678 个文档
2026-03-13 14:21:40 - AstroAgent - INFO - ✅ BM25 检索已加载
2026-03-13 14:21:40 - AstroAgent - INFO - ✅ 语言模型 qwen-max 初始化成功
2026-03-13 14:21:40 - AstroAgent - INFO - 正在建立SSE连接...
2026-03-13 14:21:40 - AstroAgent - INFO - ✅ 获取到session ID: 26f7a660c8784c06a6bdf236984158a1
2026-03-13 14:21:40 - AstroAgent - INFO - 发送初始化请求...
2026-03-13 14:21:40 - AstroAgent - DEBUG - 初始化成功，服务器信息: {'name': 'Astronomy Server', 'version': '3.1.0'}
2026-03-13 14:21:40 - AstroAgent - INFO - 发送initialized通知...
2026-03-13 14:21:40 - AstroAgent - INFO - 获取工具列表...
2026-03-13 14:21:40 - AstroAgent - INFO - ✅ 从服务器获取到 13 个工具
2026-03-13 14:21:40 - AstroAgent - INFO - ✅ MCP会话初始化成功，会话ID: 26f7a660c8784c06a6bdf236984158a1
2026-03-13 14:21:40 - AstroAgent - INFO - ✅ 成功注册 8 个高层技能工具（含RAG）
2026-03-13 14:21:40 - AstroAgent - INFO - ✅ 成功从外部文件读取prompt模板
2026-03-13 14:21:40 - AstroAgent - INFO - ✅ React Agent构建完成
2026-03-13 14:21:40 - AstroAgent - INFO - ✅ AstroAgent初始化完成，使用HTTP方式调用MCP服务器工具（完整会话管理）
2026-03-13 14:39:11 - AstroAgent - INFO - ✅ 向量检索已连接：./vector_db
2026-03-13 14:39:11 - AstroAgent - INFO - ✅ BM25 索引已加载: 678 个文档
2026-03-13 14:39:11 - AstroAgent - INFO - ✅ BM25 检索已加载
2026-03-13 14:39:11 - AstroAgent - INFO - ✅ 语言模型 qwen-max 初始化成功
2026-03-13 14:39:11 - AstroAgent - INFO - 正在建立SSE连接...
2026-03-13 14:39:11 - AstroAgent - INFO - ✅ 获取到session ID: 138084c9880d4645880b8789db76fc31
2026-03-13 14:39:11 - AstroAgent - INFO - 发送初始化请求...
2026-03-13 14:39:11 - AstroAgent - DEBUG - 初始化成功，服务器信息: {'name': 'Astronomy Server', 'version': '3.1.0'}
2026-03-13 14:39:11 - AstroAgent - INFO - 发送initialized通知...
2026-03-13 14:39:11 - AstroAgent - INFO - 获取工具列表...
2026-03-13 14:39:11 - AstroAgent - INFO - ✅ 从服务器获取到 13 个工具
2026-03-13 14:39:11 - AstroAgent - INFO - ✅ MCP会话初始化成功，会话ID: 138084c9880d4645880b8789db76fc31
2026-03-13 14:39:11 - AstroAgent - INFO - ✅ 成功注册 8 个高层技能工具（含RAG）
2026-03-13 14:39:11 - AstroAgent - INFO - ✅ 成功从外部文件读取prompt模板
2026-03-13 14:39:11 - AstroAgent - INFO - ✅ React Agent构建完成
2026-03-13 14:39:11 - AstroAgent - INFO - ✅ AstroAgent初始化完成，使用HTTP方式调用MCP服务器工具（完整会话管理）
2026-03-13 14:39:25 - AstroAgent - INFO - 
=== 处理用户查询：铁岭观星指南 ===
2026-03-13 14:39:37 - AstroAgent - DEBUG - 调用工具 get_weather，处理后的参数: {'city': '铁岭', 'extensions': 'all'}
2026-03-13 14:39:37 - AstroAgent - DEBUG - 工具响应: {"jsonrpc": "2.0", "id": 1773383977187, "result": {"content": [{"type": "text", "text": "{\"query_city\": \"铁岭\", \"extensions\": \"all\", \"raw\": {\"status\": \"1\", \"count\": \"2\", \"info\": \"OK
2026-03-13 14:39:37 - AstroAgent - DEBUG - 调用工具 get_weekly_events，处理后的参数: {'start_date': '2026-03-13'}
2026-03-13 14:39:37 - AstroAgent - DEBUG - 工具响应: {"jsonrpc": "2.0", "id": 1773383977252, "result": {"content": [{"type": "text", "text": "🌌 **2026-03-13 至 2026-03-19 一周天象预报**\n\n本周没有特殊天象。\n但你可以关注日常可见的行星和月相变化。\n\n🌙 **本周月相变化**\n• 2026-03-13: 🌗 下弦月\n• 
2026-03-13 14:39:37 - AstroAgent - DEBUG - 调用工具 get_tonight_best，处理后的参数: {}
2026-03-13 14:39:37 - AstroAgent - DEBUG - 工具响应: {"jsonrpc": "2.0", "id": 1773383977282, "result": {"content": [{"type": "text", "text": "🌙 **今晚（2026-03-13）观测指南**\n\n【月相】🌗 下弦月\n  后半夜可见\n\n【可见行星】今晚无明显可见行星\n\n【时间信息】\n  • 日落：10:18\n  • 日出：22:28\n"}], "
2026-03-13 14:40:28 - AstroAgent - INFO - ✅ 对话已存入记忆 | 助手响应长度：398 字符
2026-03-13 14:44:06 - AstroAgent - INFO - ✅ HTTP客户端已关闭
2026-03-13 15:01:00 - AstroAgent - INFO - ✅ 向量检索已连接：./vector_db
2026-03-13 15:01:00 - AstroAgent - INFO - ✅ BM25 索引已加载: 678 个文档
2026-03-13 15:01:00 - AstroAgent - INFO - ✅ BM25 检索已加载
2026-03-13 15:01:00 - AstroAgent - INFO - ✅ 语言模型 qwen-max 初始化成功
2026-03-13 15:01:00 - AstroAgent - INFO - 正在建立SSE连接...
2026-03-13 15:01:00 - AstroAgent - INFO - ✅ 获取到session ID: e3e88e8a581946e9b01aefe5307bf56f
2026-03-13 15:01:00 - AstroAgent - INFO - 发送初始化请求...
2026-03-13 15:01:00 - AstroAgent - DEBUG - 初始化成功，服务器信息: {'name': 'Astronomy Server', 'version': '3.1.0'}
2026-03-13 15:01:00 - AstroAgent - INFO - 发送initialized通知...
2026-03-13 15:01:00 - AstroAgent - INFO - 获取工具列表...
2026-03-13 15:01:00 - AstroAgent - INFO - ✅ 从服务器获取到 13 个工具
2026-03-13 15:01:00 - AstroAgent - INFO - ✅ MCP会话初始化成功，会话ID: e3e88e8a581946e9b01aefe5307bf56f
2026-03-13 15:01:00 - AstroAgent - INFO - ✅ 成功注册 8 个高层技能工具（含RAG）
2026-03-13 15:01:00 - AstroAgent - INFO - ✅ 成功从外部文件读取prompt模板
2026-03-13 15:01:00 - AstroAgent - INFO - ✅ React Agent构建完成
2026-03-13 15:01:00 - AstroAgent - INFO - ✅ AstroAgent初始化完成，使用HTTP方式调用MCP服务器工具（完整会话管理）
2026-03-13 15:01:00 - AstroAgent - INFO - ✅ 向量检索已连接：./vector_db
2026-03-13 15:01:00 - AstroAgent - INFO - ✅ BM25 索引已加载: 678 个文档
2026-03-13 15:01:00 - AstroAgent - INFO - ✅ BM25 检索已加载
2026-03-13 15:01:00 - AstroAgent - INFO - ✅ 语言模型 qwen-max 初始化成功
2026-03-13 15:01:00 - AstroAgent - INFO - 正在建立SSE连接...
2026-03-13 15:01:00 - AstroAgent - INFO - ✅ 获取到session ID: 5cfb8adcd4594052a4e75c93427f6900
2026-03-13 15:01:00 - AstroAgent - INFO - 发送初始化请求...
2026-03-13 15:01:00 - AstroAgent - DEBUG - 初始化成功，服务器信息: {'name': 'Astronomy Server', 'version': '3.1.0'}
2026-03-13 15:01:00 - AstroAgent - INFO - 发送initialized通知...
2026-03-13 15:01:00 - AstroAgent - INFO - 获取工具列表...
2026-03-13 15:01:00 - AstroAgent - INFO - ✅ 从服务器获取到 13 个工具
2026-03-13 15:01:00 - AstroAgent - INFO - ✅ MCP会话初始化成功，会话ID: 5cfb8adcd4594052a4e75c93427f6900
2026-03-13 15:01:00 - AstroAgent - INFO - ✅ 成功注册 8 个高层技能工具（含RAG）
2026-03-13 15:01:00 - AstroAgent - INFO - ✅ 成功从外部文件读取prompt模板
2026-03-13 15:01:00 - AstroAgent - INFO - ✅ React Agent构建完成
2026-03-13 15:01:00 - AstroAgent - INFO - ✅ AstroAgent初始化完成，使用HTTP方式调用MCP服务器工具（完整会话管理）
2026-03-13 15:01:38 - AstroAgent - INFO - ✅ 向量检索已连接：./vector_db
2026-03-13 15:01:38 - AstroAgent - INFO - ✅ BM25 索引已加载: 678 个文档
2026-03-13 15:01:38 - AstroAgent - INFO - ✅ BM25 检索已加载
2026-03-13 15:01:38 - AstroAgent - INFO - ✅ 语言模型 qwen-max 初始化成功
2026-03-13 15:01:38 - AstroAgent - INFO - 正在建立SSE连接...
2026-03-13 15:01:38 - AstroAgent - INFO - ✅ 获取到session ID: 58d2acc6f05944dbb7408a38be486017
2026-03-13 15:01:38 - AstroAgent - INFO - 发送初始化请求...
2026-03-13 15:01:38 - AstroAgent - DEBUG - 初始化成功，服务器信息: {'name': 'Astronomy Server', 'version': '3.1.0'}
2026-03-13 15:01:38 - AstroAgent - INFO - 发送initialized通知...
2026-03-13 15:01:38 - AstroAgent - INFO - 获取工具列表...
2026-03-13 15:01:38 - AstroAgent - INFO - ✅ 从服务器获取到 13 个工具
2026-03-13 15:01:38 - AstroAgent - INFO - ✅ MCP会话初始化成功，会话ID: 58d2acc6f05944dbb7408a38be486017
2026-03-13 15:01:39 - AstroAgent - INFO - ✅ HTTP客户端已关闭
2026-03-13 15:03:36 - AstroAgent - INFO - ✅ 向量检索已连接：./vector_db
2026-03-13 15:03:36 - AstroAgent - INFO - ✅ BM25 索引已加载: 678 个文档
2026-03-13 15:03:36 - AstroAgent - INFO - ✅ BM25 检索已加载
2026-03-13 15:03:36 - AstroAgent - INFO - ✅ 语言模型 qwen-max 初始化成功
2026-03-13 15:03:36 - AstroAgent - INFO - 正在建立SSE连接...
2026-03-13 15:03:36 - AstroAgent - INFO - ✅ 获取到session ID: 527a66fff623491e89624c04d6156ab8
2026-03-13 15:03:36 - AstroAgent - INFO - 发送初始化请求...
2026-03-13 15:03:36 - AstroAgent - DEBUG - 初始化成功，服务器信息: {'name': 'Astronomy Server', 'version': '3.1.0'}
2026-03-13 15:03:36 - AstroAgent - INFO - 发送initialized通知...
2026-03-13 15:03:36 - AstroAgent - INFO - 获取工具列表...
2026-03-13 15:03:36 - AstroAgent - INFO - ✅ 从服务器获取到 13 个工具
2026-03-13 15:03:36 - AstroAgent - INFO - ✅ MCP会话初始化成功，会话ID: 527a66fff623491e89624c04d6156ab8
2026-03-13 15:03:39 - AstroAgent - INFO - ✅ HTTP客户端已关闭
2026-03-13 15:08:56 - AstroAgent - INFO - ✅ 向量检索已连接：./vector_db
2026-03-13 15:08:56 - AstroAgent - INFO - ✅ BM25 索引已加载: 678 个文档
2026-03-13 15:08:56 - AstroAgent - INFO - ✅ BM25 检索已加载
2026-03-13 15:08:56 - AstroAgent - INFO - ✅ 语言模型 qwen-max 初始化成功
2026-03-13 15:12:13 - AstroAgent - INFO - ✅ 向量检索已连接：./vector_db
2026-03-13 15:12:13 - AstroAgent - INFO - ✅ BM25 索引已加载: 678 个文档
2026-03-13 15:12:13 - AstroAgent - INFO - ✅ BM25 检索已加载
2026-03-13 15:12:13 - AstroAgent - INFO - ✅ 语言模型 qwen-max 初始化成功
2026-03-13 15:12:59 - AstroAgent - INFO - ✅ 向量检索已连接：./vector_db
2026-03-13 15:12:59 - AstroAgent - INFO - ✅ BM25 索引已加载: 678 个文档
2026-03-13 15:12:59 - AstroAgent - INFO - ✅ BM25 检索已加载
2026-03-13 15:12:59 - AstroAgent - INFO - ✅ 语言模型 qwen-max 初始化成功
2026-03-13 15:13:17 - AstroAgent - INFO - ✅ 向量检索已连接：./vector_db
2026-03-13 15:13:17 - AstroAgent - INFO - ✅ BM25 索引已加载: 678 个文档
2026-03-13 15:13:17 - AstroAgent - INFO - ✅ BM25 检索已加载
2026-03-13 15:13:17 - AstroAgent - INFO - ✅ 语言模型 qwen-max 初始化成功
2026-03-13 15:14:02 - AstroAgent - INFO - ✅ 向量检索已连接：./vector_db
2026-03-13 15:14:03 - AstroAgent - INFO - ✅ BM25 索引已加载: 678 个文档
2026-03-13 15:14:03 - AstroAgent - INFO - ✅ BM25 检索已加载
2026-03-13 15:14:03 - AstroAgent - INFO - ✅ 语言模型 qwen-max 初始化成功
2026-03-13 15:14:03 - AstroAgent - INFO - 正在建立SSE连接...
2026-03-13 15:14:03 - AstroAgent - INFO - ✅ 获取到session ID: c5ff3ceace77494baebb74b6bfafa073
2026-03-13 15:14:03 - AstroAgent - DEBUG - 初始化成功，服务器信息: {'name': 'Astronomy Server', 'version': '3.1.0'}
2026-03-13 15:14:03 - AstroAgent - INFO - 获取工具列表...
2026-03-13 15:14:03 - AstroAgent - INFO - ✅ 从服务器获取到 13 个工具
2026-03-13 15:14:03 - AstroAgent - INFO - ✅ MCP会话初始化成功，会话ID: c5ff3ceace77494baebb74b6bfafa073
2026-03-13 15:14:03 - AstroAgent - INFO - ✅ 成功注册 8 个高层技能工具（含RAG）
2026-03-13 15:14:03 - AstroAgent - INFO - ✅ 成功从外部文件读取prompt模板
2026-03-13 15:14:03 - AstroAgent - INFO - ✅ React Agent构建完成
2026-03-13 15:14:03 - AstroAgent - INFO - ✅ AstroAgent初始化完成，通过Skill层调用MCP工具
2026-03-13 15:14:03 - AstroAgent - INFO - ✅ 向量检索已连接：./vector_db
2026-03-13 15:14:03 - AstroAgent - INFO - ✅ BM25 索引已加载: 678 个文档
2026-03-13 15:14:03 - AstroAgent - INFO - ✅ BM25 检索已加载
2026-03-13 15:14:03 - AstroAgent - INFO - ✅ 语言模型 qwen-max 初始化成功
2026-03-13 15:14:03 - AstroAgent - INFO - 正在建立SSE连接...
2026-03-13 15:14:03 - AstroAgent - INFO - ✅ 获取到session ID: 2db74c005bc44e518bb899c172364d0a
2026-03-13 15:14:03 - AstroAgent - DEBUG - 初始化成功，服务器信息: {'name': 'Astronomy Server', 'version': '3.1.0'}
2026-03-13 15:14:03 - AstroAgent - INFO - 获取工具列表...
2026-03-13 15:14:03 - AstroAgent - INFO - ✅ 从服务器获取到 13 个工具
2026-03-13 15:14:03 - AstroAgent - INFO - ✅ MCP会话初始化成功，会话ID: 2db74c005bc44e518bb899c172364d0a
2026-03-13 15:14:03 - AstroAgent - INFO - ✅ 成功注册 8 个高层技能工具（含RAG）
2026-03-13 15:14:03 - AstroAgent - INFO - ✅ 成功从外部文件读取prompt模板
2026-03-13 15:14:03 - AstroAgent - INFO - ✅ React Agent构建完成
2026-03-13 15:14:03 - AstroAgent - INFO - ✅ AstroAgent初始化完成，通过Skill层调用MCP工具
2026-03-13 15:14:15 - AstroAgent - INFO - 正在建立SSE连接...
2026-03-13 15:14:15 - AstroAgent - INFO - ✅ 获取到session ID: 6506bab4cdad455aa8b08e0e6e18c4d7
2026-03-13 15:14:15 - AstroAgent - DEBUG - 初始化成功，服务器信息: {'name': 'Astronomy Server', 'version': '3.1.0'}
2026-03-13 15:14:15 - AstroAgent - INFO - 获取工具列表...
2026-03-13 15:14:15 - AstroAgent - INFO - ✅ 从服务器获取到 13 个工具
2026-03-13 15:14:15 - AstroAgent - INFO - ✅ MCP会话初始化成功，会话ID: 6506bab4cdad455aa8b08e0e6e18c4d7
2026-03-13 15:16:07 - AstroAgent - INFO - ✅ 向量检索已连接：./vector_db
2026-03-13 15:16:08 - AstroAgent - INFO - ✅ BM25 索引已加载: 678 个文档
2026-03-13 15:16:08 - AstroAgent - INFO - ✅ BM25 检索已加载
2026-03-13 15:16:08 - AstroAgent - INFO - ✅ 语言模型 qwen-max 初始化成功
2026-03-13 15:16:08 - AstroAgent - INFO - 正在建立SSE连接...
2026-03-13 15:16:08 - AstroAgent - INFO - ✅ 获取到session ID: 6568d11335424503bfb48671c714f82d
2026-03-13 15:16:08 - AstroAgent - DEBUG - 初始化成功，服务器信息: {'name': 'Astronomy Server', 'version': '3.1.0'}
2026-03-13 15:16:08 - AstroAgent - INFO - 获取工具列表...
2026-03-13 15:16:08 - AstroAgent - INFO - ✅ 从服务器获取到 13 个工具
2026-03-13 15:16:08 - AstroAgent - INFO - ✅ MCP会话初始化成功，会话ID: 6568d11335424503bfb48671c714f82d
2026-03-13 15:16:08 - AstroAgent - INFO - ✅ 成功注册 8 个高层技能工具（含RAG）
2026-03-13 15:16:08 - AstroAgent - INFO - ✅ 成功从外部文件读取prompt模板
2026-03-13 15:16:08 - AstroAgent - INFO - ✅ React Agent构建完成
2026-03-13 15:16:08 - AstroAgent - INFO - ✅ AstroAgent初始化完成，通过Skill层调用MCP工具
2026-03-13 15:16:08 - AstroAgent - INFO - 
=== 处理用户查询：请告诉我今晚最佳观测目标 ===
2026-03-13 15:16:20 - AstroAgent - DEBUG - 调用工具 get_weather，处理后的参数: {'city': '39.9,116.4', 'extensions': 'all'}
2026-03-13 15:16:20 - AstroAgent - DEBUG - 工具响应: {"jsonrpc": "2.0", "id": 1773386180037, "result": {"content": [{"type": "text", "text": "{\"query_city\": \"北京市\", \"extensions\": \"all\", \"raw\": {\"status\": \"1\", \"count\": \"1\", \"info\": \"O
2026-03-13 15:16:20 - AstroAgent - DEBUG - 调用工具 get_weekly_events，处理后的参数: {'start_date': '2026-03-13'}
2026-03-13 15:16:20 - AstroAgent - DEBUG - 工具响应: {"jsonrpc": "2.0", "id": 1773386180160, "result": {"content": [{"type": "text", "text": "🌌 **2026-03-13 至 2026-03-19 一周天象预报**\n\n本周没有特殊天象。\n但你可以关注日常可见的行星和月相变化。\n\n🌙 **本周月相变化**\n• 2026-03-13: 🌗 下弦月\n• 
2026-03-13 15:16:20 - AstroAgent - DEBUG - 调用工具 get_tonight_best，处理后的参数: {}
2026-03-13 15:16:20 - AstroAgent - DEBUG - 工具响应: {"jsonrpc": "2.0", "id": 1773386180190, "result": {"content": [{"type": "text", "text": "🌙 **今晚（2026-03-13）观测指南**\n\n【月相】🌗 下弦月\n  后半夜可见\n\n【可见行星】今晚无明显可见行星\n\n【时间信息】\n  • 日落：10:18\n  • 日出：22:28\n"}], "
2026-03-13 15:16:42 - AstroAgent - INFO - ✅ 对话已存入记忆 | 助手响应长度：157 字符
2026-03-13 15:16:42 - AstroAgent - INFO - 
=== 处理用户查询：请告诉我未来一周的天象 ===
2026-03-13 15:16:46 - AstroAgent - DEBUG - 调用工具 get_weekly_events，处理后的参数: {'start_date': '2026-03-13'}
2026-03-13 15:16:46 - AstroAgent - DEBUG - 工具响应: {"jsonrpc": "2.0", "id": 1773386206839, "result": {"content": [{"type": "text", "text": "🌌 **2026-03-13 至 2026-03-19 一周天象预报**\n\n本周没有特殊天象。\n但你可以关注日常可见的行星和月相变化。\n\n🌙 **本周月相变化**\n• 2026-03-13: 🌗 下弦月\n• 
2026-03-13 15:17:16 - AstroAgent - INFO - ✅ 对话已存入记忆 | 助手响应长度：302 字符
2026-03-13 15:17:16 - AstroAgent - INFO - 
=== 处理用户查询：请告诉我本月的天象 ===
2026-03-13 15:17:31 - AstroAgent - DEBUG - 调用工具 get_weekly_events，处理后的参数: {'start_date': '2026-03-13'}
2026-03-13 15:17:31 - AstroAgent - DEBUG - 工具响应: {"jsonrpc": "2.0", "id": 1773386251761, "result": {"content": [{"type": "text", "text": "🌌 **2026-03-13 至 2026-03-19 一周天象预报**\n\n本周没有特殊天象。\n但你可以关注日常可见的行星和月相变化。\n\n🌙 **本周月相变化**\n• 2026-03-13: 🌗 下弦月\n• 
2026-03-13 15:17:49 - AstroAgent - INFO - ✅ 对话已存入记忆 | 助手响应长度：277 字符
2026-03-13 15:17:49 - AstroAgent - INFO - 
=== 处理用户查询：请告诉我2026年8月的天象 ===
2026-03-13 15:17:57 - AstroAgent - DEBUG - 调用工具 get_weekly_events，处理后的参数: {'start_date': '2026-08-01'}
2026-03-13 15:17:58 - AstroAgent - DEBUG - 工具响应: {"jsonrpc": "2.0", "id": 1773386277974, "result": {"content": [{"type": "text", "text": "🌌 **2026-08-01 至 2026-08-07 一周天象预报**\n\n本周没有特殊天象。\n但你可以关注日常可见的行星和月相变化。\n\n🌙 **本周月相变化**\n• 2026-08-01: 🌖 亏凸月\n• 
2026-03-13 15:18:20 - AstroAgent - INFO - ✅ 对话已存入记忆 | 助手响应长度：210 字符
